/*
 Navicat Premium Data Transfer

 Source Server         : localhost_3306
 Source Server Type    : MySQL
 Source Server Version : 80023
 Source Host           : localhost:3306
 Source Schema         : ry-vue

 Target Server Type    : MySQL
 Target Server Version : 80023
 File Encoding         : 65001

 Date: 08/12/2021 09:53:44
*/

SET NAMES utf8mb4;
SET FOREIGN_KEY_CHECKS = 0;

-- ----------------------------
-- Table structure for gen_table
-- ----------------------------
DROP TABLE IF EXISTS `gen_table`;
CREATE TABLE `gen_table`  (
  `table_id` bigint NOT NULL AUTO_INCREMENT COMMENT '编号',
  `table_name` varchar(200) CHARACTER SET utf8 COLLATE utf8_general_ci NULL DEFAULT '' COMMENT '表名称',
  `table_comment` varchar(500) CHARACTER SET utf8 COLLATE utf8_general_ci NULL DEFAULT '' COMMENT '表描述',
  `sub_table_name` varchar(64) CHARACTER SET utf8 COLLATE utf8_general_ci NULL DEFAULT NULL COMMENT '关联子表的表名',
  `sub_table_fk_name` varchar(64) CHARACTER SET utf8 COLLATE utf8_general_ci NULL DEFAULT NULL COMMENT '子表关联的外键名',
  `class_name` varchar(100) CHARACTER SET utf8 COLLATE utf8_general_ci NULL DEFAULT '' COMMENT '实体类名称',
  `tpl_category` varchar(200) CHARACTER SET utf8 COLLATE utf8_general_ci NULL DEFAULT 'crud' COMMENT '使用的模板（crud单表操作 tree树表操作）',
  `package_name` varchar(100) CHARACTER SET utf8 COLLATE utf8_general_ci NULL DEFAULT NULL COMMENT '生成包路径',
  `module_name` varchar(30) CHARACTER SET utf8 COLLATE utf8_general_ci NULL DEFAULT NULL COMMENT '生成模块名',
  `business_name` varchar(30) CHARACTER SET utf8 COLLATE utf8_general_ci NULL DEFAULT NULL COMMENT '生成业务名',
  `function_name` varchar(50) CHARACTER SET utf8 COLLATE utf8_general_ci NULL DEFAULT NULL COMMENT '生成功能名',
  `function_author` varchar(50) CHARACTER SET utf8 COLLATE utf8_general_ci NULL DEFAULT NULL COMMENT '生成功能作者',
  `gen_type` char(1) CHARACTER SET utf8 COLLATE utf8_general_ci NULL DEFAULT '0' COMMENT '生成代码方式（0zip压缩包 1自定义路径）',
  `gen_path` varchar(200) CHARACTER SET utf8 COLLATE utf8_general_ci NULL DEFAULT '/' COMMENT '生成路径（不填默认项目路径）',
  `options` varchar(1000) CHARACTER SET utf8 COLLATE utf8_general_ci NULL DEFAULT NULL COMMENT '其它生成选项',
  `create_by` varchar(64) CHARACTER SET utf8 COLLATE utf8_general_ci NULL DEFAULT '' COMMENT '创建者',
  `create_time` datetime NULL DEFAULT NULL COMMENT '创建时间',
  `update_by` varchar(64) CHARACTER SET utf8 COLLATE utf8_general_ci NULL DEFAULT '' COMMENT '更新者',
  `update_time` datetime NULL DEFAULT NULL COMMENT '更新时间',
  `remark` varchar(500) CHARACTER SET utf8 COLLATE utf8_general_ci NULL DEFAULT NULL COMMENT '备注',
  PRIMARY KEY (`table_id`) USING BTREE
) ENGINE = InnoDB AUTO_INCREMENT = 12 CHARACTER SET = utf8 COLLATE = utf8_general_ci COMMENT = '代码生成业务表' ROW_FORMAT = Dynamic;

-- ----------------------------
-- Records of gen_table
-- ----------------------------
INSERT INTO `gen_table` VALUES (2, 'wz_wz', '物资信息表', '', '', 'WzWz', 'crud', 'com.ruoyi.wzwz', 'wzwz', 'wzwz', '物资资料', 'sonder', '0', '/', '{\"parentMenuId\":\"2000\"}', 'admin', '2021-11-13 20:58:29', '', '2021-11-14 20:53:51', '物资资料管理');
INSERT INTO `gen_table` VALUES (3, 'wz_ck', '仓库信息表', NULL, NULL, 'WzCk', 'crud', 'com.ruoyi.wzck', 'wzck', 'wzck', '仓库信息', 'sonder', '0', '/', '{\"parentMenuId\":\"2000\"}', 'admin', '2021-11-14 12:51:34', '', '2021-11-14 20:54:26', '管理仓库信息');
INSERT INTO `gen_table` VALUES (4, 'wz_cl', '车辆信息表', NULL, NULL, 'WzCl', 'crud', 'com.ruoyi.wzcl', 'wzcl', 'wzcl', '车辆信息表', 'sonder', '0', '/', '{\"parentMenuId\":\"2000\"}', 'admin', '2021-11-14 12:51:34', '', '2021-11-14 20:55:09', '管理车辆信息');
INSERT INTO `gen_table` VALUES (5, 'wz_ff', '物资发放', NULL, NULL, 'WzFf', 'crud', 'com.ruoyi.wzff', 'wzff', 'wzff', '物资发放', 'sonder', '0', '/', '{\"parentMenuId\":\"4\"}', 'admin', '2021-11-14 12:51:34', '', '2021-11-14 21:00:08', '物资发放管理');
INSERT INTO `gen_table` VALUES (6, 'wz_kc', '物资库存', NULL, NULL, 'WzKc', 'crud', 'com.ruoyi.wzkc', 'wzkc', 'wzkc', '物资库存', 'sonder', '0', '/', '{\"parentMenuId\":\"4\"}', 'admin', '2021-11-14 12:51:34', '', '2021-11-14 21:01:08', '物资库存管理');
INSERT INTO `gen_table` VALUES (7, 'wz_ly', '物资来源', NULL, NULL, 'WzLy', 'crud', 'com.ruoyi.wzly', 'wzly', 'wzly', '物资来源', 'sonder', '0', '/', '{\"parentMenuId\":\"2000\"}', 'admin', '2021-11-14 12:51:34', '', '2021-11-14 21:02:15', '物资来源信息');
INSERT INTO `gen_table` VALUES (8, 'wz_mx', '明细', NULL, NULL, 'WzMx', 'crud', 'com.ruoyi.wzmx', 'wzmx', 'wzmx', '物资明细', 'sonder', '0', '/', '{\"parentMenuId\":\"4\"}', 'admin', '2021-11-14 12:51:34', '', '2021-11-16 12:46:44', '物资明细表');
INSERT INTO `gen_table` VALUES (9, 'wz_qc', '物资去处', '', '', 'WzQc', 'crud', 'com.ruoyi.wzqc', 'wzqc', 'wzqc', '物资流向', 'sonder', '0', '/', '{\"parentMenuId\":\"2000\"}', 'admin', '2021-11-14 12:51:34', '', '2021-11-14 21:10:03', '物资流向信息');
INSERT INTO `gen_table` VALUES (10, 'wz_rk', '物资入库', NULL, NULL, 'WzRk', 'crud', 'com.ruoyi.wzrk', 'wzrk', 'wzrk', '物资入库表', 'ruoyi', '0', '/', '{\"parentMenuId\":\"4\"}', 'admin', '2021-11-14 12:51:34', '', '2021-11-14 21:11:09', '物资入库管理');
INSERT INTO `gen_table` VALUES (11, 'wz_rz', '物资日志', NULL, NULL, 'WzRz', 'crud', 'com.ruoyi.wzrz', 'wzrz', 'wzrz', '物资日志', 'sonder', '0', '/', '{\"parentMenuId\":\"108\"}', 'admin', '2021-11-14 12:51:34', '', '2021-11-14 21:11:00', '物资日志信息管理');
INSERT INTO `gen_table` VALUES (12, 'wz_ys', '物资运输', NULL, NULL, 'WzYs', 'crud', 'com.ruoyi.wzys', 'wzys', 'wzys', '物资运输', 'ruoyi', '0', '/', '{\"parentMenuId\":\"4\"}', 'admin', '2021-11-14 12:51:34', '', '2021-11-14 21:09:45', '物资运输管理');

-- ----------------------------
-- Table structure for gen_table_column
-- ----------------------------
DROP TABLE IF EXISTS `gen_table_column`;
CREATE TABLE `gen_table_column`  (
  `column_id` bigint NOT NULL AUTO_INCREMENT COMMENT '编号',
  `table_id` varchar(64) CHARACTER SET utf8 COLLATE utf8_general_ci NULL DEFAULT NULL COMMENT '归属表编号',
  `column_name` varchar(200) CHARACTER SET utf8 COLLATE utf8_general_ci NULL DEFAULT NULL COMMENT '列名称',
  `column_comment` varchar(500) CHARACTER SET utf8 COLLATE utf8_general_ci NULL DEFAULT NULL COMMENT '列描述',
  `column_type` varchar(100) CHARACTER SET utf8 COLLATE utf8_general_ci NULL DEFAULT NULL COMMENT '列类型',
  `java_type` varchar(500) CHARACTER SET utf8 COLLATE utf8_general_ci NULL DEFAULT NULL COMMENT 'JAVA类型',
  `java_field` varchar(200) CHARACTER SET utf8 COLLATE utf8_general_ci NULL DEFAULT NULL COMMENT 'JAVA字段名',
  `is_pk` char(1) CHARACTER SET utf8 COLLATE utf8_general_ci NULL DEFAULT NULL COMMENT '是否主键（1是）',
  `is_increment` char(1) CHARACTER SET utf8 COLLATE utf8_general_ci NULL DEFAULT NULL COMMENT '是否自增（1是）',
  `is_required` char(1) CHARACTER SET utf8 COLLATE utf8_general_ci NULL DEFAULT NULL COMMENT '是否必填（1是）',
  `is_insert` char(1) CHARACTER SET utf8 COLLATE utf8_general_ci NULL DEFAULT NULL COMMENT '是否为插入字段（1是）',
  `is_edit` char(1) CHARACTER SET utf8 COLLATE utf8_general_ci NULL DEFAULT NULL COMMENT '是否编辑字段（1是）',
  `is_list` char(1) CHARACTER SET utf8 COLLATE utf8_general_ci NULL DEFAULT NULL COMMENT '是否列表字段（1是）',
  `is_query` char(1) CHARACTER SET utf8 COLLATE utf8_general_ci NULL DEFAULT NULL COMMENT '是否查询字段（1是）',
  `query_type` varchar(200) CHARACTER SET utf8 COLLATE utf8_general_ci NULL DEFAULT 'EQ' COMMENT '查询方式（等于、不等于、大于、小于、范围）',
  `html_type` varchar(200) CHARACTER SET utf8 COLLATE utf8_general_ci NULL DEFAULT NULL COMMENT '显示类型（文本框、文本域、下拉框、复选框、单选框、日期控件）',
  `dict_type` varchar(200) CHARACTER SET utf8 COLLATE utf8_general_ci NULL DEFAULT '' COMMENT '字典类型',
  `sort` int NULL DEFAULT NULL COMMENT '排序',
  `create_by` varchar(64) CHARACTER SET utf8 COLLATE utf8_general_ci NULL DEFAULT '' COMMENT '创建者',
  `create_time` datetime NULL DEFAULT NULL COMMENT '创建时间',
  `update_by` varchar(64) CHARACTER SET utf8 COLLATE utf8_general_ci NULL DEFAULT '' COMMENT '更新者',
  `update_time` datetime NULL DEFAULT NULL COMMENT '更新时间',
  PRIMARY KEY (`column_id`) USING BTREE
) ENGINE = InnoDB AUTO_INCREMENT = 96 CHARACTER SET = utf8 COLLATE = utf8_general_ci COMMENT = '代码生成业务表字段' ROW_FORMAT = Dynamic;

-- ----------------------------
-- Records of gen_table_column
-- ----------------------------
INSERT INTO `gen_table_column` VALUES (5, '2', 'id', '物资编号', 'int', 'Integer', 'id', '1', '1', NULL, '1', NULL, NULL, NULL, 'EQ', 'input', '', 1, 'admin', '2021-11-13 20:58:29', '', '2021-11-14 20:53:51');
INSERT INTO `gen_table_column` VALUES (6, '2', 'wz_tp', '物资图片', 'varchar(255)', 'String', 'wzTp', '0', '0', NULL, '1', '1', '1', NULL, 'EQ', 'imageUpload', '', 2, 'admin', '2021-11-13 20:58:29', '', '2021-11-14 20:53:51');
INSERT INTO `gen_table_column` VALUES (7, '2', 'wz_name', '物资名称', 'varchar(50)', 'String', 'wzName', '0', '0', '1', '1', '1', '1', '1', 'LIKE', 'input', '', 3, 'admin', '2021-11-13 20:58:29', '', '2021-11-14 20:53:51');
INSERT INTO `gen_table_column` VALUES (8, '2', 'wz_gg', '规格', 'varchar(20)', 'String', 'wzGg', '0', '0', '1', '1', '1', '1', NULL, 'EQ', 'input', '', 4, 'admin', '2021-11-13 20:58:29', '', '2021-11-14 20:53:51');
INSERT INTO `gen_table_column` VALUES (9, '2', 'wz_dw', '单位', 'varchar(20)', 'String', 'wzDw', '0', '0', '1', '1', '1', '1', NULL, 'EQ', 'input', '', 5, 'admin', '2021-11-13 20:58:29', '', '2021-11-14 20:53:51');
INSERT INTO `gen_table_column` VALUES (10, '2', 'wz_time', '创建时间', 'date', 'Date', 'wzTime', '0', '0', '1', '1', '1', '1', '1', 'BETWEEN', 'datetime', '', 6, 'admin', '2021-11-13 20:58:29', '', '2021-11-14 20:53:51');
INSERT INTO `gen_table_column` VALUES (11, '2', 'wz_bz', '备注', 'varchar(255)', 'String', 'wzBz', '0', '0', NULL, '1', '1', '1', NULL, 'EQ', 'textarea', '', 7, 'admin', '2021-11-13 20:58:29', '', '2021-11-14 20:53:51');
INSERT INTO `gen_table_column` VALUES (12, '3', 'id', '仓库id', 'int', 'Integer', 'id', '1', '1', NULL, '1', NULL, NULL, NULL, 'EQ', 'input', '', 1, 'admin', '2021-11-14 12:51:34', '', '2021-11-14 20:54:26');
INSERT INTO `gen_table_column` VALUES (13, '3', 'ck_name', '仓库名', 'varchar(50)', 'String', 'ckName', '0', '0', '1', '1', '1', '1', '1', 'LIKE', 'input', '', 2, 'admin', '2021-11-14 12:51:34', '', '2021-11-14 20:54:26');
INSERT INTO `gen_table_column` VALUES (14, '3', 'ck_dz', '仓库地址', 'varchar(255)', 'String', 'ckDz', '0', '0', '1', '1', '1', '1', NULL, 'EQ', 'input', '', 3, 'admin', '2021-11-14 12:51:34', '', '2021-11-14 20:54:26');
INSERT INTO `gen_table_column` VALUES (15, '3', 'ck_lx', '联系人', 'varchar(20)', 'String', 'ckLx', '0', '0', '1', '1', '1', '1', NULL, 'EQ', 'input', '', 4, 'admin', '2021-11-14 12:51:34', '', '2021-11-14 20:54:26');
INSERT INTO `gen_table_column` VALUES (16, '3', 'ck_dh', '电话', 'varchar(40)', 'String', 'ckDh', '0', '0', '1', '1', '1', '1', NULL, 'EQ', 'input', '', 5, 'admin', '2021-11-14 12:51:34', '', '2021-11-14 20:54:26');
INSERT INTO `gen_table_column` VALUES (17, '3', 'ck_bz', '备注', 'varchar(255)', 'String', 'ckBz', '0', '0', NULL, '1', '1', '1', NULL, 'EQ', 'textarea', '', 6, 'admin', '2021-11-14 12:51:34', '', '2021-11-14 20:54:26');
INSERT INTO `gen_table_column` VALUES (18, '4', 'id', '车辆Id', 'int', 'Integer', 'id', '1', '1', NULL, '1', NULL, NULL, NULL, 'EQ', 'input', '', 1, 'admin', '2021-11-14 12:51:34', '', '2021-11-14 20:55:09');
INSERT INTO `gen_table_column` VALUES (19, '4', 'cl_cph', '车牌号', 'varchar(50)', 'String', 'clCph', '0', '0', '1', '1', '1', '1', '1', 'EQ', 'input', '', 2, 'admin', '2021-11-14 12:51:34', '', '2021-11-14 20:55:09');
INSERT INTO `gen_table_column` VALUES (20, '4', 'cl_type', '车辆种类', 'varchar(20)', 'String', 'clType', '0', '0', '1', '1', '1', '1', NULL, 'EQ', 'select', '', 3, 'admin', '2021-11-14 12:51:34', '', '2021-11-14 20:55:09');
INSERT INTO `gen_table_column` VALUES (21, '4', 'cl_pp', '车辆品牌', 'varchar(20)', 'String', 'clPp', '0', '0', '1', '1', '1', '1', NULL, 'EQ', 'input', '', 4, 'admin', '2021-11-14 12:51:34', '', '2021-11-14 20:55:09');
INSERT INTO `gen_table_column` VALUES (22, '4', 'cl_lx', '联系人', 'varchar(20)', 'String', 'clLx', '0', '0', '1', '1', '1', '1', NULL, 'EQ', 'input', '', 5, 'admin', '2021-11-14 12:51:34', '', '2021-11-14 20:55:09');
INSERT INTO `gen_table_column` VALUES (23, '4', 'cl_lxfs', '联系方式', 'varchar(50)', 'String', 'clLxfs', '0', '0', '1', '1', '1', '1', NULL, 'EQ', 'input', '', 6, 'admin', '2021-11-14 12:51:34', '', '2021-11-14 20:55:09');
INSERT INTO `gen_table_column` VALUES (24, '4', 'cl_bz', '备注', 'varchar(255)', 'String', 'clBz', '0', '0', NULL, '1', '1', '1', NULL, 'EQ', 'textarea', '', 7, 'admin', '2021-11-14 12:51:34', '', '2021-11-14 20:55:09');
INSERT INTO `gen_table_column` VALUES (25, '5', 'id', '物资发放id', 'int', 'Long', 'id', '1', '1', NULL, '1', NULL, NULL, NULL, 'EQ', 'input', '', 1, 'admin', '2021-11-14 12:51:34', '', '2021-11-14 21:00:08');
INSERT INTO `gen_table_column` VALUES (26, '5', 'ff_dh', '发放单号', 'varchar(50)', 'String', 'ffDh', '0', '0', '1', '1', '1', '1', '1', 'EQ', 'input', '', 2, 'admin', '2021-11-14 12:51:34', '', '2021-11-14 21:00:08');
INSERT INTO `gen_table_column` VALUES (27, '5', 'ff_type', '发放类型', 'varchar(20)', 'String', 'ffType', '0', '0', '1', '1', '1', '1', '1', 'EQ', 'select', 'wz_lqnx', 3, 'admin', '2021-11-14 12:51:34', '', '2021-11-14 21:00:08');
INSERT INTO `gen_table_column` VALUES (28, '5', 'ff_cd', '紧急程度', 'varchar(50)', 'String', 'ffCd', '0', '0', '1', '1', '1', '1', NULL, 'EQ', 'input', '', 4, 'admin', '2021-11-14 12:51:34', '', '2021-11-14 21:00:08');
INSERT INTO `gen_table_column` VALUES (29, '5', 'ff_sh', '收货方', 'int', 'Long', 'ffSh', '0', '0', '1', '1', '1', '1', NULL, 'EQ', 'input', '', 5, 'admin', '2021-11-14 12:51:34', '', '2021-11-14 21:00:08');
INSERT INTO `gen_table_column` VALUES (30, '5', 'ff_num', '数量', 'int', 'Long', 'ffNum', '0', '0', '1', '1', '1', '1', NULL, 'EQ', 'input', '', 6, 'admin', '2021-11-14 12:51:34', '', '2021-11-14 21:00:08');
INSERT INTO `gen_table_column` VALUES (31, '5', 'ff_lx', '联系方式', 'varchar(50)', 'String', 'ffLx', '0', '0', '1', '1', '1', '1', NULL, 'EQ', 'input', '', 7, 'admin', '2021-11-14 12:51:34', '', '2021-11-14 21:00:08');
INSERT INTO `gen_table_column` VALUES (32, '5', 'ff_zt', '状态', 'varchar(20)', 'String', 'ffZt', '0', '0', '1', '1', '1', '1', '1', 'EQ', 'select', 'wz_ckzt', 8, 'admin', '2021-11-14 12:51:34', '', '2021-11-14 21:00:08');
INSERT INTO `gen_table_column` VALUES (33, '5', 'ff_czy', '操作员', 'varbinary(50)', 'String', 'ffCzy', '0', '0', NULL, '1', '1', '1', NULL, 'EQ', 'input', '', 9, 'admin', '2021-11-14 12:51:34', '', '2021-11-14 21:00:08');
INSERT INTO `gen_table_column` VALUES (34, '5', 'ff_time', '发放时间', 'date', 'Date', 'ffTime', '0', '0', '1', '1', '1', '1', '1', 'BETWEEN', 'datetime', '', 10, 'admin', '2021-11-14 12:51:34', '', '2021-11-14 21:00:08');
INSERT INTO `gen_table_column` VALUES (35, '5', 'ff_bz', '备注', 'varchar(255)', 'String', 'ffBz', '0', '0', NULL, '1', '1', '1', NULL, 'EQ', 'textarea', '', 11, 'admin', '2021-11-14 12:51:34', '', '2021-11-14 21:00:08');
INSERT INTO `gen_table_column` VALUES (36, '6', 'id', '库存id', 'int', 'Integer', 'id', '1', '1', NULL, '1', NULL, NULL, NULL, 'EQ', 'input', '', 1, 'admin', '2021-11-14 12:51:34', '', '2021-11-14 21:01:08');
INSERT INTO `gen_table_column` VALUES (37, '6', 'ck_ckid', '仓库id', 'int', 'Integer', 'ckCkid', '0', '0', '1', '1', '1', '1', '1', 'EQ', 'input', '', 2, 'admin', '2021-11-14 12:51:34', '', '2021-11-14 21:01:08');
INSERT INTO `gen_table_column` VALUES (38, '6', 'kc_wzid', '物资id', 'int', 'Integer', 'kcWzid', '0', '0', '1', '1', '1', '1', '1', 'EQ', 'input', '', 3, 'admin', '2021-11-14 12:51:34', '', '2021-11-14 21:01:08');
INSERT INTO `gen_table_column` VALUES (39, '6', 'num', '数量', 'int', 'Integer', 'num', '0', '0', '1', '1', '1', '1', NULL, 'EQ', 'input', '', 4, 'admin', '2021-11-14 12:51:34', '', '2021-11-14 21:01:08');
INSERT INTO `gen_table_column` VALUES (40, '7', 'id', '来源id', 'int', 'Integer', 'id', '1', '1', NULL, '1', NULL, NULL, NULL, 'EQ', 'input', '', 1, 'admin', '2021-11-14 12:51:34', '', '2021-11-14 21:02:15');
INSERT INTO `gen_table_column` VALUES (41, '7', 'ly_sf', '省份', 'varchar(20)', 'String', 'lySf', '0', '0', '1', '1', '1', '1', NULL, 'EQ', 'input', '', 2, 'admin', '2021-11-14 12:51:34', '', '2021-11-14 21:02:15');
INSERT INTO `gen_table_column` VALUES (42, '7', 'ly_s', '市', 'varchar(20)', 'String', 'lyS', '0', '0', '1', '1', '1', '1', NULL, 'EQ', 'input', '', 3, 'admin', '2021-11-14 12:51:34', '', '2021-11-14 21:02:15');
INSERT INTO `gen_table_column` VALUES (43, '7', 'ly_qx', '区县', 'varchar(20)', 'String', 'lyQx', '0', '0', '1', '1', '1', '1', NULL, 'EQ', 'input', '', 4, 'admin', '2021-11-14 12:51:34', '', '2021-11-14 21:02:15');
INSERT INTO `gen_table_column` VALUES (44, '7', 'ly_xx', '详细地址', 'varchar(50)', 'String', 'lyXx', '0', '0', '1', '1', '1', '1', NULL, 'EQ', 'input', '', 5, 'admin', '2021-11-14 12:51:34', '', '2021-11-14 21:02:15');
INSERT INTO `gen_table_column` VALUES (45, '7', 'ly_time', '创建时间', 'date', 'Date', 'lyTime', '0', '0', '1', '1', '1', '1', '1', 'BETWEEN', 'datetime', '', 6, 'admin', '2021-11-14 12:51:34', '', '2021-11-14 21:02:15');
INSERT INTO `gen_table_column` VALUES (46, '7', 'ly_yx', '邮箱', 'varchar(50)', 'String', 'lyYx', '0', '0', '1', '1', '1', '1', NULL, 'EQ', 'input', '', 7, 'admin', '2021-11-14 12:51:34', '', '2021-11-14 21:02:15');
INSERT INTO `gen_table_column` VALUES (47, '7', 'ly_lx', '联系人', 'varchar(30)', 'String', 'lyLx', '0', '0', '1', '1', '1', '1', NULL, 'EQ', 'input', '', 8, 'admin', '2021-11-14 12:51:34', '', '2021-11-14 21:02:15');
INSERT INTO `gen_table_column` VALUES (48, '7', 'ly_dh', '电话', 'varchar(50)', 'String', 'lyDh', '0', '0', '1', '1', '1', '1', NULL, 'EQ', 'input', '', 9, 'admin', '2021-11-14 12:51:34', '', '2021-11-14 21:02:15');
INSERT INTO `gen_table_column` VALUES (49, '8', 'id', '明细id', 'int', 'Integer', 'id', '1', '1', NULL, '1', NULL, NULL, NULL, 'EQ', 'input', '', 1, 'admin', '2021-11-14 12:51:34', '', '2021-11-16 12:46:44');
INSERT INTO `gen_table_column` VALUES (50, '8', 'mx_dh', '单号', 'varchar(50)', 'String', 'mxDh', '0', '0', '1', '1', '1', '1', '1', 'EQ', 'input', '', 2, 'admin', '2021-11-14 12:51:34', '', '2021-11-16 12:46:44');
INSERT INTO `gen_table_column` VALUES (51, '8', 'mx_mc', '物资名称', 'varchar(50)', 'String', 'mxMc', '0', '0', '1', '1', '1', '1', '1', 'EQ', 'input', '', 3, 'admin', '2021-11-14 12:51:34', '', '2021-11-16 12:46:44');
INSERT INTO `gen_table_column` VALUES (52, '8', 'mx_spid', '商品id', 'int', 'Integer', 'mxSpid', '0', '0', '1', '1', '1', '1', '1', 'EQ', 'input', '', 4, 'admin', '2021-11-14 12:51:34', '', '2021-11-16 12:46:44');
INSERT INTO `gen_table_column` VALUES (53, '8', 'mx_gg', '规格', 'varchar(20)', 'String', 'mxGg', '0', '0', '1', '1', '1', '1', NULL, 'EQ', 'input', '', 5, 'admin', '2021-11-14 12:51:34', '', '2021-11-16 12:46:44');
INSERT INTO `gen_table_column` VALUES (54, '8', 'mx_tp', '图片', 'varchar(255)', 'String', 'mxTp', '0', '0', '1', '1', '1', '1', NULL, 'EQ', 'input', '', 6, 'admin', '2021-11-14 12:51:34', '', '2021-11-16 12:46:44');
INSERT INTO `gen_table_column` VALUES (55, '8', 'mx_num', '数量', 'int', 'Integer', 'mxNum', '0', '0', '1', '1', '1', '1', NULL, 'EQ', 'input', '', 7, 'admin', '2021-11-14 12:51:34', '', '2021-11-16 12:46:44');
INSERT INTO `gen_table_column` VALUES (56, '8', 'mx_dw', '单位', 'varchar(20)', 'String', 'mxDw', '0', '0', '1', '1', '1', '1', NULL, 'EQ', 'input', '', 8, 'admin', '2021-11-14 12:51:34', '', '2021-11-16 12:46:44');
INSERT INTO `gen_table_column` VALUES (57, '8', 'mx_type', '类型', 'varchar(20)', 'Integer', 'mxType', '0', '0', '1', '1', '1', '1', '1', 'EQ', 'select', 'wz_mxnx', 9, 'admin', '2021-11-14 12:51:34', '', '2021-11-16 12:46:44');
INSERT INTO `gen_table_column` VALUES (58, '9', 'id', '去处id', 'int', 'Integer', 'id', '1', '1', NULL, '1', NULL, NULL, NULL, 'EQ', 'input', '', 1, 'admin', '2021-11-14 12:51:34', '', '2021-11-14 21:10:03');
INSERT INTO `gen_table_column` VALUES (59, '9', 'qc_sf', '省份', 'varchar(20)', 'String', 'qcSf', '0', '0', '1', '1', '1', '1', NULL, 'EQ', 'input', '', 2, 'admin', '2021-11-14 12:51:34', '', '2021-11-14 21:10:03');
INSERT INTO `gen_table_column` VALUES (60, '9', 'qc_s', '市', 'varchar(20)', 'String', 'qcS', '0', '0', '1', '1', '1', '1', NULL, 'EQ', 'input', '', 3, 'admin', '2021-11-14 12:51:34', '', '2021-11-14 21:10:03');
INSERT INTO `gen_table_column` VALUES (61, '9', 'qc_qx', '区县', 'varchar(20)', 'String', 'qcQx', '0', '0', '1', '1', '1', '1', NULL, 'EQ', 'input', '', 4, 'admin', '2021-11-14 12:51:34', '', '2021-11-14 21:10:03');
INSERT INTO `gen_table_column` VALUES (62, '9', 'qc_dz', '详细地址', 'varchar(50)', 'String', 'qcDz', '0', '0', '1', '1', '1', '1', NULL, 'EQ', 'input', '', 5, 'admin', '2021-11-14 12:51:34', '', '2021-11-14 21:10:03');
INSERT INTO `gen_table_column` VALUES (63, '9', 'qc_time', '创建时间', 'date', 'Date', 'qcTime', '0', '0', '1', '1', '1', '1', '1', 'BETWEEN', 'datetime', '', 6, 'admin', '2021-11-14 12:51:34', '', '2021-11-14 21:10:03');
INSERT INTO `gen_table_column` VALUES (64, '9', 'qc_lx', '联系人', 'varchar(30)', 'String', 'qcLx', '0', '0', '1', '1', '1', '1', NULL, 'EQ', 'input', '', 7, 'admin', '2021-11-14 12:51:34', '', '2021-11-14 21:10:03');
INSERT INTO `gen_table_column` VALUES (65, '9', 'qc_dh', '电话', 'varchar(20)', 'String', 'qcDh', '0', '0', NULL, '1', '1', '1', NULL, 'EQ', 'input', '', 8, 'admin', '2021-11-14 12:51:34', '', '2021-11-14 21:10:03');
INSERT INTO `gen_table_column` VALUES (66, '10', 'id', '入库id', 'int', 'Integer', 'id', '1', '1', NULL, '1', NULL, NULL, NULL, 'EQ', 'input', '', 1, 'admin', '2021-11-14 12:51:34', '', '2021-11-14 21:11:09');
INSERT INTO `gen_table_column` VALUES (67, '10', 'rk_dh', '电话', 'varchar(50)', 'String', 'rkDh', '0', '0', '1', '1', '1', '1', NULL, 'EQ', 'input', '', 2, 'admin', '2021-11-14 12:51:34', '', '2021-11-14 21:11:09');
INSERT INTO `gen_table_column` VALUES (68, '10', 'rk_type', '种类', 'varchar(20)', 'String', 'rkType', '0', '0', '1', '1', '1', '1', NULL, 'EQ', 'select', '', 3, 'admin', '2021-11-14 12:51:34', '', '2021-11-14 21:11:09');
INSERT INTO `gen_table_column` VALUES (69, '10', 'rk_sl', '数量', 'int', 'Integer', 'rkSl', '0', '0', '1', '1', '1', '1', NULL, 'EQ', 'input', '', 4, 'admin', '2021-11-14 12:51:34', '', '2021-11-14 21:11:09');
INSERT INTO `gen_table_column` VALUES (70, '10', 'rk_fs', '联系方式', 'varchar(50)', 'String', 'rkFs', '0', '0', '1', '1', '1', '1', NULL, 'EQ', 'input', '', 5, 'admin', '2021-11-14 12:51:34', '', '2021-11-14 21:11:09');
INSERT INTO `gen_table_column` VALUES (71, '10', 'rk_zt', '状态', 'varchar(20)', 'String', 'rkZt', '0', '0', '1', '1', '1', '1', NULL, 'EQ', 'input', 'wz_rkzt', 6, 'admin', '2021-11-14 12:51:34', '', '2021-11-14 21:11:09');
INSERT INTO `gen_table_column` VALUES (72, '10', 'rk_czry', '操作员', 'varchar(50)', 'String', 'rkCzry', '0', '0', '1', '1', '1', '1', NULL, 'EQ', 'input', '', 7, 'admin', '2021-11-14 12:51:34', '', '2021-11-14 21:11:09');
INSERT INTO `gen_table_column` VALUES (73, '10', 'rk_tg', '物资提供方', 'int', 'Integer', 'rkTg', '0', '0', '1', '1', '1', '1', NULL, 'EQ', 'input', '', 8, 'admin', '2021-11-14 12:51:34', '', '2021-11-14 21:11:09');
INSERT INTO `gen_table_column` VALUES (74, '10', 'rk_time', '入库时间', 'date', 'Date', 'rkTime', '0', '0', '1', '1', '1', '1', '1', 'BETWEEN', 'datetime', '', 9, 'admin', '2021-11-14 12:51:34', '', '2021-11-14 21:11:09');
INSERT INTO `gen_table_column` VALUES (75, '10', 'rk_bz', '备注', 'varchar(255)', 'String', 'rkBz', '0', '0', NULL, '1', '1', '1', NULL, 'EQ', 'textarea', '', 10, 'admin', '2021-11-14 12:51:34', '', '2021-11-14 21:11:09');
INSERT INTO `gen_table_column` VALUES (76, '11', 'id', '日志id', 'int', 'Long', 'id', '1', '1', NULL, '1', NULL, NULL, NULL, 'EQ', 'input', '', 1, 'admin', '2021-11-14 12:51:34', '', '2021-11-14 21:11:00');
INSERT INTO `gen_table_column` VALUES (77, '11', 'rz_type', '日志种类', 'varchar(20)', 'String', 'rzType', '0', '0', '1', '1', '1', '1', '1', 'EQ', 'select', '', 2, 'admin', '2021-11-14 12:51:34', '', '2021-11-14 21:11:00');
INSERT INTO `gen_table_column` VALUES (78, '11', 'rz_ry', '操作人员', 'varchar(30)', 'String', 'rzRy', '0', '0', '1', '1', '1', '1', NULL, 'EQ', 'input', '', 3, 'admin', '2021-11-14 12:51:34', '', '2021-11-14 21:11:00');
INSERT INTO `gen_table_column` VALUES (79, '11', 'rz_dz', '操作地址', 'varchar(50)', 'String', 'rzDz', '0', '0', '1', '1', '1', '1', NULL, 'EQ', 'input', '', 4, 'admin', '2021-11-14 12:51:34', '', '2021-11-14 21:11:00');
INSERT INTO `gen_table_column` VALUES (80, '11', 'rz_dd', '操作地点', 'varchar(50)', 'String', 'rzDd', '0', '0', '1', '1', '1', '1', NULL, 'EQ', 'input', '', 5, 'admin', '2021-11-14 12:51:34', '', '2021-11-14 21:11:00');
INSERT INTO `gen_table_column` VALUES (81, '11', 'rz_zt', '操作状态', 'varchar(20)', 'String', 'rzZt', '0', '0', '1', '1', '1', '1', '1', 'EQ', 'input', '', 6, 'admin', '2021-11-14 12:51:34', '', '2021-11-14 21:11:00');
INSERT INTO `gen_table_column` VALUES (82, '11', 'rz_rq', '操作日期', 'date', 'Date', 'rzRq', '0', '0', '1', '1', '1', '1', '1', 'BETWEEN', 'datetime', '', 7, 'admin', '2021-11-14 12:51:34', '', '2021-11-14 21:11:00');
INSERT INTO `gen_table_column` VALUES (83, '11', 'rz_ms', '操作描述', 'varchar(255)', 'String', 'rzMs', '0', '0', NULL, '1', '1', '1', NULL, 'EQ', 'input', '', 8, 'admin', '2021-11-14 12:51:34', '', '2021-11-14 21:11:00');
INSERT INTO `gen_table_column` VALUES (84, '12', 'id', '运输id', 'int', 'Integer', 'id', '1', '1', NULL, '1', NULL, NULL, NULL, 'EQ', 'input', '', 1, 'admin', '2021-11-14 12:51:34', '', '2021-11-14 21:09:45');
INSERT INTO `gen_table_column` VALUES (85, '12', 'ys_dh', '运输单号', 'varchar(30)', 'String', 'ysDh', '0', '0', NULL, '1', '1', '1', '1', 'EQ', 'input', '', 2, 'admin', '2021-11-14 12:51:34', '', '2021-11-14 21:09:45');
INSERT INTO `gen_table_column` VALUES (86, '12', 'ys_lx', '运输路线', 'varchar(255)', 'String', 'ysLx', '0', '0', NULL, '1', '1', '1', NULL, 'EQ', 'input', '', 3, 'admin', '2021-11-14 12:51:34', '', '2021-11-14 21:09:45');
INSERT INTO `gen_table_column` VALUES (87, '12', 'ys_wz', '当前位置', 'varchar(255)', 'String', 'ysWz', '0', '0', NULL, '1', '1', '1', NULL, 'EQ', 'input', '', 4, 'admin', '2021-11-14 12:51:34', '', '2021-11-14 21:09:45');
INSERT INTO `gen_table_column` VALUES (88, '12', 'ys_fzr', '负责人', 'varchar(20)', 'String', 'ysFzr', '0', '0', NULL, '1', '1', '1', NULL, 'EQ', 'input', '', 5, 'admin', '2021-11-14 12:51:34', '', '2021-11-14 21:09:45');
INSERT INTO `gen_table_column` VALUES (89, '12', 'ys_lxfs', '联系方式', 'varchar(50)', 'String', 'ysLxfs', '0', '0', NULL, '1', '1', '1', NULL, 'EQ', 'input', '', 6, 'admin', '2021-11-14 12:51:34', '', '2021-11-14 21:09:45');
INSERT INTO `gen_table_column` VALUES (90, '12', 'ys_cl', '运输车辆', 'int', 'Integer', 'ysCl', '0', '0', NULL, '1', '1', '1', NULL, 'EQ', 'input', '', 7, 'admin', '2021-11-14 12:51:34', '', '2021-11-14 21:09:45');
INSERT INTO `gen_table_column` VALUES (91, '12', 'ys_ch', '出货仓库', 'int', 'Integer', 'ysCh', '0', '0', NULL, '1', '1', '1', '1', 'EQ', 'input', '', 8, 'admin', '2021-11-14 12:51:34', '', '2021-11-14 21:09:45');
INSERT INTO `gen_table_column` VALUES (92, '12', 'ys_rh', '入货仓库', 'int', 'Integer', 'ysRh', '0', '0', NULL, '1', '1', '1', '1', 'EQ', 'input', '', 9, 'admin', '2021-11-14 12:51:34', '', '2021-11-14 21:09:45');
INSERT INTO `gen_table_column` VALUES (93, '12', 'ys_qtime', '起送时间', 'date', 'Date', 'ysQtime', '0', '0', NULL, '1', '1', '1', '1', 'BETWEEN', 'datetime', '', 10, 'admin', '2021-11-14 12:51:34', '', '2021-11-14 21:09:45');
INSERT INTO `gen_table_column` VALUES (94, '12', 'ys_dtime', '到达时间', 'date', 'Date', 'ysDtime', '0', '0', NULL, '1', '1', '1', '1', 'EQ', 'datetime', '', 11, 'admin', '2021-11-14 12:51:34', '', '2021-11-14 21:09:45');
INSERT INTO `gen_table_column` VALUES (95, '12', 'ys_zt', '状态', 'varchar(20)', 'String', 'ysZt', '0', '0', NULL, '1', '1', '1', '1', 'EQ', 'input', 'wz_yszt', 12, 'admin', '2021-11-14 12:51:34', '', '2021-11-14 21:09:45');
INSERT INTO `gen_table_column` VALUES (96, '12', 'ys_bz', '备注', 'varchar(255)', 'String', 'ysBz', '0', '0', NULL, '1', '1', '1', NULL, 'EQ', 'textarea', '', 13, 'admin', '2021-11-14 12:51:34', '', '2021-11-14 21:09:45');

-- ----------------------------
-- Table structure for qrtz_blob_triggers
-- ----------------------------
DROP TABLE IF EXISTS `qrtz_blob_triggers`;
CREATE TABLE `qrtz_blob_triggers`  (
  `sched_name` varchar(120) CHARACTER SET utf8 COLLATE utf8_general_ci NOT NULL COMMENT '调度名称',
  `trigger_name` varchar(200) CHARACTER SET utf8 COLLATE utf8_general_ci NOT NULL COMMENT 'qrtz_triggers表trigger_name的外键',
  `trigger_group` varchar(200) CHARACTER SET utf8 COLLATE utf8_general_ci NOT NULL COMMENT 'qrtz_triggers表trigger_group的外键',
  `blob_data` blob NULL COMMENT '存放持久化Trigger对象',
  PRIMARY KEY (`sched_name`, `trigger_name`, `trigger_group`) USING BTREE,
  CONSTRAINT `qrtz_blob_triggers_ibfk_1` FOREIGN KEY (`sched_name`, `trigger_name`, `trigger_group`) REFERENCES `qrtz_triggers` (`sched_name`, `trigger_name`, `trigger_group`) ON DELETE RESTRICT ON UPDATE RESTRICT
) ENGINE = InnoDB CHARACTER SET = utf8 COLLATE = utf8_general_ci COMMENT = 'Blob类型的触发器表' ROW_FORMAT = Dynamic;

-- ----------------------------
-- Records of qrtz_blob_triggers
-- ----------------------------

-- ----------------------------
-- Table structure for qrtz_calendars
-- ----------------------------
DROP TABLE IF EXISTS `qrtz_calendars`;
CREATE TABLE `qrtz_calendars`  (
  `sched_name` varchar(120) CHARACTER SET utf8 COLLATE utf8_general_ci NOT NULL COMMENT '调度名称',
  `calendar_name` varchar(200) CHARACTER SET utf8 COLLATE utf8_general_ci NOT NULL COMMENT '日历名称',
  `calendar` blob NOT NULL COMMENT '存放持久化calendar对象',
  PRIMARY KEY (`sched_name`, `calendar_name`) USING BTREE
) ENGINE = InnoDB CHARACTER SET = utf8 COLLATE = utf8_general_ci COMMENT = '日历信息表' ROW_FORMAT = Dynamic;

-- ----------------------------
-- Records of qrtz_calendars
-- ----------------------------

-- ----------------------------
-- Table structure for qrtz_cron_triggers
-- ----------------------------
DROP TABLE IF EXISTS `qrtz_cron_triggers`;
CREATE TABLE `qrtz_cron_triggers`  (
  `sched_name` varchar(120) CHARACTER SET utf8 COLLATE utf8_general_ci NOT NULL COMMENT '调度名称',
  `trigger_name` varchar(200) CHARACTER SET utf8 COLLATE utf8_general_ci NOT NULL COMMENT 'qrtz_triggers表trigger_name的外键',
  `trigger_group` varchar(200) CHARACTER SET utf8 COLLATE utf8_general_ci NOT NULL COMMENT 'qrtz_triggers表trigger_group的外键',
  `cron_expression` varchar(200) CHARACTER SET utf8 COLLATE utf8_general_ci NOT NULL COMMENT 'cron表达式',
  `time_zone_id` varchar(80) CHARACTER SET utf8 COLLATE utf8_general_ci NULL DEFAULT NULL COMMENT '时区',
  PRIMARY KEY (`sched_name`, `trigger_name`, `trigger_group`) USING BTREE,
  CONSTRAINT `qrtz_cron_triggers_ibfk_1` FOREIGN KEY (`sched_name`, `trigger_name`, `trigger_group`) REFERENCES `qrtz_triggers` (`sched_name`, `trigger_name`, `trigger_group`) ON DELETE RESTRICT ON UPDATE RESTRICT
) ENGINE = InnoDB CHARACTER SET = utf8 COLLATE = utf8_general_ci COMMENT = 'Cron类型的触发器表' ROW_FORMAT = Dynamic;

-- ----------------------------
-- Records of qrtz_cron_triggers
-- ----------------------------
INSERT INTO `qrtz_cron_triggers` VALUES ('RuoyiScheduler', 'TASK_CLASS_NAME1', 'DEFAULT', '0/10 * * * * ?', 'Asia/Shanghai');
INSERT INTO `qrtz_cron_triggers` VALUES ('RuoyiScheduler', 'TASK_CLASS_NAME2', 'DEFAULT', '0/15 * * * * ?', 'Asia/Shanghai');
INSERT INTO `qrtz_cron_triggers` VALUES ('RuoyiScheduler', 'TASK_CLASS_NAME3', 'DEFAULT', '0/20 * * * * ?', 'Asia/Shanghai');

-- ----------------------------
-- Table structure for qrtz_fired_triggers
-- ----------------------------
DROP TABLE IF EXISTS `qrtz_fired_triggers`;
CREATE TABLE `qrtz_fired_triggers`  (
  `sched_name` varchar(120) CHARACTER SET utf8 COLLATE utf8_general_ci NOT NULL COMMENT '调度名称',
  `entry_id` varchar(95) CHARACTER SET utf8 COLLATE utf8_general_ci NOT NULL COMMENT '调度器实例id',
  `trigger_name` varchar(200) CHARACTER SET utf8 COLLATE utf8_general_ci NOT NULL COMMENT 'qrtz_triggers表trigger_name的外键',
  `trigger_group` varchar(200) CHARACTER SET utf8 COLLATE utf8_general_ci NOT NULL COMMENT 'qrtz_triggers表trigger_group的外键',
  `instance_name` varchar(200) CHARACTER SET utf8 COLLATE utf8_general_ci NOT NULL COMMENT '调度器实例名',
  `fired_time` bigint NOT NULL COMMENT '触发的时间',
  `sched_time` bigint NOT NULL COMMENT '定时器制定的时间',
  `priority` int NOT NULL COMMENT '优先级',
  `state` varchar(16) CHARACTER SET utf8 COLLATE utf8_general_ci NOT NULL COMMENT '状态',
  `job_name` varchar(200) CHARACTER SET utf8 COLLATE utf8_general_ci NULL DEFAULT NULL COMMENT '任务名称',
  `job_group` varchar(200) CHARACTER SET utf8 COLLATE utf8_general_ci NULL DEFAULT NULL COMMENT '任务组名',
  `is_nonconcurrent` varchar(1) CHARACTER SET utf8 COLLATE utf8_general_ci NULL DEFAULT NULL COMMENT '是否并发',
  `requests_recovery` varchar(1) CHARACTER SET utf8 COLLATE utf8_general_ci NULL DEFAULT NULL COMMENT '是否接受恢复执行',
  PRIMARY KEY (`sched_name`, `entry_id`) USING BTREE
) ENGINE = InnoDB CHARACTER SET = utf8 COLLATE = utf8_general_ci COMMENT = '已触发的触发器表' ROW_FORMAT = Dynamic;

-- ----------------------------
-- Records of qrtz_fired_triggers
-- ----------------------------

-- ----------------------------
-- Table structure for qrtz_job_details
-- ----------------------------
DROP TABLE IF EXISTS `qrtz_job_details`;
CREATE TABLE `qrtz_job_details`  (
  `sched_name` varchar(120) CHARACTER SET utf8 COLLATE utf8_general_ci NOT NULL COMMENT '调度名称',
  `job_name` varchar(200) CHARACTER SET utf8 COLLATE utf8_general_ci NOT NULL COMMENT '任务名称',
  `job_group` varchar(200) CHARACTER SET utf8 COLLATE utf8_general_ci NOT NULL COMMENT '任务组名',
  `description` varchar(250) CHARACTER SET utf8 COLLATE utf8_general_ci NULL DEFAULT NULL COMMENT '相关介绍',
  `job_class_name` varchar(250) CHARACTER SET utf8 COLLATE utf8_general_ci NOT NULL COMMENT '执行任务类名称',
  `is_durable` varchar(1) CHARACTER SET utf8 COLLATE utf8_general_ci NOT NULL COMMENT '是否持久化',
  `is_nonconcurrent` varchar(1) CHARACTER SET utf8 COLLATE utf8_general_ci NOT NULL COMMENT '是否并发',
  `is_update_data` varchar(1) CHARACTER SET utf8 COLLATE utf8_general_ci NOT NULL COMMENT '是否更新数据',
  `requests_recovery` varchar(1) CHARACTER SET utf8 COLLATE utf8_general_ci NOT NULL COMMENT '是否接受恢复执行',
  `job_data` blob NULL COMMENT '存放持久化job对象',
  PRIMARY KEY (`sched_name`, `job_name`, `job_group`) USING BTREE
) ENGINE = InnoDB CHARACTER SET = utf8 COLLATE = utf8_general_ci COMMENT = '任务详细信息表' ROW_FORMAT = Dynamic;

-- ----------------------------
-- Records of qrtz_job_details
-- ----------------------------
INSERT INTO `qrtz_job_details` VALUES ('RuoyiScheduler', 'TASK_CLASS_NAME1', 'DEFAULT', NULL, 'com.ruoyi.quartz.util.QuartzDisallowConcurrentExecution', '0', '1', '0', '0', 0xACED0005737200156F72672E71756172747A2E4A6F62446174614D61709FB083E8BFA9B0CB020000787200266F72672E71756172747A2E7574696C732E537472696E674B65794469727479466C61674D61708208E8C3FBC55D280200015A0013616C6C6F77735472616E7369656E74446174617872001D6F72672E71756172747A2E7574696C732E4469727479466C61674D617013E62EAD28760ACE0200025A000564697274794C00036D617074000F4C6A6176612F7574696C2F4D61703B787001737200116A6176612E7574696C2E486173684D61700507DAC1C31660D103000246000A6C6F6164466163746F724900097468726573686F6C6478703F4000000000000C7708000000100000000174000F5441534B5F50524F504552544945537372001E636F6D2E72756F79692E71756172747A2E646F6D61696E2E5379734A6F6200000000000000010200084C000A636F6E63757272656E747400124C6A6176612F6C616E672F537472696E673B4C000E63726F6E45787072657373696F6E71007E00094C000C696E766F6B6554617267657471007E00094C00086A6F6247726F757071007E00094C00056A6F6249647400104C6A6176612F6C616E672F4C6F6E673B4C00076A6F624E616D6571007E00094C000D6D697366697265506F6C69637971007E00094C000673746174757371007E000978720027636F6D2E72756F79692E636F6D6D6F6E2E636F72652E646F6D61696E2E42617365456E7469747900000000000000010200074C0008637265617465427971007E00094C000A63726561746554696D657400104C6A6176612F7574696C2F446174653B4C0006706172616D7371007E00034C000672656D61726B71007E00094C000B73656172636856616C756571007E00094C0008757064617465427971007E00094C000A75706461746554696D6571007E000C787074000561646D696E7372000E6A6176612E7574696C2E44617465686A81014B597419030000787077080000017D0EEBE38078707400007070707400013174000E302F3130202A202A202A202A203F74001172795461736B2E72794E6F506172616D7374000744454641554C547372000E6A6176612E6C616E672E4C6F6E673B8BE490CC8F23DF0200014A000576616C7565787200106A6176612E6C616E672E4E756D62657286AC951D0B94E08B02000078700000000000000001740018E7B3BBE7BB9FE9BB98E8AEA4EFBC88E697A0E58F82EFBC8974000133740001317800);
INSERT INTO `qrtz_job_details` VALUES ('RuoyiScheduler', 'TASK_CLASS_NAME2', 'DEFAULT', NULL, 'com.ruoyi.quartz.util.QuartzDisallowConcurrentExecution', '0', '1', '0', '0', 0xACED0005737200156F72672E71756172747A2E4A6F62446174614D61709FB083E8BFA9B0CB020000787200266F72672E71756172747A2E7574696C732E537472696E674B65794469727479466C61674D61708208E8C3FBC55D280200015A0013616C6C6F77735472616E7369656E74446174617872001D6F72672E71756172747A2E7574696C732E4469727479466C61674D617013E62EAD28760ACE0200025A000564697274794C00036D617074000F4C6A6176612F7574696C2F4D61703B787001737200116A6176612E7574696C2E486173684D61700507DAC1C31660D103000246000A6C6F6164466163746F724900097468726573686F6C6478703F4000000000000C7708000000100000000174000F5441534B5F50524F504552544945537372001E636F6D2E72756F79692E71756172747A2E646F6D61696E2E5379734A6F6200000000000000010200084C000A636F6E63757272656E747400124C6A6176612F6C616E672F537472696E673B4C000E63726F6E45787072657373696F6E71007E00094C000C696E766F6B6554617267657471007E00094C00086A6F6247726F757071007E00094C00056A6F6249647400104C6A6176612F6C616E672F4C6F6E673B4C00076A6F624E616D6571007E00094C000D6D697366697265506F6C69637971007E00094C000673746174757371007E000978720027636F6D2E72756F79692E636F6D6D6F6E2E636F72652E646F6D61696E2E42617365456E7469747900000000000000010200074C0008637265617465427971007E00094C000A63726561746554696D657400104C6A6176612F7574696C2F446174653B4C0006706172616D7371007E00034C000672656D61726B71007E00094C000B73656172636856616C756571007E00094C0008757064617465427971007E00094C000A75706461746554696D6571007E000C787074000561646D696E7372000E6A6176612E7574696C2E44617465686A81014B597419030000787077080000017D0EEBE38078707400007070707400013174000E302F3135202A202A202A202A203F74001572795461736B2E7279506172616D7328277279272974000744454641554C547372000E6A6176612E6C616E672E4C6F6E673B8BE490CC8F23DF0200014A000576616C7565787200106A6176612E6C616E672E4E756D62657286AC951D0B94E08B02000078700000000000000002740018E7B3BBE7BB9FE9BB98E8AEA4EFBC88E69C89E58F82EFBC8974000133740001317800);
INSERT INTO `qrtz_job_details` VALUES ('RuoyiScheduler', 'TASK_CLASS_NAME3', 'DEFAULT', NULL, 'com.ruoyi.quartz.util.QuartzDisallowConcurrentExecution', '0', '1', '0', '0', 0xACED0005737200156F72672E71756172747A2E4A6F62446174614D61709FB083E8BFA9B0CB020000787200266F72672E71756172747A2E7574696C732E537472696E674B65794469727479466C61674D61708208E8C3FBC55D280200015A0013616C6C6F77735472616E7369656E74446174617872001D6F72672E71756172747A2E7574696C732E4469727479466C61674D617013E62EAD28760ACE0200025A000564697274794C00036D617074000F4C6A6176612F7574696C2F4D61703B787001737200116A6176612E7574696C2E486173684D61700507DAC1C31660D103000246000A6C6F6164466163746F724900097468726573686F6C6478703F4000000000000C7708000000100000000174000F5441534B5F50524F504552544945537372001E636F6D2E72756F79692E71756172747A2E646F6D61696E2E5379734A6F6200000000000000010200084C000A636F6E63757272656E747400124C6A6176612F6C616E672F537472696E673B4C000E63726F6E45787072657373696F6E71007E00094C000C696E766F6B6554617267657471007E00094C00086A6F6247726F757071007E00094C00056A6F6249647400104C6A6176612F6C616E672F4C6F6E673B4C00076A6F624E616D6571007E00094C000D6D697366697265506F6C69637971007E00094C000673746174757371007E000978720027636F6D2E72756F79692E636F6D6D6F6E2E636F72652E646F6D61696E2E42617365456E7469747900000000000000010200074C0008637265617465427971007E00094C000A63726561746554696D657400104C6A6176612F7574696C2F446174653B4C0006706172616D7371007E00034C000672656D61726B71007E00094C000B73656172636856616C756571007E00094C0008757064617465427971007E00094C000A75706461746554696D6571007E000C787074000561646D696E7372000E6A6176612E7574696C2E44617465686A81014B597419030000787077080000017D0EEBE38078707400007070707400013174000E302F3230202A202A202A202A203F74003872795461736B2E72794D756C7469706C65506172616D7328277279272C20747275652C20323030304C2C203331362E3530442C203130302974000744454641554C547372000E6A6176612E6C616E672E4C6F6E673B8BE490CC8F23DF0200014A000576616C7565787200106A6176612E6C616E672E4E756D62657286AC951D0B94E08B02000078700000000000000003740018E7B3BBE7BB9FE9BB98E8AEA4EFBC88E5A49AE58F82EFBC8974000133740001317800);

-- ----------------------------
-- Table structure for qrtz_locks
-- ----------------------------
DROP TABLE IF EXISTS `qrtz_locks`;
CREATE TABLE `qrtz_locks`  (
  `sched_name` varchar(120) CHARACTER SET utf8 COLLATE utf8_general_ci NOT NULL COMMENT '调度名称',
  `lock_name` varchar(40) CHARACTER SET utf8 COLLATE utf8_general_ci NOT NULL COMMENT '悲观锁名称',
  PRIMARY KEY (`sched_name`, `lock_name`) USING BTREE
) ENGINE = InnoDB CHARACTER SET = utf8 COLLATE = utf8_general_ci COMMENT = '存储的悲观锁信息表' ROW_FORMAT = Dynamic;

-- ----------------------------
-- Records of qrtz_locks
-- ----------------------------
INSERT INTO `qrtz_locks` VALUES ('RuoyiScheduler', 'STATE_ACCESS');
INSERT INTO `qrtz_locks` VALUES ('RuoyiScheduler', 'TRIGGER_ACCESS');

-- ----------------------------
-- Table structure for qrtz_paused_trigger_grps
-- ----------------------------
DROP TABLE IF EXISTS `qrtz_paused_trigger_grps`;
CREATE TABLE `qrtz_paused_trigger_grps`  (
  `sched_name` varchar(120) CHARACTER SET utf8 COLLATE utf8_general_ci NOT NULL COMMENT '调度名称',
  `trigger_group` varchar(200) CHARACTER SET utf8 COLLATE utf8_general_ci NOT NULL COMMENT 'qrtz_triggers表trigger_group的外键',
  PRIMARY KEY (`sched_name`, `trigger_group`) USING BTREE
) ENGINE = InnoDB CHARACTER SET = utf8 COLLATE = utf8_general_ci COMMENT = '暂停的触发器表' ROW_FORMAT = Dynamic;

-- ----------------------------
-- Records of qrtz_paused_trigger_grps
-- ----------------------------

-- ----------------------------
-- Table structure for qrtz_scheduler_state
-- ----------------------------
DROP TABLE IF EXISTS `qrtz_scheduler_state`;
CREATE TABLE `qrtz_scheduler_state`  (
  `sched_name` varchar(120) CHARACTER SET utf8 COLLATE utf8_general_ci NOT NULL COMMENT '调度名称',
  `instance_name` varchar(200) CHARACTER SET utf8 COLLATE utf8_general_ci NOT NULL COMMENT '实例名称',
  `last_checkin_time` bigint NOT NULL COMMENT '上次检查时间',
  `checkin_interval` bigint NOT NULL COMMENT '检查间隔时间',
  PRIMARY KEY (`sched_name`, `instance_name`) USING BTREE
) ENGINE = InnoDB CHARACTER SET = utf8 COLLATE = utf8_general_ci COMMENT = '调度器状态表' ROW_FORMAT = Dynamic;

-- ----------------------------
-- Records of qrtz_scheduler_state
-- ----------------------------
INSERT INTO `qrtz_scheduler_state` VALUES ('RuoyiScheduler', 'DESKTOP-80M06931638922661977', 1638925674118, 15000);

-- ----------------------------
-- Table structure for qrtz_simple_triggers
-- ----------------------------
DROP TABLE IF EXISTS `qrtz_simple_triggers`;
CREATE TABLE `qrtz_simple_triggers`  (
  `sched_name` varchar(120) CHARACTER SET utf8 COLLATE utf8_general_ci NOT NULL COMMENT '调度名称',
  `trigger_name` varchar(200) CHARACTER SET utf8 COLLATE utf8_general_ci NOT NULL COMMENT 'qrtz_triggers表trigger_name的外键',
  `trigger_group` varchar(200) CHARACTER SET utf8 COLLATE utf8_general_ci NOT NULL COMMENT 'qrtz_triggers表trigger_group的外键',
  `repeat_count` bigint NOT NULL COMMENT '重复的次数统计',
  `repeat_interval` bigint NOT NULL COMMENT '重复的间隔时间',
  `times_triggered` bigint NOT NULL COMMENT '已经触发的次数',
  PRIMARY KEY (`sched_name`, `trigger_name`, `trigger_group`) USING BTREE,
  CONSTRAINT `qrtz_simple_triggers_ibfk_1` FOREIGN KEY (`sched_name`, `trigger_name`, `trigger_group`) REFERENCES `qrtz_triggers` (`sched_name`, `trigger_name`, `trigger_group`) ON DELETE RESTRICT ON UPDATE RESTRICT
) ENGINE = InnoDB CHARACTER SET = utf8 COLLATE = utf8_general_ci COMMENT = '简单触发器的信息表' ROW_FORMAT = Dynamic;

-- ----------------------------
-- Records of qrtz_simple_triggers
-- ----------------------------

-- ----------------------------
-- Table structure for qrtz_simprop_triggers
-- ----------------------------
DROP TABLE IF EXISTS `qrtz_simprop_triggers`;
CREATE TABLE `qrtz_simprop_triggers`  (
  `sched_name` varchar(120) CHARACTER SET utf8 COLLATE utf8_general_ci NOT NULL COMMENT '调度名称',
  `trigger_name` varchar(200) CHARACTER SET utf8 COLLATE utf8_general_ci NOT NULL COMMENT 'qrtz_triggers表trigger_name的外键',
  `trigger_group` varchar(200) CHARACTER SET utf8 COLLATE utf8_general_ci NOT NULL COMMENT 'qrtz_triggers表trigger_group的外键',
  `str_prop_1` varchar(512) CHARACTER SET utf8 COLLATE utf8_general_ci NULL DEFAULT NULL COMMENT 'String类型的trigger的第一个参数',
  `str_prop_2` varchar(512) CHARACTER SET utf8 COLLATE utf8_general_ci NULL DEFAULT NULL COMMENT 'String类型的trigger的第二个参数',
  `str_prop_3` varchar(512) CHARACTER SET utf8 COLLATE utf8_general_ci NULL DEFAULT NULL COMMENT 'String类型的trigger的第三个参数',
  `int_prop_1` int NULL DEFAULT NULL COMMENT 'int类型的trigger的第一个参数',
  `int_prop_2` int NULL DEFAULT NULL COMMENT 'int类型的trigger的第二个参数',
  `long_prop_1` bigint NULL DEFAULT NULL COMMENT 'long类型的trigger的第一个参数',
  `long_prop_2` bigint NULL DEFAULT NULL COMMENT 'long类型的trigger的第二个参数',
  `dec_prop_1` decimal(13, 4) NULL DEFAULT NULL COMMENT 'decimal类型的trigger的第一个参数',
  `dec_prop_2` decimal(13, 4) NULL DEFAULT NULL COMMENT 'decimal类型的trigger的第二个参数',
  `bool_prop_1` varchar(1) CHARACTER SET utf8 COLLATE utf8_general_ci NULL DEFAULT NULL COMMENT 'Boolean类型的trigger的第一个参数',
  `bool_prop_2` varchar(1) CHARACTER SET utf8 COLLATE utf8_general_ci NULL DEFAULT NULL COMMENT 'Boolean类型的trigger的第二个参数',
  PRIMARY KEY (`sched_name`, `trigger_name`, `trigger_group`) USING BTREE,
  CONSTRAINT `qrtz_simprop_triggers_ibfk_1` FOREIGN KEY (`sched_name`, `trigger_name`, `trigger_group`) REFERENCES `qrtz_triggers` (`sched_name`, `trigger_name`, `trigger_group`) ON DELETE RESTRICT ON UPDATE RESTRICT
) ENGINE = InnoDB CHARACTER SET = utf8 COLLATE = utf8_general_ci COMMENT = '同步机制的行锁表' ROW_FORMAT = Dynamic;

-- ----------------------------
-- Records of qrtz_simprop_triggers
-- ----------------------------

-- ----------------------------
-- Table structure for qrtz_triggers
-- ----------------------------
DROP TABLE IF EXISTS `qrtz_triggers`;
CREATE TABLE `qrtz_triggers`  (
  `sched_name` varchar(120) CHARACTER SET utf8 COLLATE utf8_general_ci NOT NULL COMMENT '调度名称',
  `trigger_name` varchar(200) CHARACTER SET utf8 COLLATE utf8_general_ci NOT NULL COMMENT '触发器的名字',
  `trigger_group` varchar(200) CHARACTER SET utf8 COLLATE utf8_general_ci NOT NULL COMMENT '触发器所属组的名字',
  `job_name` varchar(200) CHARACTER SET utf8 COLLATE utf8_general_ci NOT NULL COMMENT 'qrtz_job_details表job_name的外键',
  `job_group` varchar(200) CHARACTER SET utf8 COLLATE utf8_general_ci NOT NULL COMMENT 'qrtz_job_details表job_group的外键',
  `description` varchar(250) CHARACTER SET utf8 COLLATE utf8_general_ci NULL DEFAULT NULL COMMENT '相关介绍',
  `next_fire_time` bigint NULL DEFAULT NULL COMMENT '上一次触发时间（毫秒）',
  `prev_fire_time` bigint NULL DEFAULT NULL COMMENT '下一次触发时间（默认为-1表示不触发）',
  `priority` int NULL DEFAULT NULL COMMENT '优先级',
  `trigger_state` varchar(16) CHARACTER SET utf8 COLLATE utf8_general_ci NOT NULL COMMENT '触发器状态',
  `trigger_type` varchar(8) CHARACTER SET utf8 COLLATE utf8_general_ci NOT NULL COMMENT '触发器的类型',
  `start_time` bigint NOT NULL COMMENT '开始时间',
  `end_time` bigint NULL DEFAULT NULL COMMENT '结束时间',
  `calendar_name` varchar(200) CHARACTER SET utf8 COLLATE utf8_general_ci NULL DEFAULT NULL COMMENT '日程表名称',
  `misfire_instr` smallint NULL DEFAULT NULL COMMENT '补偿执行的策略',
  `job_data` blob NULL COMMENT '存放持久化job对象',
  PRIMARY KEY (`sched_name`, `trigger_name`, `trigger_group`) USING BTREE,
  INDEX `sched_name`(`sched_name`, `job_name`, `job_group`) USING BTREE,
  CONSTRAINT `qrtz_triggers_ibfk_1` FOREIGN KEY (`sched_name`, `job_name`, `job_group`) REFERENCES `qrtz_job_details` (`sched_name`, `job_name`, `job_group`) ON DELETE RESTRICT ON UPDATE RESTRICT
) ENGINE = InnoDB CHARACTER SET = utf8 COLLATE = utf8_general_ci COMMENT = '触发器详细信息表' ROW_FORMAT = Dynamic;

-- ----------------------------
-- Records of qrtz_triggers
-- ----------------------------
INSERT INTO `qrtz_triggers` VALUES ('RuoyiScheduler', 'TASK_CLASS_NAME1', 'DEFAULT', 'TASK_CLASS_NAME1', 'DEFAULT', NULL, 1638922670000, -1, 5, 'PAUSED', 'CRON', 1638922663000, 0, NULL, 2, '');
INSERT INTO `qrtz_triggers` VALUES ('RuoyiScheduler', 'TASK_CLASS_NAME2', 'DEFAULT', 'TASK_CLASS_NAME2', 'DEFAULT', NULL, 1638922665000, -1, 5, 'PAUSED', 'CRON', 1638922664000, 0, NULL, 2, '');
INSERT INTO `qrtz_triggers` VALUES ('RuoyiScheduler', 'TASK_CLASS_NAME3', 'DEFAULT', 'TASK_CLASS_NAME3', 'DEFAULT', NULL, 1638922680000, -1, 5, 'PAUSED', 'CRON', 1638922664000, 0, NULL, 2, '');

-- ----------------------------
-- Table structure for sys_config
-- ----------------------------
DROP TABLE IF EXISTS `sys_config`;
CREATE TABLE `sys_config`  (
  `config_id` int NOT NULL AUTO_INCREMENT COMMENT '参数主键',
  `config_name` varchar(100) CHARACTER SET utf8 COLLATE utf8_general_ci NULL DEFAULT '' COMMENT '参数名称',
  `config_key` varchar(100) CHARACTER SET utf8 COLLATE utf8_general_ci NULL DEFAULT '' COMMENT '参数键名',
  `config_value` varchar(500) CHARACTER SET utf8 COLLATE utf8_general_ci NULL DEFAULT '' COMMENT '参数键值',
  `config_type` char(1) CHARACTER SET utf8 COLLATE utf8_general_ci NULL DEFAULT 'N' COMMENT '系统内置（Y是 N否）',
  `create_by` varchar(64) CHARACTER SET utf8 COLLATE utf8_general_ci NULL DEFAULT '' COMMENT '创建者',
  `create_time` datetime NULL DEFAULT NULL COMMENT '创建时间',
  `update_by` varchar(64) CHARACTER SET utf8 COLLATE utf8_general_ci NULL DEFAULT '' COMMENT '更新者',
  `update_time` datetime NULL DEFAULT NULL COMMENT '更新时间',
  `remark` varchar(500) CHARACTER SET utf8 COLLATE utf8_general_ci NULL DEFAULT NULL COMMENT '备注',
  PRIMARY KEY (`config_id`) USING BTREE
) ENGINE = InnoDB AUTO_INCREMENT = 100 CHARACTER SET = utf8 COLLATE = utf8_general_ci COMMENT = '参数配置表' ROW_FORMAT = Dynamic;

-- ----------------------------
-- Records of sys_config
-- ----------------------------
INSERT INTO `sys_config` VALUES (1, '主框架页-默认皮肤样式名称', 'sys.index.skinName', 'skin-blue', 'Y', 'admin', '2021-11-11 20:14:39', '', NULL, '蓝色 skin-blue、绿色 skin-green、紫色 skin-purple、红色 skin-red、黄色 skin-yellow');
INSERT INTO `sys_config` VALUES (2, '用户管理-账号初始密码', 'sys.user.initPassword', '123456', 'Y', 'admin', '2021-11-11 20:14:39', '', NULL, '初始化密码 123456');
INSERT INTO `sys_config` VALUES (3, '主框架页-侧边栏主题', 'sys.index.sideTheme', 'theme-dark', 'Y', 'admin', '2021-11-11 20:14:39', '', NULL, '深色主题theme-dark，浅色主题theme-light');
INSERT INTO `sys_config` VALUES (4, '账号自助-验证码开关', 'sys.account.captchaOnOff', 'true', 'Y', 'admin', '2021-11-11 20:14:39', '', NULL, '是否开启验证码功能（true开启，false关闭）');
INSERT INTO `sys_config` VALUES (5, '账号自助-是否开启用户注册功能', 'sys.account.registerUser', 'false', 'Y', 'admin', '2021-11-11 20:14:39', '', NULL, '是否开启注册用户功能（true开启，false关闭）');

-- ----------------------------
-- Table structure for sys_dept
-- ----------------------------
DROP TABLE IF EXISTS `sys_dept`;
CREATE TABLE `sys_dept`  (
  `dept_id` bigint NOT NULL AUTO_INCREMENT COMMENT '部门id',
  `parent_id` bigint NULL DEFAULT 0 COMMENT '父部门id',
  `ancestors` varchar(50) CHARACTER SET utf8 COLLATE utf8_general_ci NULL DEFAULT '' COMMENT '祖级列表',
  `dept_name` varchar(30) CHARACTER SET utf8 COLLATE utf8_general_ci NULL DEFAULT '' COMMENT '部门名称',
  `order_num` int NULL DEFAULT 0 COMMENT '显示顺序',
  `leader` varchar(20) CHARACTER SET utf8 COLLATE utf8_general_ci NULL DEFAULT NULL COMMENT '负责人',
  `phone` varchar(11) CHARACTER SET utf8 COLLATE utf8_general_ci NULL DEFAULT NULL COMMENT '联系电话',
  `email` varchar(50) CHARACTER SET utf8 COLLATE utf8_general_ci NULL DEFAULT NULL COMMENT '邮箱',
  `status` char(1) CHARACTER SET utf8 COLLATE utf8_general_ci NULL DEFAULT '0' COMMENT '部门状态（0正常 1停用）',
  `del_flag` char(1) CHARACTER SET utf8 COLLATE utf8_general_ci NULL DEFAULT '0' COMMENT '删除标志（0代表存在 2代表删除）',
  `create_by` varchar(64) CHARACTER SET utf8 COLLATE utf8_general_ci NULL DEFAULT '' COMMENT '创建者',
  `create_time` datetime NULL DEFAULT NULL COMMENT '创建时间',
  `update_by` varchar(64) CHARACTER SET utf8 COLLATE utf8_general_ci NULL DEFAULT '' COMMENT '更新者',
  `update_time` datetime NULL DEFAULT NULL COMMENT '更新时间',
  PRIMARY KEY (`dept_id`) USING BTREE
) ENGINE = InnoDB AUTO_INCREMENT = 200 CHARACTER SET = utf8 COLLATE = utf8_general_ci COMMENT = '部门表' ROW_FORMAT = Dynamic;

-- ----------------------------
-- Records of sys_dept
-- ----------------------------
INSERT INTO `sys_dept` VALUES (100, 0, '0', '若依科技', 0, '若依', '15888888888', 'ry@qq.com', '0', '0', 'admin', '2021-11-11 20:14:33', '', NULL);
INSERT INTO `sys_dept` VALUES (101, 100, '0,100', '深圳总公司', 1, '若依', '15888888888', 'ry@qq.com', '0', '0', 'admin', '2021-11-11 20:14:34', '', NULL);
INSERT INTO `sys_dept` VALUES (102, 100, '0,100', '长沙分公司', 2, '若依', '15888888888', 'ry@qq.com', '0', '0', 'admin', '2021-11-11 20:14:34', '', NULL);
INSERT INTO `sys_dept` VALUES (103, 101, '0,100,101', '研发部门', 1, '若依', '15888888888', 'ry@qq.com', '0', '0', 'admin', '2021-11-11 20:14:34', '', NULL);
INSERT INTO `sys_dept` VALUES (104, 101, '0,100,101', '市场部门', 2, '若依', '15888888888', 'ry@qq.com', '0', '0', 'admin', '2021-11-11 20:14:34', '', NULL);
INSERT INTO `sys_dept` VALUES (105, 101, '0,100,101', '测试部门', 3, '若依', '15888888888', 'ry@qq.com', '0', '0', 'admin', '2021-11-11 20:14:34', '', NULL);
INSERT INTO `sys_dept` VALUES (106, 101, '0,100,101', '财务部门', 4, '若依', '15888888888', 'ry@qq.com', '0', '0', 'admin', '2021-11-11 20:14:34', '', NULL);
INSERT INTO `sys_dept` VALUES (107, 101, '0,100,101', '运维部门', 5, '若依', '15888888888', 'ry@qq.com', '0', '0', 'admin', '2021-11-11 20:14:34', '', NULL);
INSERT INTO `sys_dept` VALUES (108, 102, '0,100,102', '市场部门', 1, '若依', '15888888888', 'ry@qq.com', '0', '0', 'admin', '2021-11-11 20:14:34', '', NULL);
INSERT INTO `sys_dept` VALUES (109, 102, '0,100,102', '财务部门', 2, '若依', '15888888888', 'ry@qq.com', '0', '0', 'admin', '2021-11-11 20:14:34', '', NULL);

-- ----------------------------
-- Table structure for sys_dict_data
-- ----------------------------
DROP TABLE IF EXISTS `sys_dict_data`;
CREATE TABLE `sys_dict_data`  (
  `dict_code` bigint NOT NULL AUTO_INCREMENT COMMENT '字典编码',
  `dict_sort` int NULL DEFAULT 0 COMMENT '字典排序',
  `dict_label` varchar(100) CHARACTER SET utf8 COLLATE utf8_general_ci NULL DEFAULT '' COMMENT '字典标签',
  `dict_value` varchar(100) CHARACTER SET utf8 COLLATE utf8_general_ci NULL DEFAULT '' COMMENT '字典键值',
  `dict_type` varchar(100) CHARACTER SET utf8 COLLATE utf8_general_ci NULL DEFAULT '' COMMENT '字典类型',
  `css_class` varchar(100) CHARACTER SET utf8 COLLATE utf8_general_ci NULL DEFAULT NULL COMMENT '样式属性（其他样式扩展）',
  `list_class` varchar(100) CHARACTER SET utf8 COLLATE utf8_general_ci NULL DEFAULT NULL COMMENT '表格回显样式',
  `is_default` char(1) CHARACTER SET utf8 COLLATE utf8_general_ci NULL DEFAULT 'N' COMMENT '是否默认（Y是 N否）',
  `status` char(1) CHARACTER SET utf8 COLLATE utf8_general_ci NULL DEFAULT '0' COMMENT '状态（0正常 1停用）',
  `create_by` varchar(64) CHARACTER SET utf8 COLLATE utf8_general_ci NULL DEFAULT '' COMMENT '创建者',
  `create_time` datetime NULL DEFAULT NULL COMMENT '创建时间',
  `update_by` varchar(64) CHARACTER SET utf8 COLLATE utf8_general_ci NULL DEFAULT '' COMMENT '更新者',
  `update_time` datetime NULL DEFAULT NULL COMMENT '更新时间',
  `remark` varchar(500) CHARACTER SET utf8 COLLATE utf8_general_ci NULL DEFAULT NULL COMMENT '备注',
  PRIMARY KEY (`dict_code`) USING BTREE
) ENGINE = InnoDB AUTO_INCREMENT = 125 CHARACTER SET = utf8 COLLATE = utf8_general_ci COMMENT = '字典数据表' ROW_FORMAT = Dynamic;

-- ----------------------------
-- Records of sys_dict_data
-- ----------------------------
INSERT INTO `sys_dict_data` VALUES (1, 1, '男', '0', 'sys_user_sex', '', '', 'Y', '0', 'admin', '2021-11-11 20:14:39', '', NULL, '性别男');
INSERT INTO `sys_dict_data` VALUES (2, 2, '女', '1', 'sys_user_sex', '', '', 'N', '0', 'admin', '2021-11-11 20:14:39', '', NULL, '性别女');
INSERT INTO `sys_dict_data` VALUES (3, 3, '未知', '2', 'sys_user_sex', '', '', 'N', '0', 'admin', '2021-11-11 20:14:39', '', NULL, '性别未知');
INSERT INTO `sys_dict_data` VALUES (4, 1, '显示', '0', 'sys_show_hide', '', 'primary', 'Y', '0', 'admin', '2021-11-11 20:14:39', '', NULL, '显示菜单');
INSERT INTO `sys_dict_data` VALUES (5, 2, '隐藏', '1', 'sys_show_hide', '', 'danger', 'N', '0', 'admin', '2021-11-11 20:14:39', '', NULL, '隐藏菜单');
INSERT INTO `sys_dict_data` VALUES (6, 1, '正常', '0', 'sys_normal_disable', '', 'primary', 'Y', '0', 'admin', '2021-11-11 20:14:39', '', NULL, '正常状态');
INSERT INTO `sys_dict_data` VALUES (7, 2, '停用', '1', 'sys_normal_disable', '', 'danger', 'N', '0', 'admin', '2021-11-11 20:14:39', '', NULL, '停用状态');
INSERT INTO `sys_dict_data` VALUES (8, 1, '正常', '0', 'sys_job_status', '', 'primary', 'Y', '0', 'admin', '2021-11-11 20:14:39', '', NULL, '正常状态');
INSERT INTO `sys_dict_data` VALUES (9, 2, '暂停', '1', 'sys_job_status', '', 'danger', 'N', '0', 'admin', '2021-11-11 20:14:39', '', NULL, '停用状态');
INSERT INTO `sys_dict_data` VALUES (10, 1, '默认', 'DEFAULT', 'sys_job_group', '', '', 'Y', '0', 'admin', '2021-11-11 20:14:39', '', NULL, '默认分组');
INSERT INTO `sys_dict_data` VALUES (11, 2, '系统', 'SYSTEM', 'sys_job_group', '', '', 'N', '0', 'admin', '2021-11-11 20:14:39', '', NULL, '系统分组');
INSERT INTO `sys_dict_data` VALUES (12, 1, '是', 'Y', 'sys_yes_no', '', 'primary', 'Y', '0', 'admin', '2021-11-11 20:14:39', '', NULL, '系统默认是');
INSERT INTO `sys_dict_data` VALUES (13, 2, '否', 'N', 'sys_yes_no', '', 'danger', 'N', '0', 'admin', '2021-11-11 20:14:39', '', NULL, '系统默认否');
INSERT INTO `sys_dict_data` VALUES (14, 1, '通知', '1', 'sys_notice_type', '', 'warning', 'Y', '0', 'admin', '2021-11-11 20:14:39', '', NULL, '通知');
INSERT INTO `sys_dict_data` VALUES (15, 2, '公告', '2', 'sys_notice_type', '', 'success', 'N', '0', 'admin', '2021-11-11 20:14:39', '', NULL, '公告');
INSERT INTO `sys_dict_data` VALUES (16, 1, '正常', '0', 'sys_notice_status', '', 'primary', 'Y', '0', 'admin', '2021-11-11 20:14:39', '', NULL, '正常状态');
INSERT INTO `sys_dict_data` VALUES (17, 2, '关闭', '1', 'sys_notice_status', '', 'danger', 'N', '0', 'admin', '2021-11-11 20:14:39', '', NULL, '关闭状态');
INSERT INTO `sys_dict_data` VALUES (18, 1, '新增', '1', 'sys_oper_type', '', 'info', 'N', '0', 'admin', '2021-11-11 20:14:39', '', NULL, '新增操作');
INSERT INTO `sys_dict_data` VALUES (19, 2, '修改', '2', 'sys_oper_type', '', 'info', 'N', '0', 'admin', '2021-11-11 20:14:39', '', NULL, '修改操作');
INSERT INTO `sys_dict_data` VALUES (20, 3, '删除', '3', 'sys_oper_type', '', 'danger', 'N', '0', 'admin', '2021-11-11 20:14:39', '', NULL, '删除操作');
INSERT INTO `sys_dict_data` VALUES (21, 4, '授权', '4', 'sys_oper_type', '', 'primary', 'N', '0', 'admin', '2021-11-11 20:14:39', '', NULL, '授权操作');
INSERT INTO `sys_dict_data` VALUES (22, 5, '导出', '5', 'sys_oper_type', '', 'warning', 'N', '0', 'admin', '2021-11-11 20:14:39', '', NULL, '导出操作');
INSERT INTO `sys_dict_data` VALUES (23, 6, '导入', '6', 'sys_oper_type', '', 'warning', 'N', '0', 'admin', '2021-11-11 20:14:39', '', NULL, '导入操作');
INSERT INTO `sys_dict_data` VALUES (24, 7, '强退', '7', 'sys_oper_type', '', 'danger', 'N', '0', 'admin', '2021-11-11 20:14:39', '', NULL, '强退操作');
INSERT INTO `sys_dict_data` VALUES (25, 8, '生成代码', '8', 'sys_oper_type', '', 'warning', 'N', '0', 'admin', '2021-11-11 20:14:39', '', NULL, '生成操作');
INSERT INTO `sys_dict_data` VALUES (26, 9, '清空数据', '9', 'sys_oper_type', '', 'danger', 'N', '0', 'admin', '2021-11-11 20:14:39', '', NULL, '清空操作');
INSERT INTO `sys_dict_data` VALUES (27, 1, '成功', '0', 'sys_common_status', '', 'primary', 'N', '0', 'admin', '2021-11-11 20:14:39', '', NULL, '正常状态');
INSERT INTO `sys_dict_data` VALUES (28, 2, '失败', '1', 'sys_common_status', '', 'danger', 'N', '0', 'admin', '2021-11-11 20:14:39', '', NULL, '停用状态');
INSERT INTO `sys_dict_data` VALUES (100, 1, '捐赠', '1', 'wz_nx', NULL, 'primary', 'N', '0', 'admin', '2021-11-13 21:10:01', 'admin', '2021-11-13 21:10:11', NULL);
INSERT INTO `sys_dict_data` VALUES (101, 4, '下拨', '2', 'wz_nx', NULL, 'success', 'N', '0', 'admin', '2021-11-13 21:10:40', '', NULL, NULL);
INSERT INTO `sys_dict_data` VALUES (102, 3, '采购', '3', 'wz_nx', NULL, 'info', 'N', '0', 'admin', '2021-11-13 21:11:05', '', NULL, NULL);
INSERT INTO `sys_dict_data` VALUES (103, 4, '借用', '4', 'wz_nx', NULL, 'warning', 'N', '0', 'admin', '2021-11-13 21:11:23', '', NULL, NULL);
INSERT INTO `sys_dict_data` VALUES (104, 2, '已入库', '2', 'wz_rkzt', NULL, 'primary', 'N', '0', 'admin', '2021-11-14 19:30:33', 'admin', '2021-12-02 16:50:53', NULL);
INSERT INTO `sys_dict_data` VALUES (105, 3, '已删除', '3', 'wz_rkzt', NULL, 'info', 'N', '0', 'admin', '2021-11-14 19:30:52', 'admin', '2021-12-02 16:50:40', NULL);
INSERT INTO `sys_dict_data` VALUES (106, 1, '待审核', '1', 'wz_rkzt', NULL, 'warning', 'N', '0', 'admin', '2021-11-14 19:31:12', 'admin', '2021-12-02 16:50:31', NULL);
INSERT INTO `sys_dict_data` VALUES (107, 5, '政府', '5', 'wz_lqnx', NULL, 'primary', 'N', '0', 'admin', '2021-11-14 19:33:44', 'admin', '2021-12-02 16:58:13', NULL);
INSERT INTO `sys_dict_data` VALUES (108, 1, '医院', '1', 'wz_lqnx', NULL, 'success', 'N', '0', 'admin', '2021-11-14 19:33:59', '', NULL, NULL);
INSERT INTO `sys_dict_data` VALUES (109, 2, '小区', '2', 'wz_lqnx', NULL, 'info', 'N', '0', 'admin', '2021-11-14 19:34:14', '', NULL, NULL);
INSERT INTO `sys_dict_data` VALUES (110, 3, '个人', '3', 'wz_lqnx', NULL, 'warning', 'N', '0', 'admin', '2021-11-14 19:34:34', '', NULL, NULL);
INSERT INTO `sys_dict_data` VALUES (111, 4, '其他', '4', 'wz_lqnx', NULL, 'danger', 'N', '0', 'admin', '2021-11-14 19:34:53', '', NULL, NULL);
INSERT INTO `sys_dict_data` VALUES (112, 2, '已发放', '2', 'wz_ckzt', NULL, 'primary', 'N', '0', 'admin', '2021-11-14 19:36:15', 'admin', '2021-12-02 16:51:53', NULL);
INSERT INTO `sys_dict_data` VALUES (113, 3, '已删除', '3', 'wz_ckzt', NULL, 'info', 'N', '0', 'admin', '2021-11-14 19:36:27', 'admin', '2021-12-02 16:51:31', NULL);
INSERT INTO `sys_dict_data` VALUES (114, 1, '待审核', '1', 'wz_ckzt', NULL, 'warning', 'N', '0', 'admin', '2021-11-14 19:36:59', 'admin', '2021-12-02 16:51:44', NULL);
INSERT INTO `sys_dict_data` VALUES (115, 2, '正常', '2', 'wz_zt', NULL, 'success', 'N', '0', 'admin', '2021-11-14 19:38:59', 'admin', '2021-12-02 16:48:15', NULL);
INSERT INTO `sys_dict_data` VALUES (116, 3, '已删除', '3', 'wz_zt', NULL, 'info', 'N', '0', 'admin', '2021-11-14 19:39:08', 'admin', '2021-12-02 16:48:22', NULL);
INSERT INTO `sys_dict_data` VALUES (117, 1, '待审核', '1', 'wz_zt', NULL, 'danger', 'N', '0', 'admin', '2021-11-14 19:39:20', 'admin', '2021-12-02 16:48:06', NULL);
INSERT INTO `sys_dict_data` VALUES (118, 1, '装货中', '1', 'wz_yszt', NULL, 'primary', 'N', '0', 'admin', '2021-11-14 19:43:23', 'admin', '2021-12-02 16:49:14', NULL);
INSERT INTO `sys_dict_data` VALUES (119, 2, '运输中', '2', 'wz_yszt', NULL, 'success', 'N', '0', 'admin', '2021-11-14 19:43:41', 'admin', '2021-12-02 16:49:06', NULL);
INSERT INTO `sys_dict_data` VALUES (120, 3, '已送达', '3', 'wz_yszt', NULL, 'danger', 'N', '0', 'admin', '2021-11-14 19:44:05', 'admin', '2021-12-02 16:49:43', NULL);
INSERT INTO `sys_dict_data` VALUES (121, 1, '入库', '1', 'wz_mxnx', NULL, 'primary', 'N', '0', 'admin', '2021-11-15 13:33:45', 'admin', '2021-12-02 16:59:51', NULL);
INSERT INTO `sys_dict_data` VALUES (122, 3, '发放', '3', 'wz_mxnx', NULL, 'success', 'N', '0', 'admin', '2021-11-15 13:33:56', 'admin', '2021-12-06 15:44:05', NULL);
INSERT INTO `sys_dict_data` VALUES (123, 2, '运输', '2', 'wz_mxnx', NULL, 'warning', 'N', '0', 'admin', '2021-11-15 13:34:09', '', NULL, NULL);
INSERT INTO `sys_dict_data` VALUES (124, 4, '已删除', '4', 'wz_yszt', NULL, 'info', 'N', '0', 'admin', '2021-12-02 16:49:32', '', NULL, NULL);

-- ----------------------------
-- Table structure for sys_dict_type
-- ----------------------------
DROP TABLE IF EXISTS `sys_dict_type`;
CREATE TABLE `sys_dict_type`  (
  `dict_id` bigint NOT NULL AUTO_INCREMENT COMMENT '字典主键',
  `dict_name` varchar(100) CHARACTER SET utf8 COLLATE utf8_general_ci NULL DEFAULT '' COMMENT '字典名称',
  `dict_type` varchar(100) CHARACTER SET utf8 COLLATE utf8_general_ci NULL DEFAULT '' COMMENT '字典类型',
  `status` char(1) CHARACTER SET utf8 COLLATE utf8_general_ci NULL DEFAULT '0' COMMENT '状态（0正常 1停用）',
  `create_by` varchar(64) CHARACTER SET utf8 COLLATE utf8_general_ci NULL DEFAULT '' COMMENT '创建者',
  `create_time` datetime NULL DEFAULT NULL COMMENT '创建时间',
  `update_by` varchar(64) CHARACTER SET utf8 COLLATE utf8_general_ci NULL DEFAULT '' COMMENT '更新者',
  `update_time` datetime NULL DEFAULT NULL COMMENT '更新时间',
  `remark` varchar(500) CHARACTER SET utf8 COLLATE utf8_general_ci NULL DEFAULT NULL COMMENT '备注',
  PRIMARY KEY (`dict_id`) USING BTREE,
  UNIQUE INDEX `dict_type`(`dict_type`) USING BTREE
) ENGINE = InnoDB AUTO_INCREMENT = 107 CHARACTER SET = utf8 COLLATE = utf8_general_ci COMMENT = '字典类型表' ROW_FORMAT = Dynamic;

-- ----------------------------
-- Records of sys_dict_type
-- ----------------------------
INSERT INTO `sys_dict_type` VALUES (1, '用户性别', 'sys_user_sex', '0', 'admin', '2021-11-11 20:14:38', '', NULL, '用户性别列表');
INSERT INTO `sys_dict_type` VALUES (2, '菜单状态', 'sys_show_hide', '0', 'admin', '2021-11-11 20:14:38', '', NULL, '菜单状态列表');
INSERT INTO `sys_dict_type` VALUES (3, '系统开关', 'sys_normal_disable', '0', 'admin', '2021-11-11 20:14:38', '', NULL, '系统开关列表');
INSERT INTO `sys_dict_type` VALUES (4, '任务状态', 'sys_job_status', '0', 'admin', '2021-11-11 20:14:38', '', NULL, '任务状态列表');
INSERT INTO `sys_dict_type` VALUES (5, '任务分组', 'sys_job_group', '0', 'admin', '2021-11-11 20:14:38', '', NULL, '任务分组列表');
INSERT INTO `sys_dict_type` VALUES (6, '系统是否', 'sys_yes_no', '0', 'admin', '2021-11-11 20:14:38', '', NULL, '系统是否列表');
INSERT INTO `sys_dict_type` VALUES (7, '通知类型', 'sys_notice_type', '0', 'admin', '2021-11-11 20:14:38', '', NULL, '通知类型列表');
INSERT INTO `sys_dict_type` VALUES (8, '通知状态', 'sys_notice_status', '0', 'admin', '2021-11-11 20:14:38', '', NULL, '通知状态列表');
INSERT INTO `sys_dict_type` VALUES (9, '操作类型', 'sys_oper_type', '0', 'admin', '2021-11-11 20:14:38', '', NULL, '操作类型列表');
INSERT INTO `sys_dict_type` VALUES (10, '系统状态', 'sys_common_status', '0', 'admin', '2021-11-11 20:14:38', '', NULL, '登录状态列表');
INSERT INTO `sys_dict_type` VALUES (100, '物资类型', 'wz_nx', '0', 'admin', '2021-11-13 21:07:14', 'admin', '2021-11-14 19:37:56', '物资类型');
INSERT INTO `sys_dict_type` VALUES (101, '物资入库状态', 'wz_rkzt', '0', 'admin', '2021-11-14 19:30:01', 'admin', '2021-11-14 19:37:49', '状态');
INSERT INTO `sys_dict_type` VALUES (102, '领取类型', 'wz_lqnx', '0', 'admin', '2021-11-14 19:33:04', '', NULL, NULL);
INSERT INTO `sys_dict_type` VALUES (103, '物资出库状态', 'wz_ckzt', '0', 'admin', '2021-11-14 19:35:41', 'admin', '2021-11-14 19:37:37', NULL);
INSERT INTO `sys_dict_type` VALUES (104, '物资状态', 'wz_zt', '0', 'admin', '2021-11-14 19:38:46', '', NULL, NULL);
INSERT INTO `sys_dict_type` VALUES (105, '物资运输状态', 'wz_yszt', '0', 'admin', '2021-11-14 19:42:34', '', NULL, NULL);
INSERT INTO `sys_dict_type` VALUES (106, '物资明细类型', 'wz_mxnx', '0', 'admin', '2021-11-15 13:33:27', '', NULL, NULL);

-- ----------------------------
-- Table structure for sys_job
-- ----------------------------
DROP TABLE IF EXISTS `sys_job`;
CREATE TABLE `sys_job`  (
  `job_id` bigint NOT NULL AUTO_INCREMENT COMMENT '任务ID',
  `job_name` varchar(64) CHARACTER SET utf8 COLLATE utf8_general_ci NOT NULL DEFAULT '' COMMENT '任务名称',
  `job_group` varchar(64) CHARACTER SET utf8 COLLATE utf8_general_ci NOT NULL DEFAULT 'DEFAULT' COMMENT '任务组名',
  `invoke_target` varchar(500) CHARACTER SET utf8 COLLATE utf8_general_ci NOT NULL COMMENT '调用目标字符串',
  `cron_expression` varchar(255) CHARACTER SET utf8 COLLATE utf8_general_ci NULL DEFAULT '' COMMENT 'cron执行表达式',
  `misfire_policy` varchar(20) CHARACTER SET utf8 COLLATE utf8_general_ci NULL DEFAULT '3' COMMENT '计划执行错误策略（1立即执行 2执行一次 3放弃执行）',
  `concurrent` char(1) CHARACTER SET utf8 COLLATE utf8_general_ci NULL DEFAULT '1' COMMENT '是否并发执行（0允许 1禁止）',
  `status` char(1) CHARACTER SET utf8 COLLATE utf8_general_ci NULL DEFAULT '0' COMMENT '状态（0正常 1暂停）',
  `create_by` varchar(64) CHARACTER SET utf8 COLLATE utf8_general_ci NULL DEFAULT '' COMMENT '创建者',
  `create_time` datetime NULL DEFAULT NULL COMMENT '创建时间',
  `update_by` varchar(64) CHARACTER SET utf8 COLLATE utf8_general_ci NULL DEFAULT '' COMMENT '更新者',
  `update_time` datetime NULL DEFAULT NULL COMMENT '更新时间',
  `remark` varchar(500) CHARACTER SET utf8 COLLATE utf8_general_ci NULL DEFAULT '' COMMENT '备注信息',
  PRIMARY KEY (`job_id`, `job_name`, `job_group`) USING BTREE
) ENGINE = InnoDB AUTO_INCREMENT = 100 CHARACTER SET = utf8 COLLATE = utf8_general_ci COMMENT = '定时任务调度表' ROW_FORMAT = Dynamic;

-- ----------------------------
-- Records of sys_job
-- ----------------------------
INSERT INTO `sys_job` VALUES (1, '系统默认（无参）', 'DEFAULT', 'ryTask.ryNoParams', '0/10 * * * * ?', '3', '1', '1', 'admin', '2021-11-11 20:14:40', '', NULL, '');
INSERT INTO `sys_job` VALUES (2, '系统默认（有参）', 'DEFAULT', 'ryTask.ryParams(\'ry\')', '0/15 * * * * ?', '3', '1', '1', 'admin', '2021-11-11 20:14:40', '', NULL, '');
INSERT INTO `sys_job` VALUES (3, '系统默认（多参）', 'DEFAULT', 'ryTask.ryMultipleParams(\'ry\', true, 2000L, 316.50D, 100)', '0/20 * * * * ?', '3', '1', '1', 'admin', '2021-11-11 20:14:40', '', NULL, '');

-- ----------------------------
-- Table structure for sys_job_log
-- ----------------------------
DROP TABLE IF EXISTS `sys_job_log`;
CREATE TABLE `sys_job_log`  (
  `job_log_id` bigint NOT NULL AUTO_INCREMENT COMMENT '任务日志ID',
  `job_name` varchar(64) CHARACTER SET utf8 COLLATE utf8_general_ci NOT NULL COMMENT '任务名称',
  `job_group` varchar(64) CHARACTER SET utf8 COLLATE utf8_general_ci NOT NULL COMMENT '任务组名',
  `invoke_target` varchar(500) CHARACTER SET utf8 COLLATE utf8_general_ci NOT NULL COMMENT '调用目标字符串',
  `job_message` varchar(500) CHARACTER SET utf8 COLLATE utf8_general_ci NULL DEFAULT NULL COMMENT '日志信息',
  `status` char(1) CHARACTER SET utf8 COLLATE utf8_general_ci NULL DEFAULT '0' COMMENT '执行状态（0正常 1失败）',
  `exception_info` varchar(2000) CHARACTER SET utf8 COLLATE utf8_general_ci NULL DEFAULT '' COMMENT '异常信息',
  `create_time` datetime NULL DEFAULT NULL COMMENT '创建时间',
  PRIMARY KEY (`job_log_id`) USING BTREE
) ENGINE = InnoDB AUTO_INCREMENT = 1 CHARACTER SET = utf8 COLLATE = utf8_general_ci COMMENT = '定时任务调度日志表' ROW_FORMAT = Dynamic;

-- ----------------------------
-- Records of sys_job_log
-- ----------------------------

-- ----------------------------
-- Table structure for sys_logininfor
-- ----------------------------
DROP TABLE IF EXISTS `sys_logininfor`;
CREATE TABLE `sys_logininfor`  (
  `info_id` bigint NOT NULL AUTO_INCREMENT COMMENT '访问ID',
  `user_name` varchar(50) CHARACTER SET utf8 COLLATE utf8_general_ci NULL DEFAULT '' COMMENT '用户账号',
  `ipaddr` varchar(128) CHARACTER SET utf8 COLLATE utf8_general_ci NULL DEFAULT '' COMMENT '登录IP地址',
  `login_location` varchar(255) CHARACTER SET utf8 COLLATE utf8_general_ci NULL DEFAULT '' COMMENT '登录地点',
  `browser` varchar(50) CHARACTER SET utf8 COLLATE utf8_general_ci NULL DEFAULT '' COMMENT '浏览器类型',
  `os` varchar(50) CHARACTER SET utf8 COLLATE utf8_general_ci NULL DEFAULT '' COMMENT '操作系统',
  `status` char(1) CHARACTER SET utf8 COLLATE utf8_general_ci NULL DEFAULT '0' COMMENT '登录状态（0成功 1失败）',
  `msg` varchar(255) CHARACTER SET utf8 COLLATE utf8_general_ci NULL DEFAULT '' COMMENT '提示消息',
  `login_time` datetime NULL DEFAULT NULL COMMENT '访问时间',
  PRIMARY KEY (`info_id`) USING BTREE
) ENGINE = InnoDB AUTO_INCREMENT = 200 CHARACTER SET = utf8 COLLATE = utf8_general_ci COMMENT = '系统访问记录' ROW_FORMAT = Dynamic;

-- ----------------------------
-- Records of sys_logininfor
-- ----------------------------
INSERT INTO `sys_logininfor` VALUES (100, 'admin', '127.0.0.1', '内网IP', 'Chrome 9', 'Windows 10', '0', '登录成功', '2021-11-11 21:01:01');
INSERT INTO `sys_logininfor` VALUES (101, 'admin', '127.0.0.1', '内网IP', 'Chrome 9', 'Windows 10', '0', '登录成功', '2021-11-11 21:34:02');
INSERT INTO `sys_logininfor` VALUES (102, 'admin', '127.0.0.1', '内网IP', 'Chrome 9', 'Windows 10', '0', '登录成功', '2021-11-12 14:20:56');
INSERT INTO `sys_logininfor` VALUES (103, 'admin', '127.0.0.1', '内网IP', 'Chrome 9', 'Windows 10', '0', '登录成功', '2021-11-13 15:54:19');
INSERT INTO `sys_logininfor` VALUES (104, 'admin', '127.0.0.1', '内网IP', 'Chrome 9', 'Windows 10', '0', '登录成功', '2021-11-13 18:09:36');
INSERT INTO `sys_logininfor` VALUES (105, 'admin', '127.0.0.1', '内网IP', 'Chrome 9', 'Windows 10', '0', '登录成功', '2021-11-13 20:57:58');
INSERT INTO `sys_logininfor` VALUES (106, 'admin', '127.0.0.1', '内网IP', 'Chrome 9', 'Windows 10', '0', '退出成功', '2021-11-13 21:26:16');
INSERT INTO `sys_logininfor` VALUES (107, 'admin', '127.0.0.1', '内网IP', 'Chrome 9', 'Windows 10', '0', '登录成功', '2021-11-13 21:26:23');
INSERT INTO `sys_logininfor` VALUES (108, 'admin', '127.0.0.1', '内网IP', 'Chrome 9', 'Windows 10', '0', '登录成功', '2021-11-14 10:45:41');
INSERT INTO `sys_logininfor` VALUES (109, 'admin', '127.0.0.1', '内网IP', 'Chrome 9', 'Windows 10', '0', '退出成功', '2021-11-14 12:21:34');
INSERT INTO `sys_logininfor` VALUES (110, 'admin', '127.0.0.1', '内网IP', 'Chrome 9', 'Windows 10', '0', '登录成功', '2021-11-14 12:21:38');
INSERT INTO `sys_logininfor` VALUES (111, 'admin', '127.0.0.1', '内网IP', 'Chrome 9', 'Windows 10', '0', '登录成功', '2021-11-14 16:19:46');
INSERT INTO `sys_logininfor` VALUES (112, 'admin', '127.0.0.1', '内网IP', 'Chrome 9', 'Windows 10', '0', '登录成功', '2021-11-14 18:49:52');
INSERT INTO `sys_logininfor` VALUES (113, 'admin', '127.0.0.1', '内网IP', 'Chrome 9', 'Windows 10', '0', '登录成功', '2021-11-14 20:51:53');
INSERT INTO `sys_logininfor` VALUES (114, 'admin', '127.0.0.1', '内网IP', 'Chrome 9', 'Windows 10', '0', '退出成功', '2021-11-14 21:33:49');
INSERT INTO `sys_logininfor` VALUES (115, 'admin', '127.0.0.1', '内网IP', 'Chrome 9', 'Windows 10', '0', '登录成功', '2021-11-14 21:33:58');
INSERT INTO `sys_logininfor` VALUES (116, 'admin', '127.0.0.1', '内网IP', 'Chrome 9', 'Windows 10', '1', '验证码错误', '2021-11-15 12:52:26');
INSERT INTO `sys_logininfor` VALUES (117, 'admin', '127.0.0.1', '内网IP', 'Chrome 9', 'Windows 10', '1', '验证码错误', '2021-11-15 12:52:32');
INSERT INTO `sys_logininfor` VALUES (118, 'admin', '127.0.0.1', '内网IP', 'Chrome 9', 'Windows 10', '0', '登录成功', '2021-11-15 12:52:40');
INSERT INTO `sys_logininfor` VALUES (119, 'admin', '127.0.0.1', '内网IP', 'Chrome 9', 'Windows 10', '0', '退出成功', '2021-11-15 13:58:54');
INSERT INTO `sys_logininfor` VALUES (120, 'admin', '127.0.0.1', '内网IP', 'Chrome 9', 'Windows 10', '1', '验证码错误', '2021-11-15 14:00:54');
INSERT INTO `sys_logininfor` VALUES (121, 'admin', '127.0.0.1', '内网IP', 'Chrome 9', 'Windows 10', '1', '验证码错误', '2021-11-15 14:00:59');
INSERT INTO `sys_logininfor` VALUES (122, 'admin', '127.0.0.1', '内网IP', 'Chrome 9', 'Windows 10', '0', '登录成功', '2021-11-15 14:01:02');
INSERT INTO `sys_logininfor` VALUES (123, 'admin', '127.0.0.1', '内网IP', 'Chrome 9', 'Windows 10', '0', '登录成功', '2021-11-15 15:32:05');
INSERT INTO `sys_logininfor` VALUES (124, 'admin', '127.0.0.1', '内网IP', 'Chrome 9', 'Windows 10', '0', '登录成功', '2021-11-15 16:24:01');
INSERT INTO `sys_logininfor` VALUES (125, 'admin', '127.0.0.1', '内网IP', 'Chrome 9', 'Windows 10', '1', '验证码错误', '2021-11-15 19:14:23');
INSERT INTO `sys_logininfor` VALUES (126, 'admin', '127.0.0.1', '内网IP', 'Chrome 9', 'Windows 10', '1', '验证码错误', '2021-11-15 19:14:26');
INSERT INTO `sys_logininfor` VALUES (127, 'admin', '127.0.0.1', '内网IP', 'Chrome 9', 'Windows 10', '0', '登录成功', '2021-11-15 19:14:31');
INSERT INTO `sys_logininfor` VALUES (128, 'admin', '127.0.0.1', '内网IP', 'Chrome 9', 'Windows 10', '0', '登录成功', '2021-11-16 11:56:08');
INSERT INTO `sys_logininfor` VALUES (129, 'admin', '127.0.0.1', '内网IP', 'Chrome 9', 'Windows 10', '0', '登录成功', '2021-11-16 13:49:12');
INSERT INTO `sys_logininfor` VALUES (130, 'admin', '127.0.0.1', '内网IP', 'Chrome 9', 'Windows 10', '0', '退出成功', '2021-11-16 13:59:54');
INSERT INTO `sys_logininfor` VALUES (131, 'admin', '127.0.0.1', '内网IP', 'Chrome 9', 'Windows 10', '0', '登录成功', '2021-11-16 14:00:05');
INSERT INTO `sys_logininfor` VALUES (132, 'admin', '127.0.0.1', '内网IP', 'Chrome 9', 'Windows 10', '0', '登录成功', '2021-11-16 18:59:49');
INSERT INTO `sys_logininfor` VALUES (133, 'admin', '192.168.0.101', '内网IP', 'Chrome 9', 'Windows 10', '0', '登录成功', '2021-11-30 19:27:19');
INSERT INTO `sys_logininfor` VALUES (134, 'admin', '192.168.0.145', '内网IP', 'Chrome 9', 'Windows 10', '1', '验证码已失效', '2021-11-30 19:36:23');
INSERT INTO `sys_logininfor` VALUES (135, 'admin', '192.168.0.145', '内网IP', 'Chrome 9', 'Windows 10', '0', '登录成功', '2021-11-30 19:36:29');
INSERT INTO `sys_logininfor` VALUES (136, 'admin', '192.168.0.101', '内网IP', 'Chrome 9', 'Windows 10', '0', '登录成功', '2021-11-30 20:16:38');
INSERT INTO `sys_logininfor` VALUES (137, 'admin', '192.168.0.145', '内网IP', 'Chrome 9', 'Windows 10', '0', '登录成功', '2021-11-30 21:44:20');
INSERT INTO `sys_logininfor` VALUES (138, 'admin', '192.168.0.146', '内网IP', 'Chrome 9', 'Windows 10', '1', '验证码错误', '2021-11-30 21:45:56');
INSERT INTO `sys_logininfor` VALUES (139, 'admin', '192.168.0.146', '内网IP', 'Chrome 9', 'Windows 10', '1', '验证码错误', '2021-11-30 21:46:07');
INSERT INTO `sys_logininfor` VALUES (140, 'admin', '192.168.0.146', '内网IP', 'Chrome 9', 'Windows 10', '0', '登录成功', '2021-11-30 21:46:13');
INSERT INTO `sys_logininfor` VALUES (141, 'admin', '127.0.0.1', '内网IP', 'Chrome 9', 'Windows 10', '0', '登录成功', '2021-12-01 10:08:42');
INSERT INTO `sys_logininfor` VALUES (142, 'admin', '127.0.0.1', '内网IP', 'Chrome 9', 'Windows 10', '1', '验证码错误', '2021-12-01 10:47:31');
INSERT INTO `sys_logininfor` VALUES (143, 'admin', '127.0.0.1', '内网IP', 'Chrome 9', 'Windows 10', '0', '登录成功', '2021-12-01 10:47:43');
INSERT INTO `sys_logininfor` VALUES (144, 'admin', '127.0.0.1', '内网IP', 'Chrome 9', 'Windows 10', '1', '验证码已失效', '2021-12-01 14:57:29');
INSERT INTO `sys_logininfor` VALUES (145, 'admin', '127.0.0.1', '内网IP', 'Chrome 9', 'Windows 10', '0', '登录成功', '2021-12-01 14:57:34');
INSERT INTO `sys_logininfor` VALUES (146, 'admin', '127.0.0.1', '内网IP', 'Chrome 9', 'Windows 10', '0', '登录成功', '2021-12-01 18:08:06');
INSERT INTO `sys_logininfor` VALUES (147, 'admin', '127.0.0.1', '内网IP', 'Chrome 9', 'Windows 10', '0', '登录成功', '2021-12-01 18:45:10');
INSERT INTO `sys_logininfor` VALUES (148, 'admin', '127.0.0.1', '内网IP', 'Chrome 9', 'Windows 10', '0', '退出成功', '2021-12-01 19:03:59');
INSERT INTO `sys_logininfor` VALUES (149, 'admin', '127.0.0.1', '内网IP', 'Chrome 9', 'Windows 10', '0', '登录成功', '2021-12-01 19:04:22');
INSERT INTO `sys_logininfor` VALUES (150, 'admin', '127.0.0.1', '内网IP', 'Chrome 9', 'Windows 10', '0', '退出成功', '2021-12-01 19:08:26');
INSERT INTO `sys_logininfor` VALUES (151, 'admin', '127.0.0.1', '内网IP', 'Chrome 9', 'Windows 10', '0', '登录成功', '2021-12-01 19:08:34');
INSERT INTO `sys_logininfor` VALUES (152, 'admin', '127.0.0.1', '内网IP', 'Chrome 9', 'Windows 10', '0', '登录成功', '2021-12-02 14:21:04');
INSERT INTO `sys_logininfor` VALUES (153, 'admin', '127.0.0.1', '内网IP', 'Chrome 9', 'Windows 10', '0', '登录成功', '2021-12-02 16:36:01');
INSERT INTO `sys_logininfor` VALUES (154, 'admin', '127.0.0.1', '内网IP', 'Chrome 9', 'Windows 10', '0', '登录成功', '2021-12-02 18:53:59');
INSERT INTO `sys_logininfor` VALUES (155, 'admin', '127.0.0.1', '内网IP', 'Chrome 9', 'Windows 10', '0', '登录成功', '2021-12-02 20:46:31');
INSERT INTO `sys_logininfor` VALUES (156, 'admin', '127.0.0.1', '内网IP', 'Chrome 9', 'Windows 10', '0', '登录成功', '2021-12-03 21:43:16');
INSERT INTO `sys_logininfor` VALUES (157, 'admin', '127.0.0.1', '内网IP', 'Chrome 9', 'Windows 10', '0', '退出成功', '2021-12-03 22:38:18');
INSERT INTO `sys_logininfor` VALUES (158, 'admin', '127.0.0.1', '内网IP', 'Chrome 9', 'Windows 10', '0', '登录成功', '2021-12-03 22:39:28');
INSERT INTO `sys_logininfor` VALUES (159, 'admin', '127.0.0.1', '内网IP', 'Chrome 9', 'Windows 10', '0', '登录成功', '2021-12-04 12:17:09');
INSERT INTO `sys_logininfor` VALUES (160, 'admin', '127.0.0.1', '内网IP', 'Chrome 9', 'Windows 10', '0', '登录成功', '2021-12-04 13:18:52');
INSERT INTO `sys_logininfor` VALUES (161, 'admin', '127.0.0.1', '内网IP', 'Chrome 9', 'Windows 10', '0', '登录成功', '2021-12-04 17:16:53');
INSERT INTO `sys_logininfor` VALUES (162, 'admin', '127.0.0.1', '内网IP', 'Chrome 9', 'Windows 10', '0', '登录成功', '2021-12-04 18:54:55');
INSERT INTO `sys_logininfor` VALUES (163, 'admin', '127.0.0.1', '内网IP', 'Chrome 9', 'Windows 10', '0', '登录成功', '2021-12-04 21:28:31');
INSERT INTO `sys_logininfor` VALUES (164, 'admin', '127.0.0.1', '内网IP', 'Chrome 9', 'Windows 10', '0', '登录成功', '2021-12-05 12:44:19');
INSERT INTO `sys_logininfor` VALUES (165, 'admin', '127.0.0.1', '内网IP', 'Chrome 9', 'Windows 10', '0', '退出成功', '2021-12-05 13:42:07');
INSERT INTO `sys_logininfor` VALUES (166, 'admin', '127.0.0.1', '内网IP', 'Chrome 9', 'Windows 10', '0', '退出成功', '2021-12-05 13:42:07');
INSERT INTO `sys_logininfor` VALUES (167, 'admin', '127.0.0.1', '内网IP', 'Chrome 9', 'Windows 10', '0', '登录成功', '2021-12-05 13:42:25');
INSERT INTO `sys_logininfor` VALUES (168, 'admin', '127.0.0.1', '内网IP', 'Chrome 9', 'Windows 10', '0', '登录成功', '2021-12-05 13:53:35');
INSERT INTO `sys_logininfor` VALUES (169, 'admin', '127.0.0.1', '内网IP', 'Chrome 9', 'Windows 10', '1', '验证码错误', '2021-12-05 18:37:47');
INSERT INTO `sys_logininfor` VALUES (170, 'admin', '127.0.0.1', '内网IP', 'Chrome 9', 'Windows 10', '1', '验证码错误', '2021-12-05 18:37:52');
INSERT INTO `sys_logininfor` VALUES (171, 'admin', '127.0.0.1', '内网IP', 'Chrome 9', 'Windows 10', '0', '登录成功', '2021-12-05 18:38:01');
INSERT INTO `sys_logininfor` VALUES (172, 'admin', '127.0.0.1', '内网IP', 'Chrome 9', 'Windows 10', '0', '登录成功', '2021-12-05 20:07:39');
INSERT INTO `sys_logininfor` VALUES (173, 'admin', '127.0.0.1', '内网IP', 'Chrome 9', 'Windows 10', '0', '退出成功', '2021-12-05 20:10:34');
INSERT INTO `sys_logininfor` VALUES (174, 'admin', '127.0.0.1', '内网IP', 'Chrome 9', 'Windows 10', '0', '登录成功', '2021-12-05 20:10:39');
INSERT INTO `sys_logininfor` VALUES (175, 'admin', '127.0.0.1', '内网IP', 'Chrome 9', 'Windows 10', '0', '退出成功', '2021-12-05 20:58:27');
INSERT INTO `sys_logininfor` VALUES (176, 'admin', '127.0.0.1', '内网IP', 'Chrome 9', 'Windows 10', '1', '验证码错误', '2021-12-05 20:58:34');
INSERT INTO `sys_logininfor` VALUES (177, 'admin', '127.0.0.1', '内网IP', 'Chrome 9', 'Windows 10', '0', '登录成功', '2021-12-05 20:58:40');
INSERT INTO `sys_logininfor` VALUES (178, 'admin', '127.0.0.1', '内网IP', 'Chrome 9', 'Windows 10', '1', '验证码错误', '2021-12-05 22:58:06');
INSERT INTO `sys_logininfor` VALUES (179, 'admin', '127.0.0.1', '内网IP', 'Chrome 9', 'Windows 10', '0', '登录成功', '2021-12-05 22:58:10');
INSERT INTO `sys_logininfor` VALUES (180, 'admin', '127.0.0.1', '内网IP', 'Chrome 9', 'Windows 10', '0', '登录成功', '2021-12-06 13:46:02');
INSERT INTO `sys_logininfor` VALUES (181, 'admin', '127.0.0.1', '内网IP', 'Chrome 9', 'Windows 10', '0', '登录成功', '2021-12-06 14:03:28');
INSERT INTO `sys_logininfor` VALUES (182, 'admin', '127.0.0.1', '内网IP', 'Chrome 9', 'Windows 10', '0', '登录成功', '2021-12-06 14:53:34');
INSERT INTO `sys_logininfor` VALUES (183, 'admin', '127.0.0.1', '内网IP', 'Chrome 9', 'Windows 10', '0', '登录成功', '2021-12-06 16:46:29');
INSERT INTO `sys_logininfor` VALUES (184, 'admin', '127.0.0.1', '内网IP', 'Chrome 9', 'Windows 10', '1', '验证码已失效', '2021-12-06 17:07:29');
INSERT INTO `sys_logininfor` VALUES (185, 'admin', '127.0.0.1', '内网IP', 'Chrome 9', 'Windows 10', '0', '登录成功', '2021-12-06 18:39:36');
INSERT INTO `sys_logininfor` VALUES (186, 'admin', '127.0.0.1', '内网IP', 'Chrome 9', 'Windows 10', '0', '登录成功', '2021-12-06 19:44:22');
INSERT INTO `sys_logininfor` VALUES (187, 'admin', '127.0.0.1', '内网IP', 'Chrome 9', 'Windows 10', '0', '登录成功', '2021-12-06 21:01:07');
INSERT INTO `sys_logininfor` VALUES (188, 'admin', '127.0.0.1', '内网IP', 'Chrome 9', 'Windows 10', '1', '验证码错误', '2021-12-06 21:36:47');
INSERT INTO `sys_logininfor` VALUES (189, 'admin', '127.0.0.1', '内网IP', 'Chrome 9', 'Windows 10', '0', '登录成功', '2021-12-06 21:36:55');
INSERT INTO `sys_logininfor` VALUES (190, 'admin', '127.0.0.1', '内网IP', 'Chrome 9', 'Windows 10', '0', '登录成功', '2021-12-07 10:25:32');
INSERT INTO `sys_logininfor` VALUES (191, 'admin', '127.0.0.1', '内网IP', 'Chrome 9', 'Windows 10', '0', '退出成功', '2021-12-07 10:31:09');
INSERT INTO `sys_logininfor` VALUES (192, 'admin', '127.0.0.1', '内网IP', 'Chrome 9', 'Windows 10', '0', '登录成功', '2021-12-07 10:31:18');
INSERT INTO `sys_logininfor` VALUES (193, 'admin', '127.0.0.1', '内网IP', 'Chrome 9', 'Windows 10', '0', '退出成功', '2021-12-07 10:32:01');
INSERT INTO `sys_logininfor` VALUES (194, 'admin', '127.0.0.1', '内网IP', 'Chrome 9', 'Windows 10', '0', '登录成功', '2021-12-07 10:32:51');
INSERT INTO `sys_logininfor` VALUES (195, 'admin', '127.0.0.1', '内网IP', 'Chrome 9', 'Windows 10', '0', '登录成功', '2021-12-07 15:28:41');
INSERT INTO `sys_logininfor` VALUES (196, 'admin', '127.0.0.1', '内网IP', 'Chrome 9', 'Windows 10', '0', '登录成功', '2021-12-08 08:18:19');
INSERT INTO `sys_logininfor` VALUES (197, 'admin', '127.0.0.1', '内网IP', 'Chrome 9', 'Windows 10', '0', '退出成功', '2021-12-08 08:41:30');
INSERT INTO `sys_logininfor` VALUES (198, 'admin', '127.0.0.1', '内网IP', 'Chrome 9', 'Windows 10', '1', '验证码错误', '2021-12-08 08:41:41');
INSERT INTO `sys_logininfor` VALUES (199, 'admin', '127.0.0.1', '内网IP', 'Chrome 9', 'Windows 10', '0', '登录成功', '2021-12-08 08:41:47');

-- ----------------------------
-- Table structure for sys_menu
-- ----------------------------
DROP TABLE IF EXISTS `sys_menu`;
CREATE TABLE `sys_menu`  (
  `menu_id` bigint NOT NULL AUTO_INCREMENT COMMENT '菜单ID',
  `menu_name` varchar(50) CHARACTER SET utf8 COLLATE utf8_general_ci NOT NULL COMMENT '菜单名称',
  `parent_id` bigint NULL DEFAULT 0 COMMENT '父菜单ID',
  `order_num` int NULL DEFAULT 0 COMMENT '显示顺序',
  `path` varchar(200) CHARACTER SET utf8 COLLATE utf8_general_ci NULL DEFAULT '' COMMENT '路由地址',
  `component` varchar(255) CHARACTER SET utf8 COLLATE utf8_general_ci NULL DEFAULT NULL COMMENT '组件路径',
  `query` varchar(255) CHARACTER SET utf8 COLLATE utf8_general_ci NULL DEFAULT NULL COMMENT '路由参数',
  `is_frame` int NULL DEFAULT 1 COMMENT '是否为外链（0是 1否）',
  `is_cache` int NULL DEFAULT 0 COMMENT '是否缓存（0缓存 1不缓存）',
  `menu_type` char(1) CHARACTER SET utf8 COLLATE utf8_general_ci NULL DEFAULT '' COMMENT '菜单类型（M目录 C菜单 F按钮）',
  `visible` char(1) CHARACTER SET utf8 COLLATE utf8_general_ci NULL DEFAULT '0' COMMENT '菜单状态（0显示 1隐藏）',
  `status` char(1) CHARACTER SET utf8 COLLATE utf8_general_ci NULL DEFAULT '0' COMMENT '菜单状态（0正常 1停用）',
  `perms` varchar(100) CHARACTER SET utf8 COLLATE utf8_general_ci NULL DEFAULT NULL COMMENT '权限标识',
  `icon` varchar(100) CHARACTER SET utf8 COLLATE utf8_general_ci NULL DEFAULT '#' COMMENT '菜单图标',
  `create_by` varchar(64) CHARACTER SET utf8 COLLATE utf8_general_ci NULL DEFAULT '' COMMENT '创建者',
  `create_time` datetime NULL DEFAULT NULL COMMENT '创建时间',
  `update_by` varchar(64) CHARACTER SET utf8 COLLATE utf8_general_ci NULL DEFAULT '' COMMENT '更新者',
  `update_time` datetime NULL DEFAULT NULL COMMENT '更新时间',
  `remark` varchar(500) CHARACTER SET utf8 COLLATE utf8_general_ci NULL DEFAULT '' COMMENT '备注',
  PRIMARY KEY (`menu_id`) USING BTREE
) ENGINE = InnoDB AUTO_INCREMENT = 2079 CHARACTER SET = utf8 COLLATE = utf8_general_ci COMMENT = '菜单权限表' ROW_FORMAT = Dynamic;

-- ----------------------------
-- Records of sys_menu
-- ----------------------------
INSERT INTO `sys_menu` VALUES (1, '系统管理', 0, 1, 'system', NULL, '', 1, 0, 'M', '0', '0', '', 'system', 'admin', '2021-11-11 20:14:36', '', NULL, '系统管理目录');
INSERT INTO `sys_menu` VALUES (2, '系统监控', 0, 2, 'monitor', NULL, '', 1, 0, 'M', '0', '0', '', 'monitor', 'admin', '2021-11-11 20:14:36', '', NULL, '系统监控目录');
INSERT INTO `sys_menu` VALUES (3, '系统工具', 0, 3, 'tool', NULL, '', 1, 0, 'M', '0', '0', '', 'tool', 'admin', '2021-11-11 20:14:36', '', NULL, '系统工具目录');
INSERT INTO `sys_menu` VALUES (4, '业务管理', 0, 1, 'yw', NULL, '', 1, 0, 'M', '0', '0', '', 'button', 'admin', '2021-11-11 20:14:36', 'admin', '2021-11-15 13:23:25', '若依官网地址');
INSERT INTO `sys_menu` VALUES (100, '用户管理', 1, 1, 'user', 'system/user/index', '', 1, 0, 'C', '0', '0', 'system:user:list', 'user', 'admin', '2021-11-11 20:14:36', '', NULL, '用户管理菜单');
INSERT INTO `sys_menu` VALUES (101, '角色管理', 1, 2, 'role', 'system/role/index', '', 1, 0, 'C', '0', '0', 'system:role:list', 'peoples', 'admin', '2021-11-11 20:14:36', '', NULL, '角色管理菜单');
INSERT INTO `sys_menu` VALUES (102, '菜单管理', 1, 3, 'menu', 'system/menu/index', '', 1, 0, 'C', '0', '0', 'system:menu:list', 'tree-table', 'admin', '2021-11-11 20:14:36', '', NULL, '菜单管理菜单');
INSERT INTO `sys_menu` VALUES (103, '部门管理', 1, 4, 'dept', 'system/dept/index', '', 1, 0, 'C', '0', '0', 'system:dept:list', 'tree', 'admin', '2021-11-11 20:14:36', '', NULL, '部门管理菜单');
INSERT INTO `sys_menu` VALUES (104, '岗位管理', 1, 5, 'post', 'system/post/index', '', 1, 0, 'C', '0', '0', 'system:post:list', 'post', 'admin', '2021-11-11 20:14:36', '', NULL, '岗位管理菜单');
INSERT INTO `sys_menu` VALUES (105, '字典管理', 1, 6, 'dict', 'system/dict/index', '', 1, 0, 'C', '0', '0', 'system:dict:list', 'dict', 'admin', '2021-11-11 20:14:36', '', NULL, '字典管理菜单');
INSERT INTO `sys_menu` VALUES (106, '参数设置', 1, 7, 'config', 'system/config/index', '', 1, 0, 'C', '0', '0', 'system:config:list', 'edit', 'admin', '2021-11-11 20:14:36', '', NULL, '参数设置菜单');
INSERT INTO `sys_menu` VALUES (107, '通知公告', 1, 8, 'notice', 'system/notice/index', '', 1, 0, 'C', '0', '0', 'system:notice:list', 'message', 'admin', '2021-11-11 20:14:36', '', NULL, '通知公告菜单');
INSERT INTO `sys_menu` VALUES (108, '日志管理', 1, 9, 'log', '', '', 1, 0, 'M', '0', '0', '', 'log', 'admin', '2021-11-11 20:14:36', '', NULL, '日志管理菜单');
INSERT INTO `sys_menu` VALUES (109, '在线用户', 2, 1, 'online', 'monitor/online/index', '', 1, 0, 'C', '0', '0', 'monitor:online:list', 'online', 'admin', '2021-11-11 20:14:36', '', NULL, '在线用户菜单');
INSERT INTO `sys_menu` VALUES (110, '定时任务', 2, 2, 'job', 'monitor/job/index', '', 1, 0, 'C', '0', '0', 'monitor:job:list', 'job', 'admin', '2021-11-11 20:14:36', '', NULL, '定时任务菜单');
INSERT INTO `sys_menu` VALUES (111, '数据监控', 2, 3, 'druid', 'monitor/druid/index', '', 1, 0, 'C', '0', '0', 'monitor:druid:list', 'druid', 'admin', '2021-11-11 20:14:36', '', NULL, '数据监控菜单');
INSERT INTO `sys_menu` VALUES (112, '服务监控', 2, 4, 'server', 'monitor/server/index', '', 1, 0, 'C', '0', '0', 'monitor:server:list', 'server', 'admin', '2021-11-11 20:14:36', '', NULL, '服务监控菜单');
INSERT INTO `sys_menu` VALUES (113, '缓存监控', 2, 5, 'cache', 'monitor/cache/index', '', 1, 0, 'C', '0', '0', 'monitor:cache:list', 'redis', 'admin', '2021-11-11 20:14:36', '', NULL, '缓存监控菜单');
INSERT INTO `sys_menu` VALUES (114, '表单构建', 3, 1, 'build', 'tool/build/index', '', 1, 0, 'C', '0', '0', 'tool:build:list', 'build', 'admin', '2021-11-11 20:14:36', '', NULL, '表单构建菜单');
INSERT INTO `sys_menu` VALUES (115, '代码生成', 3, 2, 'gen', 'tool/gen/index', '', 1, 0, 'C', '0', '0', 'tool:gen:list', 'code', 'admin', '2021-11-11 20:14:36', '', NULL, '代码生成菜单');
INSERT INTO `sys_menu` VALUES (116, '系统接口', 3, 3, 'swagger', 'tool/swagger/index', '', 1, 0, 'C', '0', '0', 'tool:swagger:list', 'swagger', 'admin', '2021-11-11 20:14:36', '', NULL, '系统接口菜单');
INSERT INTO `sys_menu` VALUES (500, '操作日志', 108, 1, 'operlog', 'monitor/operlog/index', '', 1, 0, 'C', '0', '0', 'monitor:operlog:list', 'form', 'admin', '2021-11-11 20:14:36', '', NULL, '操作日志菜单');
INSERT INTO `sys_menu` VALUES (501, '登录日志', 108, 2, 'logininfor', 'monitor/logininfor/index', '', 1, 0, 'C', '0', '0', 'monitor:logininfor:list', 'logininfor', 'admin', '2021-11-11 20:14:36', '', NULL, '登录日志菜单');
INSERT INTO `sys_menu` VALUES (1001, '用户查询', 100, 1, '', '', '', 1, 0, 'F', '0', '0', 'system:user:query', '#', 'admin', '2021-11-11 20:14:36', '', NULL, '');
INSERT INTO `sys_menu` VALUES (1002, '用户新增', 100, 2, '', '', '', 1, 0, 'F', '0', '0', 'system:user:add', '#', 'admin', '2021-11-11 20:14:36', '', NULL, '');
INSERT INTO `sys_menu` VALUES (1003, '用户修改', 100, 3, '', '', '', 1, 0, 'F', '0', '0', 'system:user:edit', '#', 'admin', '2021-11-11 20:14:36', '', NULL, '');
INSERT INTO `sys_menu` VALUES (1004, '用户删除', 100, 4, '', '', '', 1, 0, 'F', '0', '0', 'system:user:remove', '#', 'admin', '2021-11-11 20:14:36', '', NULL, '');
INSERT INTO `sys_menu` VALUES (1005, '用户导出', 100, 5, '', '', '', 1, 0, 'F', '0', '0', 'system:user:export', '#', 'admin', '2021-11-11 20:14:36', '', NULL, '');
INSERT INTO `sys_menu` VALUES (1006, '用户导入', 100, 6, '', '', '', 1, 0, 'F', '0', '0', 'system:user:import', '#', 'admin', '2021-11-11 20:14:36', '', NULL, '');
INSERT INTO `sys_menu` VALUES (1007, '重置密码', 100, 7, '', '', '', 1, 0, 'F', '0', '0', 'system:user:resetPwd', '#', 'admin', '2021-11-11 20:14:36', '', NULL, '');
INSERT INTO `sys_menu` VALUES (1008, '角色查询', 101, 1, '', '', '', 1, 0, 'F', '0', '0', 'system:role:query', '#', 'admin', '2021-11-11 20:14:36', '', NULL, '');
INSERT INTO `sys_menu` VALUES (1009, '角色新增', 101, 2, '', '', '', 1, 0, 'F', '0', '0', 'system:role:add', '#', 'admin', '2021-11-11 20:14:36', '', NULL, '');
INSERT INTO `sys_menu` VALUES (1010, '角色修改', 101, 3, '', '', '', 1, 0, 'F', '0', '0', 'system:role:edit', '#', 'admin', '2021-11-11 20:14:36', '', NULL, '');
INSERT INTO `sys_menu` VALUES (1011, '角色删除', 101, 4, '', '', '', 1, 0, 'F', '0', '0', 'system:role:remove', '#', 'admin', '2021-11-11 20:14:36', '', NULL, '');
INSERT INTO `sys_menu` VALUES (1012, '角色导出', 101, 5, '', '', '', 1, 0, 'F', '0', '0', 'system:role:export', '#', 'admin', '2021-11-11 20:14:36', '', NULL, '');
INSERT INTO `sys_menu` VALUES (1013, '菜单查询', 102, 1, '', '', '', 1, 0, 'F', '0', '0', 'system:menu:query', '#', 'admin', '2021-11-11 20:14:36', '', NULL, '');
INSERT INTO `sys_menu` VALUES (1014, '菜单新增', 102, 2, '', '', '', 1, 0, 'F', '0', '0', 'system:menu:add', '#', 'admin', '2021-11-11 20:14:36', '', NULL, '');
INSERT INTO `sys_menu` VALUES (1015, '菜单修改', 102, 3, '', '', '', 1, 0, 'F', '0', '0', 'system:menu:edit', '#', 'admin', '2021-11-11 20:14:36', '', NULL, '');
INSERT INTO `sys_menu` VALUES (1016, '菜单删除', 102, 4, '', '', '', 1, 0, 'F', '0', '0', 'system:menu:remove', '#', 'admin', '2021-11-11 20:14:36', '', NULL, '');
INSERT INTO `sys_menu` VALUES (1017, '部门查询', 103, 1, '', '', '', 1, 0, 'F', '0', '0', 'system:dept:query', '#', 'admin', '2021-11-11 20:14:36', '', NULL, '');
INSERT INTO `sys_menu` VALUES (1018, '部门新增', 103, 2, '', '', '', 1, 0, 'F', '0', '0', 'system:dept:add', '#', 'admin', '2021-11-11 20:14:36', '', NULL, '');
INSERT INTO `sys_menu` VALUES (1019, '部门修改', 103, 3, '', '', '', 1, 0, 'F', '0', '0', 'system:dept:edit', '#', 'admin', '2021-11-11 20:14:36', '', NULL, '');
INSERT INTO `sys_menu` VALUES (1020, '部门删除', 103, 4, '', '', '', 1, 0, 'F', '0', '0', 'system:dept:remove', '#', 'admin', '2021-11-11 20:14:36', '', NULL, '');
INSERT INTO `sys_menu` VALUES (1021, '岗位查询', 104, 1, '', '', '', 1, 0, 'F', '0', '0', 'system:post:query', '#', 'admin', '2021-11-11 20:14:36', '', NULL, '');
INSERT INTO `sys_menu` VALUES (1022, '岗位新增', 104, 2, '', '', '', 1, 0, 'F', '0', '0', 'system:post:add', '#', 'admin', '2021-11-11 20:14:36', '', NULL, '');
INSERT INTO `sys_menu` VALUES (1023, '岗位修改', 104, 3, '', '', '', 1, 0, 'F', '0', '0', 'system:post:edit', '#', 'admin', '2021-11-11 20:14:36', '', NULL, '');
INSERT INTO `sys_menu` VALUES (1024, '岗位删除', 104, 4, '', '', '', 1, 0, 'F', '0', '0', 'system:post:remove', '#', 'admin', '2021-11-11 20:14:36', '', NULL, '');
INSERT INTO `sys_menu` VALUES (1025, '岗位导出', 104, 5, '', '', '', 1, 0, 'F', '0', '0', 'system:post:export', '#', 'admin', '2021-11-11 20:14:36', '', NULL, '');
INSERT INTO `sys_menu` VALUES (1026, '字典查询', 105, 1, '#', '', '', 1, 0, 'F', '0', '0', 'system:dict:query', '#', 'admin', '2021-11-11 20:14:36', '', NULL, '');
INSERT INTO `sys_menu` VALUES (1027, '字典新增', 105, 2, '#', '', '', 1, 0, 'F', '0', '0', 'system:dict:add', '#', 'admin', '2021-11-11 20:14:36', '', NULL, '');
INSERT INTO `sys_menu` VALUES (1028, '字典修改', 105, 3, '#', '', '', 1, 0, 'F', '0', '0', 'system:dict:edit', '#', 'admin', '2021-11-11 20:14:36', '', NULL, '');
INSERT INTO `sys_menu` VALUES (1029, '字典删除', 105, 4, '#', '', '', 1, 0, 'F', '0', '0', 'system:dict:remove', '#', 'admin', '2021-11-11 20:14:36', '', NULL, '');
INSERT INTO `sys_menu` VALUES (1030, '字典导出', 105, 5, '#', '', '', 1, 0, 'F', '0', '0', 'system:dict:export', '#', 'admin', '2021-11-11 20:14:36', '', NULL, '');
INSERT INTO `sys_menu` VALUES (1031, '参数查询', 106, 1, '#', '', '', 1, 0, 'F', '0', '0', 'system:config:query', '#', 'admin', '2021-11-11 20:14:36', '', NULL, '');
INSERT INTO `sys_menu` VALUES (1032, '参数新增', 106, 2, '#', '', '', 1, 0, 'F', '0', '0', 'system:config:add', '#', 'admin', '2021-11-11 20:14:36', '', NULL, '');
INSERT INTO `sys_menu` VALUES (1033, '参数修改', 106, 3, '#', '', '', 1, 0, 'F', '0', '0', 'system:config:edit', '#', 'admin', '2021-11-11 20:14:36', '', NULL, '');
INSERT INTO `sys_menu` VALUES (1034, '参数删除', 106, 4, '#', '', '', 1, 0, 'F', '0', '0', 'system:config:remove', '#', 'admin', '2021-11-11 20:14:36', '', NULL, '');
INSERT INTO `sys_menu` VALUES (1035, '参数导出', 106, 5, '#', '', '', 1, 0, 'F', '0', '0', 'system:config:export', '#', 'admin', '2021-11-11 20:14:36', '', NULL, '');
INSERT INTO `sys_menu` VALUES (1036, '公告查询', 107, 1, '#', '', '', 1, 0, 'F', '0', '0', 'system:notice:query', '#', 'admin', '2021-11-11 20:14:36', '', NULL, '');
INSERT INTO `sys_menu` VALUES (1037, '公告新增', 107, 2, '#', '', '', 1, 0, 'F', '0', '0', 'system:notice:add', '#', 'admin', '2021-11-11 20:14:36', '', NULL, '');
INSERT INTO `sys_menu` VALUES (1038, '公告修改', 107, 3, '#', '', '', 1, 0, 'F', '0', '0', 'system:notice:edit', '#', 'admin', '2021-11-11 20:14:36', '', NULL, '');
INSERT INTO `sys_menu` VALUES (1039, '公告删除', 107, 4, '#', '', '', 1, 0, 'F', '0', '0', 'system:notice:remove', '#', 'admin', '2021-11-11 20:14:36', '', NULL, '');
INSERT INTO `sys_menu` VALUES (1040, '操作查询', 500, 1, '#', '', '', 1, 0, 'F', '0', '0', 'monitor:operlog:query', '#', 'admin', '2021-11-11 20:14:36', '', NULL, '');
INSERT INTO `sys_menu` VALUES (1041, '操作删除', 500, 2, '#', '', '', 1, 0, 'F', '0', '0', 'monitor:operlog:remove', '#', 'admin', '2021-11-11 20:14:36', '', NULL, '');
INSERT INTO `sys_menu` VALUES (1042, '日志导出', 500, 4, '#', '', '', 1, 0, 'F', '0', '0', 'monitor:operlog:export', '#', 'admin', '2021-11-11 20:14:36', '', NULL, '');
INSERT INTO `sys_menu` VALUES (1043, '登录查询', 501, 1, '#', '', '', 1, 0, 'F', '0', '0', 'monitor:logininfor:query', '#', 'admin', '2021-11-11 20:14:36', '', NULL, '');
INSERT INTO `sys_menu` VALUES (1044, '登录删除', 501, 2, '#', '', '', 1, 0, 'F', '0', '0', 'monitor:logininfor:remove', '#', 'admin', '2021-11-11 20:14:36', '', NULL, '');
INSERT INTO `sys_menu` VALUES (1045, '日志导出', 501, 3, '#', '', '', 1, 0, 'F', '0', '0', 'monitor:logininfor:export', '#', 'admin', '2021-11-11 20:14:36', '', NULL, '');
INSERT INTO `sys_menu` VALUES (1046, '在线查询', 109, 1, '#', '', '', 1, 0, 'F', '0', '0', 'monitor:online:query', '#', 'admin', '2021-11-11 20:14:36', '', NULL, '');
INSERT INTO `sys_menu` VALUES (1047, '批量强退', 109, 2, '#', '', '', 1, 0, 'F', '0', '0', 'monitor:online:batchLogout', '#', 'admin', '2021-11-11 20:14:36', '', NULL, '');
INSERT INTO `sys_menu` VALUES (1048, '单条强退', 109, 3, '#', '', '', 1, 0, 'F', '0', '0', 'monitor:online:forceLogout', '#', 'admin', '2021-11-11 20:14:36', '', NULL, '');
INSERT INTO `sys_menu` VALUES (1049, '任务查询', 110, 1, '#', '', '', 1, 0, 'F', '0', '0', 'monitor:job:query', '#', 'admin', '2021-11-11 20:14:36', '', NULL, '');
INSERT INTO `sys_menu` VALUES (1050, '任务新增', 110, 2, '#', '', '', 1, 0, 'F', '0', '0', 'monitor:job:add', '#', 'admin', '2021-11-11 20:14:36', '', NULL, '');
INSERT INTO `sys_menu` VALUES (1051, '任务修改', 110, 3, '#', '', '', 1, 0, 'F', '0', '0', 'monitor:job:edit', '#', 'admin', '2021-11-11 20:14:36', '', NULL, '');
INSERT INTO `sys_menu` VALUES (1052, '任务删除', 110, 4, '#', '', '', 1, 0, 'F', '0', '0', 'monitor:job:remove', '#', 'admin', '2021-11-11 20:14:36', '', NULL, '');
INSERT INTO `sys_menu` VALUES (1053, '状态修改', 110, 5, '#', '', '', 1, 0, 'F', '0', '0', 'monitor:job:changeStatus', '#', 'admin', '2021-11-11 20:14:36', '', NULL, '');
INSERT INTO `sys_menu` VALUES (1054, '任务导出', 110, 7, '#', '', '', 1, 0, 'F', '0', '0', 'monitor:job:export', '#', 'admin', '2021-11-11 20:14:36', '', NULL, '');
INSERT INTO `sys_menu` VALUES (1055, '生成查询', 115, 1, '#', '', '', 1, 0, 'F', '0', '0', 'tool:gen:query', '#', 'admin', '2021-11-11 20:14:36', '', NULL, '');
INSERT INTO `sys_menu` VALUES (1056, '生成修改', 115, 2, '#', '', '', 1, 0, 'F', '0', '0', 'tool:gen:edit', '#', 'admin', '2021-11-11 20:14:36', '', NULL, '');
INSERT INTO `sys_menu` VALUES (1057, '生成删除', 115, 3, '#', '', '', 1, 0, 'F', '0', '0', 'tool:gen:remove', '#', 'admin', '2021-11-11 20:14:36', '', NULL, '');
INSERT INTO `sys_menu` VALUES (1058, '导入代码', 115, 2, '#', '', '', 1, 0, 'F', '0', '0', 'tool:gen:import', '#', 'admin', '2021-11-11 20:14:36', '', NULL, '');
INSERT INTO `sys_menu` VALUES (1059, '预览代码', 115, 4, '#', '', '', 1, 0, 'F', '0', '0', 'tool:gen:preview', '#', 'admin', '2021-11-11 20:14:36', '', NULL, '');
INSERT INTO `sys_menu` VALUES (1060, '生成代码', 115, 5, '#', '', '', 1, 0, 'F', '0', '0', 'tool:gen:code', '#', 'admin', '2021-11-11 20:14:36', '', NULL, '');
INSERT INTO `sys_menu` VALUES (2000, '信息管理', 4, 0, 'xx', NULL, NULL, 1, 0, 'M', '0', '0', NULL, 'documentation', 'admin', '2021-11-13 21:14:09', '', NULL, '');
INSERT INTO `sys_menu` VALUES (2007, '仓库信息', 2000, 1, 'wzck', 'wzck/wzck/index', NULL, 1, 0, 'C', '0', '0', 'wzck:wzck:list', 'build', 'admin', '2021-11-14 21:24:51', 'admin', '2021-11-15 13:25:39', '仓库信息菜单');
INSERT INTO `sys_menu` VALUES (2008, '仓库信息查询', 2007, 1, '#', '', NULL, 1, 0, 'F', '0', '0', 'wzck:wzck:query', '#', 'admin', '2021-11-14 21:24:51', '', NULL, '');
INSERT INTO `sys_menu` VALUES (2009, '仓库信息新增', 2007, 2, '#', '', NULL, 1, 0, 'F', '0', '0', 'wzck:wzck:add', '#', 'admin', '2021-11-14 21:24:51', '', NULL, '');
INSERT INTO `sys_menu` VALUES (2010, '仓库信息修改', 2007, 3, '#', '', NULL, 1, 0, 'F', '0', '0', 'wzck:wzck:edit', '#', 'admin', '2021-11-14 21:24:51', '', NULL, '');
INSERT INTO `sys_menu` VALUES (2011, '仓库信息删除', 2007, 4, '#', '', NULL, 1, 0, 'F', '0', '0', 'wzck:wzck:remove', '#', 'admin', '2021-11-14 21:24:51', '', NULL, '');
INSERT INTO `sys_menu` VALUES (2012, '仓库信息导出', 2007, 5, '#', '', NULL, 1, 0, 'F', '0', '0', 'wzck:wzck:export', '#', 'admin', '2021-11-14 21:24:51', '', NULL, '');
INSERT INTO `sys_menu` VALUES (2013, '车辆信息', 2000, 1, 'wzcl', 'wzcl/wzcl/index', NULL, 1, 0, 'C', '0', '0', 'wzcl:wzcl:list', 'international', 'admin', '2021-11-14 21:25:02', 'admin', '2021-11-15 13:26:11', '车辆信息表菜单');
INSERT INTO `sys_menu` VALUES (2014, '车辆信息查询', 2013, 1, '#', '', NULL, 1, 0, 'F', '0', '0', 'wzcl:wzcl:query', '#', 'admin', '2021-11-14 21:25:02', '', NULL, '');
INSERT INTO `sys_menu` VALUES (2015, '车辆信息新增', 2013, 2, '#', '', NULL, 1, 0, 'F', '0', '0', 'wzcl:wzcl:add', '#', 'admin', '2021-11-14 21:25:02', '', NULL, '');
INSERT INTO `sys_menu` VALUES (2016, '车辆信息修改', 2013, 3, '#', '', NULL, 1, 0, 'F', '0', '0', 'wzcl:wzcl:edit', '#', 'admin', '2021-11-14 21:25:02', '', NULL, '');
INSERT INTO `sys_menu` VALUES (2017, '车辆信息删除', 2013, 4, '#', '', NULL, 1, 0, 'F', '0', '0', 'wzcl:wzcl:remove', '#', 'admin', '2021-11-14 21:25:02', '', NULL, '');
INSERT INTO `sys_menu` VALUES (2018, '车辆信息导出', 2013, 5, '#', '', NULL, 1, 0, 'F', '0', '0', 'wzcl:wzcl:export', '#', 'admin', '2021-11-14 21:25:02', '', NULL, '');
INSERT INTO `sys_menu` VALUES (2019, '物资发放', 4, 1, 'wzff', 'wzff/wzff/index', NULL, 1, 0, 'C', '0', '0', 'wzff:wzff:list', 'guide', 'admin', '2021-11-14 21:25:16', 'admin', '2021-11-15 13:23:17', '物资发放菜单');
INSERT INTO `sys_menu` VALUES (2020, '物资发放查询', 2019, 1, '#', '', NULL, 1, 0, 'F', '0', '0', 'wzff:wzff:query', '#', 'admin', '2021-11-14 21:25:16', '', NULL, '');
INSERT INTO `sys_menu` VALUES (2021, '物资发放新增', 2019, 2, '#', '', NULL, 1, 0, 'F', '0', '0', 'wzff:wzff:add', '#', 'admin', '2021-11-14 21:25:16', '', NULL, '');
INSERT INTO `sys_menu` VALUES (2022, '物资发放修改', 2019, 3, '#', '', NULL, 1, 0, 'F', '0', '0', 'wzff:wzff:edit', '#', 'admin', '2021-11-14 21:25:16', '', NULL, '');
INSERT INTO `sys_menu` VALUES (2023, '物资发放删除', 2019, 4, '#', '', NULL, 1, 0, 'F', '0', '0', 'wzff:wzff:remove', '#', 'admin', '2021-11-14 21:25:16', '', NULL, '');
INSERT INTO `sys_menu` VALUES (2024, '物资发放导出', 2019, 5, '#', '', NULL, 1, 0, 'F', '0', '0', 'wzff:wzff:export', '#', 'admin', '2021-11-14 21:25:16', '', NULL, '');
INSERT INTO `sys_menu` VALUES (2025, '物资库存', 4, 1, 'wzkc', 'wzkc/wzkc/index', NULL, 1, 0, 'C', '0', '0', 'wzkc:wzkc:list', 'druid', 'admin', '2021-11-14 21:25:27', 'admin', '2021-11-15 13:24:04', '物资库存菜单');
INSERT INTO `sys_menu` VALUES (2026, '物资库存查询', 2025, 1, '#', '', NULL, 1, 0, 'F', '0', '0', 'wzkc:wzkc:query', '#', 'admin', '2021-11-14 21:25:27', '', NULL, '');
INSERT INTO `sys_menu` VALUES (2027, '物资库存新增', 2025, 2, '#', '', NULL, 1, 0, 'F', '0', '0', 'wzkc:wzkc:add', '#', 'admin', '2021-11-14 21:25:27', '', NULL, '');
INSERT INTO `sys_menu` VALUES (2028, '物资库存修改', 2025, 3, '#', '', NULL, 1, 0, 'F', '0', '0', 'wzkc:wzkc:edit', '#', 'admin', '2021-11-14 21:25:27', '', NULL, '');
INSERT INTO `sys_menu` VALUES (2029, '物资库存删除', 2025, 4, '#', '', NULL, 1, 0, 'F', '0', '0', 'wzkc:wzkc:remove', '#', 'admin', '2021-11-14 21:25:27', '', NULL, '');
INSERT INTO `sys_menu` VALUES (2030, '物资库存导出', 2025, 5, '#', '', NULL, 1, 0, 'F', '0', '0', 'wzkc:wzkc:export', '#', 'admin', '2021-11-14 21:25:27', '', NULL, '');
INSERT INTO `sys_menu` VALUES (2031, '物资来源', 2000, 1, 'wzly', 'wzly/wzly/index', NULL, 1, 0, 'C', '0', '0', 'wzly:wzly:list', 'dict', 'admin', '2021-11-14 21:25:38', 'admin', '2021-11-15 13:26:19', '物资来源菜单');
INSERT INTO `sys_menu` VALUES (2032, '物资来源查询', 2031, 1, '#', '', NULL, 1, 0, 'F', '0', '0', 'wzly:wzly:query', '#', 'admin', '2021-11-14 21:25:38', '', NULL, '');
INSERT INTO `sys_menu` VALUES (2033, '物资来源新增', 2031, 2, '#', '', NULL, 1, 0, 'F', '0', '0', 'wzly:wzly:add', '#', 'admin', '2021-11-14 21:25:38', '', NULL, '');
INSERT INTO `sys_menu` VALUES (2034, '物资来源修改', 2031, 3, '#', '', NULL, 1, 0, 'F', '0', '0', 'wzly:wzly:edit', '#', 'admin', '2021-11-14 21:25:38', '', NULL, '');
INSERT INTO `sys_menu` VALUES (2035, '物资来源删除', 2031, 4, '#', '', NULL, 1, 0, 'F', '0', '0', 'wzly:wzly:remove', '#', 'admin', '2021-11-14 21:25:38', '', NULL, '');
INSERT INTO `sys_menu` VALUES (2036, '物资来源导出', 2031, 5, '#', '', NULL, 1, 0, 'F', '0', '0', 'wzly:wzly:export', '#', 'admin', '2021-11-14 21:25:38', '', NULL, '');
INSERT INTO `sys_menu` VALUES (2037, '物资明细', 4, 1, 'wzmx', 'wzmx/wzmx/index', NULL, 1, 0, 'C', '0', '0', 'wzmx:wzmx:list', 'tree-table', 'admin', '2021-11-14 21:25:49', 'admin', '2021-11-15 13:24:23', '物资明细菜单');
INSERT INTO `sys_menu` VALUES (2038, '物资明细查询', 2037, 1, '#', '', NULL, 1, 0, 'F', '0', '0', 'wzmx:wzmx:query', '#', 'admin', '2021-11-14 21:25:49', '', NULL, '');
INSERT INTO `sys_menu` VALUES (2039, '物资明细新增', 2037, 2, '#', '', NULL, 1, 0, 'F', '0', '0', 'wzmx:wzmx:add', '#', 'admin', '2021-11-14 21:25:49', '', NULL, '');
INSERT INTO `sys_menu` VALUES (2040, '物资明细修改', 2037, 3, '#', '', NULL, 1, 0, 'F', '0', '0', 'wzmx:wzmx:edit', '#', 'admin', '2021-11-14 21:25:49', '', NULL, '');
INSERT INTO `sys_menu` VALUES (2041, '物资明细删除', 2037, 4, '#', '', NULL, 1, 0, 'F', '0', '0', 'wzmx:wzmx:remove', '#', 'admin', '2021-11-14 21:25:49', '', NULL, '');
INSERT INTO `sys_menu` VALUES (2042, '物资明细导出', 2037, 5, '#', '', NULL, 1, 0, 'F', '0', '0', 'wzmx:wzmx:export', '#', 'admin', '2021-11-14 21:25:49', '', NULL, '');
INSERT INTO `sys_menu` VALUES (2043, '物资流向', 2000, 1, 'wzqc', 'wzqc/wzqc/index', NULL, 1, 0, 'C', '0', '0', 'wzqc:wzqc:list', 'link', 'admin', '2021-11-14 21:26:00', 'admin', '2021-11-15 13:26:32', '物资流向菜单');
INSERT INTO `sys_menu` VALUES (2044, '物资流向查询', 2043, 1, '#', '', NULL, 1, 0, 'F', '0', '0', 'wzqc:wzqc:query', '#', 'admin', '2021-11-14 21:26:00', '', NULL, '');
INSERT INTO `sys_menu` VALUES (2045, '物资流向新增', 2043, 2, '#', '', NULL, 1, 0, 'F', '0', '0', 'wzqc:wzqc:add', '#', 'admin', '2021-11-14 21:26:00', '', NULL, '');
INSERT INTO `sys_menu` VALUES (2046, '物资流向修改', 2043, 3, '#', '', NULL, 1, 0, 'F', '0', '0', 'wzqc:wzqc:edit', '#', 'admin', '2021-11-14 21:26:00', '', NULL, '');
INSERT INTO `sys_menu` VALUES (2047, '物资流向删除', 2043, 4, '#', '', NULL, 1, 0, 'F', '0', '0', 'wzqc:wzqc:remove', '#', 'admin', '2021-11-14 21:26:00', '', NULL, '');
INSERT INTO `sys_menu` VALUES (2048, '物资流向导出', 2043, 5, '#', '', NULL, 1, 0, 'F', '0', '0', 'wzqc:wzqc:export', '#', 'admin', '2021-11-14 21:26:00', '', NULL, '');
INSERT INTO `sys_menu` VALUES (2049, '物资入库', 4, 1, 'wzrk', 'wzrk/wzrk/index', NULL, 1, 0, 'C', '0', '0', 'wzrk:wzrk:list', 'input', 'admin', '2021-11-14 21:26:15', 'admin', '2021-11-15 13:24:32', '物资入库表菜单');
INSERT INTO `sys_menu` VALUES (2050, '物资入库查询', 2049, 1, '#', '', NULL, 1, 0, 'F', '0', '0', 'wzrk:wzrk:query', '#', 'admin', '2021-11-14 21:26:15', '', NULL, '');
INSERT INTO `sys_menu` VALUES (2051, '物资入库新增', 2049, 2, '#', '', NULL, 1, 0, 'F', '0', '0', 'wzrk:wzrk:add', '#', 'admin', '2021-11-14 21:26:15', '', NULL, '');
INSERT INTO `sys_menu` VALUES (2052, '物资入库修改', 2049, 3, '#', '', NULL, 1, 0, 'F', '0', '0', 'wzrk:wzrk:edit', '#', 'admin', '2021-11-14 21:26:15', '', NULL, '');
INSERT INTO `sys_menu` VALUES (2053, '物资入库删除', 2049, 4, '#', '', NULL, 1, 0, 'F', '0', '0', 'wzrk:wzrk:remove', '#', 'admin', '2021-11-14 21:26:15', '', NULL, '');
INSERT INTO `sys_menu` VALUES (2054, '物资入库导出', 2049, 5, '#', '', NULL, 1, 0, 'F', '0', '0', 'wzrk:wzrk:export', '#', 'admin', '2021-11-14 21:26:15', '', NULL, '');
INSERT INTO `sys_menu` VALUES (2055, '物资日志', 108, 1, 'wzrz', 'wzrz/wzrz/index', NULL, 1, 0, 'C', '0', '0', 'wzrz:wzrz:list', '#', 'admin', '2021-11-14 21:26:27', '', NULL, '物资日志菜单');
INSERT INTO `sys_menu` VALUES (2056, '物资日志查询', 2055, 1, '#', '', NULL, 1, 0, 'F', '0', '0', 'wzrz:wzrz:query', '#', 'admin', '2021-11-14 21:26:27', '', NULL, '');
INSERT INTO `sys_menu` VALUES (2057, '物资日志新增', 2055, 2, '#', '', NULL, 1, 0, 'F', '0', '0', 'wzrz:wzrz:add', '#', 'admin', '2021-11-14 21:26:27', '', NULL, '');
INSERT INTO `sys_menu` VALUES (2058, '物资日志修改', 2055, 3, '#', '', NULL, 1, 0, 'F', '0', '0', 'wzrz:wzrz:edit', '#', 'admin', '2021-11-14 21:26:27', '', NULL, '');
INSERT INTO `sys_menu` VALUES (2059, '物资日志删除', 2055, 4, '#', '', NULL, 1, 0, 'F', '0', '0', 'wzrz:wzrz:remove', '#', 'admin', '2021-11-14 21:26:27', '', NULL, '');
INSERT INTO `sys_menu` VALUES (2060, '物资日志导出', 2055, 5, '#', '', NULL, 1, 0, 'F', '0', '0', 'wzrz:wzrz:export', '#', 'admin', '2021-11-14 21:26:27', '', NULL, '');
INSERT INTO `sys_menu` VALUES (2061, '物资资料', 2000, 1, 'wzwz', 'wzwz/wzwz/index', NULL, 1, 0, 'C', '0', '0', 'wzwz:wzwz:list', 'redis', 'admin', '2021-11-14 21:26:35', 'admin', '2021-11-15 13:26:40', '物资资料菜单');
INSERT INTO `sys_menu` VALUES (2062, '物资资料查询', 2061, 1, '#', '', NULL, 1, 0, 'F', '0', '0', 'wzwz:wzwz:query', '#', 'admin', '2021-11-14 21:26:35', '', NULL, '');
INSERT INTO `sys_menu` VALUES (2063, '物资资料新增', 2061, 2, '#', '', NULL, 1, 0, 'F', '0', '0', 'wzwz:wzwz:add', '#', 'admin', '2021-11-14 21:26:35', '', NULL, '');
INSERT INTO `sys_menu` VALUES (2064, '物资资料修改', 2061, 3, '#', '', NULL, 1, 0, 'F', '0', '0', 'wzwz:wzwz:edit', '#', 'admin', '2021-11-14 21:26:35', '', NULL, '');
INSERT INTO `sys_menu` VALUES (2065, '物资资料删除', 2061, 4, '#', '', NULL, 1, 0, 'F', '0', '0', 'wzwz:wzwz:remove', '#', 'admin', '2021-11-14 21:26:35', '', NULL, '');
INSERT INTO `sys_menu` VALUES (2066, '物资资料导出', 2061, 5, '#', '', NULL, 1, 0, 'F', '0', '0', 'wzwz:wzwz:export', '#', 'admin', '2021-11-14 21:26:35', '', NULL, '');
INSERT INTO `sys_menu` VALUES (2067, '物资运输', 4, 1, 'wzys', 'wzys/wzys/index', NULL, 1, 0, 'C', '0', '0', 'wzys:wzys:list', 'shopping', 'admin', '2021-11-14 21:26:45', 'admin', '2021-11-15 13:25:01', '物资运输菜单');
INSERT INTO `sys_menu` VALUES (2068, '物资运输查询', 2067, 1, '#', '', NULL, 1, 0, 'F', '0', '0', 'wzys:wzys:query', '#', 'admin', '2021-11-14 21:26:45', '', NULL, '');
INSERT INTO `sys_menu` VALUES (2069, '物资运输新增', 2067, 2, '#', '', NULL, 1, 0, 'F', '0', '0', 'wzys:wzys:add', '#', 'admin', '2021-11-14 21:26:45', '', NULL, '');
INSERT INTO `sys_menu` VALUES (2070, '物资运输修改', 2067, 3, '#', '', NULL, 1, 0, 'F', '0', '0', 'wzys:wzys:edit', '#', 'admin', '2021-11-14 21:26:45', '', NULL, '');
INSERT INTO `sys_menu` VALUES (2071, '物资运输删除', 2067, 4, '#', '', NULL, 1, 0, 'F', '0', '0', 'wzys:wzys:remove', '#', 'admin', '2021-11-14 21:26:45', '', NULL, '');
INSERT INTO `sys_menu` VALUES (2072, '物资运输导出', 2067, 5, '#', '', NULL, 1, 0, 'F', '0', '0', 'wzys:wzys:export', '#', 'admin', '2021-11-14 21:26:45', '', NULL, '');
INSERT INTO `sys_menu` VALUES (2073, '物资入库溯源', 2049, 6, '#', NULL, NULL, 1, 0, 'F', '0', '0', 'wzrk:wzrk:trace', '#', 'admin', NULL, '', NULL, '');
INSERT INTO `sys_menu` VALUES (2074, '物资入库批准', 2049, 7, '#', NULL, NULL, 1, 0, 'F', '0', '0', 'wzrk:wzrk:rk', '#', 'admin', NULL, '', NULL, '');
INSERT INTO `sys_menu` VALUES (2075, '物资发放溯源', 2019, 6, '#', NULL, NULL, 1, 0, 'F', '0', '0', 'wzff:wzff:trace', '#', 'admin', NULL, '', NULL, '');
INSERT INTO `sys_menu` VALUES (2076, '物资发放批准', 2019, 7, '#', NULL, NULL, 1, 0, 'F', '0', '0', 'wzff:wzff:ff', '#', 'admin', NULL, '', NULL, '');
INSERT INTO `sys_menu` VALUES (2077, '物资运输溯源', 2067, 6, '#', NULL, NULL, 1, 0, 'F', '0', '0', 'wzys:wzys:trace', '#', 'admin', NULL, '', NULL, '');
INSERT INTO `sys_menu` VALUES (2078, '物资运输批准', 2067, 7, '#', NULL, NULL, 1, 0, 'F', '0', '0', 'wzys:wzys:ys', '#', 'admin', NULL, '', NULL, '');

-- ----------------------------
-- Table structure for sys_notice
-- ----------------------------
DROP TABLE IF EXISTS `sys_notice`;
CREATE TABLE `sys_notice`  (
  `notice_id` int NOT NULL AUTO_INCREMENT COMMENT '公告ID',
  `notice_title` varchar(50) CHARACTER SET utf8 COLLATE utf8_general_ci NOT NULL COMMENT '公告标题',
  `notice_type` char(1) CHARACTER SET utf8 COLLATE utf8_general_ci NOT NULL COMMENT '公告类型（1通知 2公告）',
  `notice_content` longblob NULL COMMENT '公告内容',
  `status` char(1) CHARACTER SET utf8 COLLATE utf8_general_ci NULL DEFAULT '0' COMMENT '公告状态（0正常 1关闭）',
  `create_by` varchar(64) CHARACTER SET utf8 COLLATE utf8_general_ci NULL DEFAULT '' COMMENT '创建者',
  `create_time` datetime NULL DEFAULT NULL COMMENT '创建时间',
  `update_by` varchar(64) CHARACTER SET utf8 COLLATE utf8_general_ci NULL DEFAULT '' COMMENT '更新者',
  `update_time` datetime NULL DEFAULT NULL COMMENT '更新时间',
  `remark` varchar(255) CHARACTER SET utf8 COLLATE utf8_general_ci NULL DEFAULT NULL COMMENT '备注',
  PRIMARY KEY (`notice_id`) USING BTREE
) ENGINE = InnoDB AUTO_INCREMENT = 10 CHARACTER SET = utf8 COLLATE = utf8_general_ci COMMENT = '通知公告表' ROW_FORMAT = Dynamic;

-- ----------------------------
-- Records of sys_notice
-- ----------------------------
INSERT INTO `sys_notice` VALUES (1, '温馨提醒：2018-07-01 若依新版本发布啦', '2', 0xE696B0E78988E69CACE58685E5AEB9, '0', 'admin', '2021-11-11 20:14:40', '', NULL, '管理员');
INSERT INTO `sys_notice` VALUES (2, '维护通知：2018-07-01 若依系统凌晨维护', '1', 0xE7BBB4E68AA4E58685E5AEB9, '0', 'admin', '2021-11-11 20:14:40', '', NULL, '管理员');
INSERT INTO `sys_notice` VALUES (10, '啦啦啦', '1', 0x3C703EE79A843C2F703E, '0', 'admin', '2021-11-15 13:55:25', '', NULL, NULL);

-- ----------------------------
-- Table structure for sys_oper_log
-- ----------------------------
DROP TABLE IF EXISTS `sys_oper_log`;
CREATE TABLE `sys_oper_log`  (
  `oper_id` bigint NOT NULL AUTO_INCREMENT COMMENT '日志主键',
  `title` varchar(50) CHARACTER SET utf8 COLLATE utf8_general_ci NULL DEFAULT '' COMMENT '模块标题',
  `business_type` int NULL DEFAULT 0 COMMENT '业务类型（0其它 1新增 2修改 3删除）',
  `method` varchar(100) CHARACTER SET utf8 COLLATE utf8_general_ci NULL DEFAULT '' COMMENT '方法名称',
  `request_method` varchar(10) CHARACTER SET utf8 COLLATE utf8_general_ci NULL DEFAULT '' COMMENT '请求方式',
  `operator_type` int NULL DEFAULT 0 COMMENT '操作类别（0其它 1后台用户 2手机端用户）',
  `oper_name` varchar(50) CHARACTER SET utf8 COLLATE utf8_general_ci NULL DEFAULT '' COMMENT '操作人员',
  `dept_name` varchar(50) CHARACTER SET utf8 COLLATE utf8_general_ci NULL DEFAULT '' COMMENT '部门名称',
  `oper_url` varchar(255) CHARACTER SET utf8 COLLATE utf8_general_ci NULL DEFAULT '' COMMENT '请求URL',
  `oper_ip` varchar(128) CHARACTER SET utf8 COLLATE utf8_general_ci NULL DEFAULT '' COMMENT '主机地址',
  `oper_location` varchar(255) CHARACTER SET utf8 COLLATE utf8_general_ci NULL DEFAULT '' COMMENT '操作地点',
  `oper_param` varchar(2000) CHARACTER SET utf8 COLLATE utf8_general_ci NULL DEFAULT '' COMMENT '请求参数',
  `json_result` varchar(2000) CHARACTER SET utf8 COLLATE utf8_general_ci NULL DEFAULT '' COMMENT '返回参数',
  `status` int NULL DEFAULT 0 COMMENT '操作状态（0正常 1异常）',
  `error_msg` varchar(2000) CHARACTER SET utf8 COLLATE utf8_general_ci NULL DEFAULT '' COMMENT '错误消息',
  `oper_time` datetime NULL DEFAULT NULL COMMENT '操作时间',
  PRIMARY KEY (`oper_id`) USING BTREE
) ENGINE = InnoDB AUTO_INCREMENT = 547 CHARACTER SET = utf8 COLLATE = utf8_general_ci COMMENT = '操作日志记录' ROW_FORMAT = Dynamic;

-- ----------------------------
-- Records of sys_oper_log
-- ----------------------------
INSERT INTO `sys_oper_log` VALUES (100, '代码生成', 6, 'com.ruoyi.generator.controller.GenController.importTableSave()', 'POST', 1, 'admin', NULL, '/tool/gen/importTable', '127.0.0.1', '内网IP', 'test_u', '{\"msg\":\"操作成功\",\"code\":200}', 0, NULL, '2021-11-11 21:06:02');
INSERT INTO `sys_oper_log` VALUES (101, '菜单管理', 2, 'com.ruoyi.web.controller.system.SysMenuController.edit()', 'PUT', 1, 'admin', NULL, '/system/menu', '127.0.0.1', '内网IP', '{\"visible\":\"0\",\"query\":\"\",\"icon\":\"guide\",\"orderNum\":\"4\",\"menuName\":\"业务管理\",\"params\":{},\"parentId\":0,\"isCache\":\"0\",\"path\":\"yw\",\"children\":[],\"createTime\":1636632876000,\"updateBy\":\"admin\",\"isFrame\":\"1\",\"menuId\":4,\"menuType\":\"M\",\"perms\":\"\",\"status\":\"0\"}', '{\"msg\":\"操作成功\",\"code\":200}', 0, NULL, '2021-11-13 18:10:46');
INSERT INTO `sys_oper_log` VALUES (102, '代码生成', 3, 'com.ruoyi.generator.controller.GenController.remove()', 'DELETE', 1, 'admin', NULL, '/tool/gen/1', '127.0.0.1', '内网IP', '{tableIds=1}', '{\"msg\":\"操作成功\",\"code\":200}', 0, NULL, '2021-11-13 20:58:18');
INSERT INTO `sys_oper_log` VALUES (103, '代码生成', 6, 'com.ruoyi.generator.controller.GenController.importTableSave()', 'POST', 1, 'admin', NULL, '/tool/gen/importTable', '127.0.0.1', '内网IP', 'wz_wz', '{\"msg\":\"操作成功\",\"code\":200}', 0, NULL, '2021-11-13 20:58:29');
INSERT INTO `sys_oper_log` VALUES (104, '代码生成', 2, 'com.ruoyi.generator.controller.GenController.editSave()', 'PUT', 1, 'admin', NULL, '/tool/gen', '127.0.0.1', '内网IP', '{\"sub\":false,\"functionAuthor\":\"ruoyi\",\"columns\":[{\"capJavaField\":\"Id\",\"usableColumn\":false,\"columnId\":5,\"isIncrement\":\"1\",\"increment\":true,\"insert\":true,\"dictType\":\"\",\"required\":false,\"superColumn\":false,\"updateBy\":\"\",\"isInsert\":\"1\",\"javaField\":\"id\",\"htmlType\":\"input\",\"edit\":false,\"query\":false,\"columnComment\":\"物资编号\",\"sort\":1,\"list\":false,\"params\":{},\"javaType\":\"Integer\",\"queryType\":\"EQ\",\"columnType\":\"int\",\"createBy\":\"admin\",\"isPk\":\"1\",\"createTime\":1636808309000,\"tableId\":2,\"pk\":true,\"columnName\":\"id\"},{\"capJavaField\":\"WzTp\",\"usableColumn\":false,\"columnId\":6,\"isIncrement\":\"0\",\"increment\":false,\"insert\":true,\"isList\":\"1\",\"dictType\":\"\",\"required\":false,\"superColumn\":false,\"updateBy\":\"\",\"isInsert\":\"1\",\"javaField\":\"wzTp\",\"htmlType\":\"input\",\"edit\":true,\"query\":true,\"columnComment\":\"物资图片\",\"isQuery\":\"1\",\"sort\":2,\"list\":true,\"params\":{},\"javaType\":\"String\",\"queryType\":\"EQ\",\"columnType\":\"varchar(255)\",\"createBy\":\"admin\",\"isPk\":\"0\",\"createTime\":1636808309000,\"isEdit\":\"1\",\"tableId\":2,\"pk\":false,\"columnName\":\"wz_tp\"},{\"capJavaField\":\"WzName\",\"usableColumn\":false,\"columnId\":7,\"isIncrement\":\"0\",\"increment\":false,\"insert\":true,\"isList\":\"1\",\"dictType\":\"\",\"required\":true,\"superColumn\":false,\"updateBy\":\"\",\"isInsert\":\"1\",\"isRequired\":\"1\",\"javaField\":\"wzName\",\"htmlType\":\"input\",\"edit\":true,\"query\":true,\"columnComment\":\"物资名称\",\"isQuery\":\"1\",\"sort\":3,\"list\":true,\"params\":{},\"javaType\":\"String\",\"queryType\":\"LIKE\",\"columnType\":\"varchar(50)\",\"createBy\":\"admin\",\"isPk\":\"0\",\"createTime\":1636808309000,\"isEdit\":\"1\",\"tableId\":2,\"pk\":false,\"columnName\":\"wz_name\"},{\"capJavaField\":\"WzGg\",\"usableColumn\":false,\"columnId\":8,\"isIncrement\":\"0\",\"increment\":false,\"insert\":true,\"isList\":\"1\",\"dictType\":\"\",\"required\":true,\"superColumn\":false,\"updateBy\":\"\",\"isInsert\":\"1\",\"isRequired\":\"1\",\"javaField\":\"wzGg\",\"htmlType\":\"input\",\"edit\":true,\"query\":true,\"columnComment\":\"规格\",\"isQuery\":\"1\",\"sort\":4,\"list\":true,\"params\":{},\"javaType\":\"String\",\"queryType\":\"EQ\",\"columnType\":\"varchar(20)\",\"createBy\":\"admin\",\"isPk\":\"0\",\"c', '{\"msg\":\"操作成功\",\"code\":200}', 0, NULL, '2021-11-13 21:05:33');
INSERT INTO `sys_oper_log` VALUES (105, '字典类型', 1, 'com.ruoyi.web.controller.system.SysDictTypeController.add()', 'POST', 1, 'admin', NULL, '/system/dict/type', '127.0.0.1', '内网IP', '{\"createBy\":\"admin\",\"dictName\":\"物资类型\",\"remark\":\"物资类型\",\"params\":{},\"dictType\":\"wz_nx\",\"status\":\"0\"}', '{\"msg\":\"操作成功\",\"code\":200}', 0, NULL, '2021-11-13 21:07:15');
INSERT INTO `sys_oper_log` VALUES (106, '字典数据', 1, 'com.ruoyi.web.controller.system.SysDictDataController.add()', 'POST', 1, 'admin', NULL, '/system/dict/data', '127.0.0.1', '内网IP', '{\"dictValue\":\"1\",\"listClass\":\"default\",\"dictSort\":1,\"params\":{},\"dictType\":\"wz_nx\",\"dictLabel\":\"捐赠\",\"createBy\":\"admin\",\"default\":false,\"status\":\"0\"}', '{\"msg\":\"操作成功\",\"code\":200}', 0, NULL, '2021-11-13 21:10:01');
INSERT INTO `sys_oper_log` VALUES (107, '字典数据', 2, 'com.ruoyi.web.controller.system.SysDictDataController.edit()', 'PUT', 1, 'admin', NULL, '/system/dict/data', '127.0.0.1', '内网IP', '{\"dictValue\":\"1\",\"listClass\":\"primary\",\"dictSort\":1,\"params\":{},\"dictType\":\"wz_nx\",\"dictLabel\":\"捐赠\",\"createBy\":\"admin\",\"default\":false,\"isDefault\":\"N\",\"createTime\":1636809001000,\"dictCode\":100,\"updateBy\":\"admin\",\"status\":\"0\"}', '{\"msg\":\"操作成功\",\"code\":200}', 0, NULL, '2021-11-13 21:10:11');
INSERT INTO `sys_oper_log` VALUES (108, '字典数据', 1, 'com.ruoyi.web.controller.system.SysDictDataController.add()', 'POST', 1, 'admin', NULL, '/system/dict/data', '127.0.0.1', '内网IP', '{\"dictValue\":\"2\",\"listClass\":\"success\",\"dictSort\":4,\"params\":{},\"dictType\":\"wz_nx\",\"dictLabel\":\"下拨\",\"createBy\":\"admin\",\"default\":false,\"status\":\"0\"}', '{\"msg\":\"操作成功\",\"code\":200}', 0, NULL, '2021-11-13 21:10:40');
INSERT INTO `sys_oper_log` VALUES (109, '字典数据', 1, 'com.ruoyi.web.controller.system.SysDictDataController.add()', 'POST', 1, 'admin', NULL, '/system/dict/data', '127.0.0.1', '内网IP', '{\"dictValue\":\"3\",\"listClass\":\"info\",\"dictSort\":3,\"params\":{},\"dictType\":\"wz_nx\",\"dictLabel\":\"采购\",\"createBy\":\"admin\",\"default\":false,\"status\":\"0\"}', '{\"msg\":\"操作成功\",\"code\":200}', 0, NULL, '2021-11-13 21:11:05');
INSERT INTO `sys_oper_log` VALUES (110, '字典数据', 1, 'com.ruoyi.web.controller.system.SysDictDataController.add()', 'POST', 1, 'admin', NULL, '/system/dict/data', '127.0.0.1', '内网IP', '{\"dictValue\":\"4\",\"listClass\":\"warning\",\"dictSort\":4,\"params\":{},\"dictType\":\"wz_nx\",\"dictLabel\":\"借用\",\"createBy\":\"admin\",\"default\":false,\"status\":\"0\"}', '{\"msg\":\"操作成功\",\"code\":200}', 0, NULL, '2021-11-13 21:11:23');
INSERT INTO `sys_oper_log` VALUES (111, '代码生成', 2, 'com.ruoyi.generator.controller.GenController.editSave()', 'PUT', 1, 'admin', NULL, '/tool/gen', '127.0.0.1', '内网IP', '{\"sub\":false,\"functionAuthor\":\"ruoyi\",\"columns\":[{\"capJavaField\":\"Id\",\"usableColumn\":false,\"columnId\":5,\"isIncrement\":\"1\",\"increment\":true,\"insert\":true,\"dictType\":\"\",\"required\":false,\"superColumn\":false,\"updateBy\":\"\",\"isInsert\":\"1\",\"javaField\":\"id\",\"htmlType\":\"input\",\"edit\":false,\"query\":false,\"columnComment\":\"物资编号\",\"updateTime\":1636808733000,\"sort\":1,\"list\":false,\"params\":{},\"javaType\":\"Integer\",\"queryType\":\"EQ\",\"columnType\":\"int\",\"createBy\":\"admin\",\"isPk\":\"1\",\"createTime\":1636808309000,\"tableId\":2,\"pk\":true,\"columnName\":\"id\"},{\"capJavaField\":\"WzTp\",\"usableColumn\":false,\"columnId\":6,\"isIncrement\":\"0\",\"increment\":false,\"insert\":true,\"isList\":\"1\",\"dictType\":\"\",\"required\":false,\"superColumn\":false,\"updateBy\":\"\",\"isInsert\":\"1\",\"javaField\":\"wzTp\",\"htmlType\":\"imageUpload\",\"edit\":true,\"query\":true,\"columnComment\":\"物资图片\",\"isQuery\":\"1\",\"updateTime\":1636808733000,\"sort\":2,\"list\":true,\"params\":{},\"javaType\":\"String\",\"queryType\":\"EQ\",\"columnType\":\"varchar(255)\",\"createBy\":\"admin\",\"isPk\":\"0\",\"createTime\":1636808309000,\"isEdit\":\"1\",\"tableId\":2,\"pk\":false,\"columnName\":\"wz_tp\"},{\"capJavaField\":\"WzName\",\"usableColumn\":false,\"columnId\":7,\"isIncrement\":\"0\",\"increment\":false,\"insert\":true,\"isList\":\"1\",\"dictType\":\"\",\"required\":true,\"superColumn\":false,\"updateBy\":\"\",\"isInsert\":\"1\",\"isRequired\":\"1\",\"javaField\":\"wzName\",\"htmlType\":\"input\",\"edit\":true,\"query\":true,\"columnComment\":\"物资名称\",\"isQuery\":\"1\",\"updateTime\":1636808733000,\"sort\":3,\"list\":true,\"params\":{},\"javaType\":\"String\",\"queryType\":\"LIKE\",\"columnType\":\"varchar(50)\",\"createBy\":\"admin\",\"isPk\":\"0\",\"createTime\":1636808309000,\"isEdit\":\"1\",\"tableId\":2,\"pk\":false,\"columnName\":\"wz_name\"},{\"capJavaField\":\"WzGg\",\"usableColumn\":false,\"columnId\":8,\"isIncrement\":\"0\",\"increment\":false,\"insert\":true,\"isList\":\"1\",\"dictType\":\"\",\"required\":true,\"superColumn\":false,\"updateBy\":\"\",\"isInsert\":\"1\",\"isRequired\":\"1\",\"javaField\":\"wzGg\",\"htmlType\":\"input\",\"edit\":true,\"query\":true,\"columnComment\":\"规格\",\"isQuery\":\"1\",\"updateTime\":1636808733000,\"sort\":4,\"list\"', '{\"msg\":\"操作成功\",\"code\":200}', 0, NULL, '2021-11-13 21:13:23');
INSERT INTO `sys_oper_log` VALUES (112, '菜单管理', 1, 'com.ruoyi.web.controller.system.SysMenuController.add()', 'POST', 1, 'admin', NULL, '/system/menu', '127.0.0.1', '内网IP', '{\"visible\":\"0\",\"icon\":\"documentation\",\"orderNum\":\"0\",\"menuName\":\"信息管理\",\"params\":{},\"parentId\":4,\"isCache\":\"0\",\"path\":\"xx\",\"createBy\":\"admin\",\"children\":[],\"isFrame\":\"1\",\"menuType\":\"M\",\"status\":\"0\"}', '{\"msg\":\"操作成功\",\"code\":200}', 0, NULL, '2021-11-13 21:14:09');
INSERT INTO `sys_oper_log` VALUES (113, '代码生成', 2, 'com.ruoyi.generator.controller.GenController.editSave()', 'PUT', 1, 'admin', NULL, '/tool/gen', '127.0.0.1', '内网IP', '{\"sub\":false,\"functionAuthor\":\"ruoyi\",\"columns\":[{\"capJavaField\":\"Id\",\"usableColumn\":false,\"columnId\":5,\"isIncrement\":\"1\",\"increment\":true,\"insert\":true,\"dictType\":\"\",\"required\":false,\"superColumn\":false,\"updateBy\":\"\",\"isInsert\":\"1\",\"javaField\":\"id\",\"htmlType\":\"input\",\"edit\":false,\"query\":false,\"columnComment\":\"物资编号\",\"updateTime\":1636809203000,\"sort\":1,\"list\":false,\"params\":{},\"javaType\":\"Integer\",\"queryType\":\"EQ\",\"columnType\":\"int\",\"createBy\":\"admin\",\"isPk\":\"1\",\"createTime\":1636808309000,\"tableId\":2,\"pk\":true,\"columnName\":\"id\"},{\"capJavaField\":\"WzTp\",\"usableColumn\":false,\"columnId\":6,\"isIncrement\":\"0\",\"increment\":false,\"insert\":true,\"isList\":\"1\",\"dictType\":\"\",\"required\":false,\"superColumn\":false,\"updateBy\":\"\",\"isInsert\":\"1\",\"javaField\":\"wzTp\",\"htmlType\":\"imageUpload\",\"edit\":true,\"query\":true,\"columnComment\":\"物资图片\",\"isQuery\":\"1\",\"updateTime\":1636809203000,\"sort\":2,\"list\":true,\"params\":{},\"javaType\":\"String\",\"queryType\":\"EQ\",\"columnType\":\"varchar(255)\",\"createBy\":\"admin\",\"isPk\":\"0\",\"createTime\":1636808309000,\"isEdit\":\"1\",\"tableId\":2,\"pk\":false,\"columnName\":\"wz_tp\"},{\"capJavaField\":\"WzName\",\"usableColumn\":false,\"columnId\":7,\"isIncrement\":\"0\",\"increment\":false,\"insert\":true,\"isList\":\"1\",\"dictType\":\"\",\"required\":true,\"superColumn\":false,\"updateBy\":\"\",\"isInsert\":\"1\",\"isRequired\":\"1\",\"javaField\":\"wzName\",\"htmlType\":\"input\",\"edit\":true,\"query\":true,\"columnComment\":\"物资名称\",\"isQuery\":\"1\",\"updateTime\":1636809203000,\"sort\":3,\"list\":true,\"params\":{},\"javaType\":\"String\",\"queryType\":\"LIKE\",\"columnType\":\"varchar(50)\",\"createBy\":\"admin\",\"isPk\":\"0\",\"createTime\":1636808309000,\"isEdit\":\"1\",\"tableId\":2,\"pk\":false,\"columnName\":\"wz_name\"},{\"capJavaField\":\"WzGg\",\"usableColumn\":false,\"columnId\":8,\"isIncrement\":\"0\",\"increment\":false,\"insert\":true,\"isList\":\"1\",\"dictType\":\"\",\"required\":true,\"superColumn\":false,\"updateBy\":\"\",\"isInsert\":\"1\",\"isRequired\":\"1\",\"javaField\":\"wzGg\",\"htmlType\":\"input\",\"edit\":true,\"query\":true,\"columnComment\":\"规格\",\"isQuery\":\"1\",\"updateTime\":1636809203000,\"sort\":4,\"list\"', '{\"msg\":\"操作成功\",\"code\":200}', 0, NULL, '2021-11-13 21:16:30');
INSERT INTO `sys_oper_log` VALUES (114, '代码生成', 8, 'com.ruoyi.generator.controller.GenController.batchGenCode()', 'GET', 1, 'admin', NULL, '/tool/gen/batchGenCode', '127.0.0.1', '内网IP', '{}', NULL, 0, NULL, '2021-11-13 21:17:41');
INSERT INTO `sys_oper_log` VALUES (115, '物资资料', 1, 'com.ruoyi.wzwz.controller.WzWzController.add()', 'POST', 1, 'admin', NULL, '/wzwz/wz', '127.0.0.1', '内网IP', '{\"wzDw\":\"aa\",\"wzName\":\"aa\",\"wzTp\":\"/profile/upload/2021/11/13/86da2dbf-3c89-4f1d-ad38-a4c1c38ae3f4.jpg\",\"params\":{},\"wzBz\":\"aa\",\"wzGg\":\"aa\",\"id\":1,\"wzTime\":1637510400000}', '{\"msg\":\"操作成功\",\"code\":200}', 0, NULL, '2021-11-13 21:31:35');
INSERT INTO `sys_oper_log` VALUES (116, '物资资料', 1, 'com.ruoyi.wzwz.controller.WzWzController.add()', 'POST', 1, 'admin', NULL, '/wzwz/wz', '127.0.0.1', '内网IP', '{\"wzDw\":\"aa\",\"wzName\":\"aa\",\"wzTp\":\"/profile/upload/2021/11/14/f6de5a34-6edb-4c74-ba37-43e52827882b.jpg\",\"params\":{},\"wzBz\":\"aa\",\"wzGg\":\"aa\",\"id\":2,\"wzTime\":1638720000000}', '{\"msg\":\"操作成功\",\"code\":200}', 0, NULL, '2021-11-14 12:13:08');
INSERT INTO `sys_oper_log` VALUES (117, '物资资料', 2, 'com.ruoyi.wzwz.controller.WzWzController.edit()', 'PUT', 1, 'admin', NULL, '/wzwz/wz', '127.0.0.1', '内网IP', '{\"wzDw\":\"aa\",\"wzName\":\"aa\",\"wzTp\":\"/profile/upload/2021/11/14/d561cc78-8719-40b5-8762-9e48ee740a8a.png\",\"params\":{},\"wzBz\":\"aa\",\"wzGg\":\"aa\",\"id\":1,\"wzTime\":1637510400000}', '{\"msg\":\"操作成功\",\"code\":200}', 0, NULL, '2021-11-14 12:25:13');
INSERT INTO `sys_oper_log` VALUES (118, '物资资料', 2, 'com.ruoyi.wzwz.controller.WzWzController.edit()', 'PUT', 1, 'admin', NULL, '/wzwz/wz', '127.0.0.1', '内网IP', '{\"wzDw\":\"aa\",\"wzName\":\"aa\",\"wzTp\":\"/profile/upload/2021/11/14/5d5350fd-c36e-4f38-a8e7-59421c181bda.png\",\"params\":{},\"wzBz\":\"aa\",\"wzGg\":\"aa\",\"id\":1,\"wzTime\":1637510400000}', '{\"msg\":\"操作成功\",\"code\":200}', 0, NULL, '2021-11-14 12:41:17');
INSERT INTO `sys_oper_log` VALUES (119, '代码生成', 6, 'com.ruoyi.generator.controller.GenController.importTableSave()', 'POST', 1, 'admin', NULL, '/tool/gen/importTable', '127.0.0.1', '内网IP', 'wz_ck,wz_cl,wz_ly,wz_rz,wz_qc,wz_ff,wz_kc,wz_mx,wz_rk,wz_ys', '{\"msg\":\"操作成功\",\"code\":200}', 0, NULL, '2021-11-14 12:51:35');
INSERT INTO `sys_oper_log` VALUES (120, '代码生成', 2, 'com.ruoyi.generator.controller.GenController.editSave()', 'PUT', 1, 'admin', NULL, '/tool/gen', '127.0.0.1', '内网IP', '{\"sub\":false,\"functionAuthor\":\"ruoyi\",\"columns\":[{\"capJavaField\":\"Id\",\"usableColumn\":false,\"columnId\":12,\"isIncrement\":\"1\",\"increment\":true,\"insert\":true,\"dictType\":\"\",\"required\":false,\"superColumn\":false,\"updateBy\":\"\",\"isInsert\":\"1\",\"javaField\":\"id\",\"htmlType\":\"input\",\"edit\":false,\"query\":false,\"columnComment\":\"仓库id\",\"sort\":1,\"list\":false,\"params\":{},\"javaType\":\"Integer\",\"queryType\":\"EQ\",\"columnType\":\"int\",\"createBy\":\"admin\",\"isPk\":\"1\",\"createTime\":1636865494000,\"tableId\":3,\"pk\":true,\"columnName\":\"id\"},{\"capJavaField\":\"CkName\",\"usableColumn\":false,\"columnId\":13,\"isIncrement\":\"0\",\"increment\":false,\"insert\":true,\"isList\":\"1\",\"dictType\":\"\",\"required\":true,\"superColumn\":false,\"updateBy\":\"\",\"isInsert\":\"1\",\"isRequired\":\"1\",\"javaField\":\"ckName\",\"htmlType\":\"input\",\"edit\":true,\"query\":true,\"columnComment\":\"仓库名\",\"isQuery\":\"1\",\"sort\":2,\"list\":true,\"params\":{},\"javaType\":\"String\",\"queryType\":\"LIKE\",\"columnType\":\"varchar(50)\",\"createBy\":\"admin\",\"isPk\":\"0\",\"createTime\":1636865494000,\"isEdit\":\"1\",\"tableId\":3,\"pk\":false,\"columnName\":\"ck_name\"},{\"capJavaField\":\"CkDz\",\"usableColumn\":false,\"columnId\":14,\"isIncrement\":\"0\",\"increment\":false,\"insert\":true,\"isList\":\"1\",\"dictType\":\"\",\"required\":true,\"superColumn\":false,\"updateBy\":\"\",\"isInsert\":\"1\",\"isRequired\":\"1\",\"javaField\":\"ckDz\",\"htmlType\":\"input\",\"edit\":true,\"query\":true,\"columnComment\":\"仓库地址\",\"isQuery\":\"1\",\"sort\":3,\"list\":true,\"params\":{},\"javaType\":\"String\",\"queryType\":\"EQ\",\"columnType\":\"varchar(255)\",\"createBy\":\"admin\",\"isPk\":\"0\",\"createTime\":1636865494000,\"isEdit\":\"1\",\"tableId\":3,\"pk\":false,\"columnName\":\"ck_dz\"},{\"capJavaField\":\"CkLx\",\"usableColumn\":false,\"columnId\":15,\"isIncrement\":\"0\",\"increment\":false,\"insert\":true,\"isList\":\"1\",\"dictType\":\"\",\"required\":true,\"superColumn\":false,\"updateBy\":\"\",\"isInsert\":\"1\",\"isRequired\":\"1\",\"javaField\":\"ckLx\",\"htmlType\":\"input\",\"edit\":true,\"query\":true,\"columnComment\":\"联系人\",\"isQuery\":\"1\",\"sort\":4,\"list\":true,\"params\":{},\"javaType\":\"String\",\"queryType\":\"EQ\",\"columnType\":\"varchar(20)\",\"createBy\":\"', '{\"msg\":\"操作成功\",\"code\":200}', 0, NULL, '2021-11-14 12:55:33');
INSERT INTO `sys_oper_log` VALUES (121, '代码生成', 2, 'com.ruoyi.generator.controller.GenController.editSave()', 'PUT', 1, 'admin', NULL, '/tool/gen', '127.0.0.1', '内网IP', '{\"sub\":false,\"functionAuthor\":\"sonder\",\"columns\":[{\"capJavaField\":\"Id\",\"usableColumn\":false,\"columnId\":18,\"isIncrement\":\"1\",\"increment\":true,\"insert\":true,\"dictType\":\"\",\"required\":false,\"superColumn\":false,\"updateBy\":\"\",\"isInsert\":\"1\",\"javaField\":\"id\",\"htmlType\":\"input\",\"edit\":false,\"query\":false,\"columnComment\":\"车辆Id\",\"sort\":1,\"list\":false,\"params\":{},\"javaType\":\"Integer\",\"queryType\":\"EQ\",\"columnType\":\"int\",\"createBy\":\"admin\",\"isPk\":\"1\",\"createTime\":1636865494000,\"tableId\":4,\"pk\":true,\"columnName\":\"id\"},{\"capJavaField\":\"ClCph\",\"usableColumn\":false,\"columnId\":19,\"isIncrement\":\"0\",\"increment\":false,\"insert\":true,\"isList\":\"1\",\"dictType\":\"\",\"required\":true,\"superColumn\":false,\"updateBy\":\"\",\"isInsert\":\"1\",\"isRequired\":\"1\",\"javaField\":\"clCph\",\"htmlType\":\"input\",\"edit\":true,\"query\":true,\"columnComment\":\"车牌号\",\"isQuery\":\"1\",\"sort\":2,\"list\":true,\"params\":{},\"javaType\":\"String\",\"queryType\":\"EQ\",\"columnType\":\"varchar(50)\",\"createBy\":\"admin\",\"isPk\":\"0\",\"createTime\":1636865494000,\"isEdit\":\"1\",\"tableId\":4,\"pk\":false,\"columnName\":\"cl_cph\"},{\"capJavaField\":\"ClType\",\"usableColumn\":false,\"columnId\":20,\"isIncrement\":\"0\",\"increment\":false,\"insert\":true,\"isList\":\"1\",\"dictType\":\"\",\"required\":true,\"superColumn\":false,\"updateBy\":\"\",\"isInsert\":\"1\",\"isRequired\":\"1\",\"javaField\":\"clType\",\"htmlType\":\"select\",\"edit\":true,\"query\":true,\"columnComment\":\"车辆种类\",\"isQuery\":\"1\",\"sort\":3,\"list\":true,\"params\":{},\"javaType\":\"String\",\"queryType\":\"EQ\",\"columnType\":\"varchar(20)\",\"createBy\":\"admin\",\"isPk\":\"0\",\"createTime\":1636865494000,\"isEdit\":\"1\",\"tableId\":4,\"pk\":false,\"columnName\":\"cl_type\"},{\"capJavaField\":\"ClPp\",\"usableColumn\":false,\"columnId\":21,\"isIncrement\":\"0\",\"increment\":false,\"insert\":true,\"isList\":\"1\",\"dictType\":\"\",\"required\":true,\"superColumn\":false,\"updateBy\":\"\",\"isInsert\":\"1\",\"isRequired\":\"1\",\"javaField\":\"clPp\",\"htmlType\":\"input\",\"edit\":true,\"query\":true,\"columnComment\":\"车辆品牌\",\"isQuery\":\"1\",\"sort\":4,\"list\":true,\"params\":{},\"javaType\":\"String\",\"queryType\":\"EQ\",\"columnType\":\"varchar(20)\",\"createBy', '{\"msg\":\"操作成功\",\"code\":200}', 0, NULL, '2021-11-14 12:59:36');
INSERT INTO `sys_oper_log` VALUES (122, '代码生成', 2, 'com.ruoyi.generator.controller.GenController.editSave()', 'PUT', 1, 'admin', NULL, '/tool/gen', '127.0.0.1', '内网IP', '{\"sub\":false,\"functionAuthor\":\"ruoyi\",\"columns\":[{\"capJavaField\":\"Id\",\"usableColumn\":false,\"columnId\":12,\"isIncrement\":\"1\",\"increment\":true,\"insert\":true,\"dictType\":\"\",\"required\":false,\"superColumn\":false,\"updateBy\":\"\",\"isInsert\":\"1\",\"javaField\":\"id\",\"htmlType\":\"input\",\"edit\":false,\"query\":false,\"columnComment\":\"仓库id\",\"updateTime\":1636865733000,\"sort\":1,\"list\":false,\"params\":{},\"javaType\":\"Integer\",\"queryType\":\"EQ\",\"columnType\":\"int\",\"createBy\":\"admin\",\"isPk\":\"1\",\"createTime\":1636865494000,\"tableId\":3,\"pk\":true,\"columnName\":\"id\"},{\"capJavaField\":\"CkName\",\"usableColumn\":false,\"columnId\":13,\"isIncrement\":\"0\",\"increment\":false,\"insert\":true,\"isList\":\"1\",\"dictType\":\"\",\"required\":true,\"superColumn\":false,\"updateBy\":\"\",\"isInsert\":\"1\",\"isRequired\":\"1\",\"javaField\":\"ckName\",\"htmlType\":\"input\",\"edit\":true,\"query\":true,\"columnComment\":\"仓库名\",\"isQuery\":\"1\",\"updateTime\":1636865733000,\"sort\":2,\"list\":true,\"params\":{},\"javaType\":\"String\",\"queryType\":\"LIKE\",\"columnType\":\"varchar(50)\",\"createBy\":\"admin\",\"isPk\":\"0\",\"createTime\":1636865494000,\"isEdit\":\"1\",\"tableId\":3,\"pk\":false,\"columnName\":\"ck_name\"},{\"capJavaField\":\"CkDz\",\"usableColumn\":false,\"columnId\":14,\"isIncrement\":\"0\",\"increment\":false,\"insert\":true,\"isList\":\"1\",\"dictType\":\"\",\"required\":true,\"superColumn\":false,\"updateBy\":\"\",\"isInsert\":\"1\",\"isRequired\":\"1\",\"javaField\":\"ckDz\",\"htmlType\":\"input\",\"edit\":true,\"query\":true,\"columnComment\":\"仓库地址\",\"isQuery\":\"1\",\"updateTime\":1636865733000,\"sort\":3,\"list\":true,\"params\":{},\"javaType\":\"String\",\"queryType\":\"EQ\",\"columnType\":\"varchar(255)\",\"createBy\":\"admin\",\"isPk\":\"0\",\"createTime\":1636865494000,\"isEdit\":\"1\",\"tableId\":3,\"pk\":false,\"columnName\":\"ck_dz\"},{\"capJavaField\":\"CkLx\",\"usableColumn\":false,\"columnId\":15,\"isIncrement\":\"0\",\"increment\":false,\"insert\":true,\"isList\":\"1\",\"dictType\":\"\",\"required\":true,\"superColumn\":false,\"updateBy\":\"\",\"isInsert\":\"1\",\"isRequired\":\"1\",\"javaField\":\"ckLx\",\"htmlType\":\"input\",\"edit\":true,\"query\":true,\"columnComment\":\"联系人\",\"isQuery\":\"1\",\"updateTime\":1636865733000,\"', '{\"msg\":\"操作成功\",\"code\":200}', 0, NULL, '2021-11-14 12:59:47');
INSERT INTO `sys_oper_log` VALUES (123, '代码生成', 2, 'com.ruoyi.generator.controller.GenController.editSave()', 'PUT', 1, 'admin', NULL, '/tool/gen', '127.0.0.1', '内网IP', '{\"sub\":false,\"functionAuthor\":\"ruoyi\",\"columns\":[{\"capJavaField\":\"Id\",\"usableColumn\":false,\"columnId\":12,\"isIncrement\":\"1\",\"increment\":true,\"insert\":true,\"dictType\":\"\",\"required\":false,\"superColumn\":false,\"updateBy\":\"\",\"isInsert\":\"1\",\"javaField\":\"id\",\"htmlType\":\"input\",\"edit\":false,\"query\":false,\"columnComment\":\"仓库id\",\"updateTime\":1636865987000,\"sort\":1,\"list\":false,\"params\":{},\"javaType\":\"Integer\",\"queryType\":\"EQ\",\"columnType\":\"int\",\"createBy\":\"admin\",\"isPk\":\"1\",\"createTime\":1636865494000,\"tableId\":3,\"pk\":true,\"columnName\":\"id\"},{\"capJavaField\":\"CkName\",\"usableColumn\":false,\"columnId\":13,\"isIncrement\":\"0\",\"increment\":false,\"insert\":true,\"isList\":\"1\",\"dictType\":\"\",\"required\":true,\"superColumn\":false,\"updateBy\":\"\",\"isInsert\":\"1\",\"isRequired\":\"1\",\"javaField\":\"ckName\",\"htmlType\":\"input\",\"edit\":true,\"query\":true,\"columnComment\":\"仓库名\",\"isQuery\":\"1\",\"updateTime\":1636865987000,\"sort\":2,\"list\":true,\"params\":{},\"javaType\":\"String\",\"queryType\":\"LIKE\",\"columnType\":\"varchar(50)\",\"createBy\":\"admin\",\"isPk\":\"0\",\"createTime\":1636865494000,\"isEdit\":\"1\",\"tableId\":3,\"pk\":false,\"columnName\":\"ck_name\"},{\"capJavaField\":\"CkDz\",\"usableColumn\":false,\"columnId\":14,\"isIncrement\":\"0\",\"increment\":false,\"insert\":true,\"isList\":\"1\",\"dictType\":\"\",\"required\":true,\"superColumn\":false,\"updateBy\":\"\",\"isInsert\":\"1\",\"isRequired\":\"1\",\"javaField\":\"ckDz\",\"htmlType\":\"input\",\"edit\":true,\"query\":true,\"columnComment\":\"仓库地址\",\"isQuery\":\"1\",\"updateTime\":1636865987000,\"sort\":3,\"list\":true,\"params\":{},\"javaType\":\"String\",\"queryType\":\"EQ\",\"columnType\":\"varchar(255)\",\"createBy\":\"admin\",\"isPk\":\"0\",\"createTime\":1636865494000,\"isEdit\":\"1\",\"tableId\":3,\"pk\":false,\"columnName\":\"ck_dz\"},{\"capJavaField\":\"CkLx\",\"usableColumn\":false,\"columnId\":15,\"isIncrement\":\"0\",\"increment\":false,\"insert\":true,\"isList\":\"1\",\"dictType\":\"\",\"required\":true,\"superColumn\":false,\"updateBy\":\"\",\"isInsert\":\"1\",\"isRequired\":\"1\",\"javaField\":\"ckLx\",\"htmlType\":\"input\",\"edit\":true,\"query\":true,\"columnComment\":\"联系人\",\"isQuery\":\"1\",\"updateTime\":1636865987000,\"', '{\"msg\":\"操作成功\",\"code\":200}', 0, NULL, '2021-11-14 12:59:58');
INSERT INTO `sys_oper_log` VALUES (124, '代码生成', 2, 'com.ruoyi.generator.controller.GenController.editSave()', 'PUT', 1, 'admin', NULL, '/tool/gen', '127.0.0.1', '内网IP', '{\"sub\":false,\"functionAuthor\":\"sonder\",\"columns\":[{\"capJavaField\":\"Id\",\"usableColumn\":false,\"columnId\":40,\"isIncrement\":\"1\",\"increment\":true,\"insert\":true,\"dictType\":\"\",\"required\":false,\"superColumn\":false,\"updateBy\":\"\",\"isInsert\":\"1\",\"javaField\":\"id\",\"htmlType\":\"input\",\"edit\":false,\"query\":false,\"columnComment\":\"来源id\",\"sort\":1,\"list\":false,\"params\":{},\"javaType\":\"Integer\",\"queryType\":\"EQ\",\"columnType\":\"int\",\"createBy\":\"admin\",\"isPk\":\"1\",\"createTime\":1636865494000,\"tableId\":7,\"pk\":true,\"columnName\":\"id\"},{\"capJavaField\":\"LySf\",\"usableColumn\":false,\"columnId\":41,\"isIncrement\":\"0\",\"increment\":false,\"insert\":true,\"isList\":\"1\",\"dictType\":\"\",\"required\":false,\"superColumn\":false,\"updateBy\":\"\",\"isInsert\":\"1\",\"javaField\":\"lySf\",\"htmlType\":\"input\",\"edit\":true,\"query\":true,\"columnComment\":\"省份\",\"isQuery\":\"1\",\"sort\":2,\"list\":true,\"params\":{},\"javaType\":\"String\",\"queryType\":\"EQ\",\"columnType\":\"varchar(20)\",\"createBy\":\"admin\",\"isPk\":\"0\",\"createTime\":1636865494000,\"isEdit\":\"1\",\"tableId\":7,\"pk\":false,\"columnName\":\"ly_sf\"},{\"capJavaField\":\"LyS\",\"usableColumn\":false,\"columnId\":42,\"isIncrement\":\"0\",\"increment\":false,\"insert\":true,\"isList\":\"1\",\"dictType\":\"\",\"required\":false,\"superColumn\":false,\"updateBy\":\"\",\"isInsert\":\"1\",\"javaField\":\"lyS\",\"htmlType\":\"input\",\"edit\":true,\"query\":true,\"columnComment\":\"市\",\"isQuery\":\"1\",\"sort\":3,\"list\":true,\"params\":{},\"javaType\":\"String\",\"queryType\":\"EQ\",\"columnType\":\"varchar(20)\",\"createBy\":\"admin\",\"isPk\":\"0\",\"createTime\":1636865494000,\"isEdit\":\"1\",\"tableId\":7,\"pk\":false,\"columnName\":\"ly_s\"},{\"capJavaField\":\"LyQx\",\"usableColumn\":false,\"columnId\":43,\"isIncrement\":\"0\",\"increment\":false,\"insert\":true,\"isList\":\"1\",\"dictType\":\"\",\"required\":false,\"superColumn\":false,\"updateBy\":\"\",\"isInsert\":\"1\",\"javaField\":\"lyQx\",\"htmlType\":\"input\",\"edit\":true,\"query\":true,\"columnComment\":\"区县\",\"isQuery\":\"1\",\"sort\":4,\"list\":true,\"params\":{},\"javaType\":\"String\",\"queryType\":\"EQ\",\"columnType\":\"varchar(20)\",\"createBy\":\"admin\",\"isPk\":\"0\",\"createTime\":1636865494000,\"isEdit\":\"1\",\"table', '{\"msg\":\"操作成功\",\"code\":200}', 0, NULL, '2021-11-14 13:04:08');
INSERT INTO `sys_oper_log` VALUES (125, '代码生成', 2, 'com.ruoyi.generator.controller.GenController.editSave()', 'PUT', 1, 'admin', NULL, '/tool/gen', '127.0.0.1', '内网IP', '{\"sub\":false,\"functionAuthor\":\"ruoyi\",\"columns\":[{\"capJavaField\":\"Id\",\"usableColumn\":false,\"columnId\":5,\"isIncrement\":\"1\",\"increment\":true,\"insert\":true,\"dictType\":\"\",\"required\":false,\"superColumn\":false,\"updateBy\":\"\",\"isInsert\":\"1\",\"javaField\":\"id\",\"htmlType\":\"input\",\"edit\":false,\"query\":false,\"columnComment\":\"物资编号\",\"updateTime\":1636809390000,\"sort\":1,\"list\":false,\"params\":{},\"javaType\":\"Integer\",\"queryType\":\"EQ\",\"columnType\":\"int\",\"createBy\":\"admin\",\"isPk\":\"1\",\"createTime\":1636808309000,\"tableId\":2,\"pk\":true,\"columnName\":\"id\"},{\"capJavaField\":\"WzTp\",\"usableColumn\":false,\"columnId\":6,\"isIncrement\":\"0\",\"increment\":false,\"insert\":true,\"isList\":\"1\",\"dictType\":\"\",\"required\":false,\"superColumn\":false,\"updateBy\":\"\",\"isInsert\":\"1\",\"javaField\":\"wzTp\",\"htmlType\":\"imageUpload\",\"edit\":true,\"query\":true,\"columnComment\":\"物资图片\",\"isQuery\":\"1\",\"updateTime\":1636809390000,\"sort\":2,\"list\":true,\"params\":{},\"javaType\":\"String\",\"queryType\":\"EQ\",\"columnType\":\"varchar(255)\",\"createBy\":\"admin\",\"isPk\":\"0\",\"createTime\":1636808309000,\"isEdit\":\"1\",\"tableId\":2,\"pk\":false,\"columnName\":\"wz_tp\"},{\"capJavaField\":\"WzName\",\"usableColumn\":false,\"columnId\":7,\"isIncrement\":\"0\",\"increment\":false,\"insert\":true,\"isList\":\"1\",\"dictType\":\"\",\"required\":true,\"superColumn\":false,\"updateBy\":\"\",\"isInsert\":\"1\",\"isRequired\":\"1\",\"javaField\":\"wzName\",\"htmlType\":\"input\",\"edit\":true,\"query\":true,\"columnComment\":\"物资名称\",\"isQuery\":\"1\",\"updateTime\":1636809390000,\"sort\":3,\"list\":true,\"params\":{},\"javaType\":\"String\",\"queryType\":\"LIKE\",\"columnType\":\"varchar(50)\",\"createBy\":\"admin\",\"isPk\":\"0\",\"createTime\":1636808309000,\"isEdit\":\"1\",\"tableId\":2,\"pk\":false,\"columnName\":\"wz_name\"},{\"capJavaField\":\"WzGg\",\"usableColumn\":false,\"columnId\":8,\"isIncrement\":\"0\",\"increment\":false,\"insert\":true,\"isList\":\"1\",\"dictType\":\"\",\"required\":true,\"superColumn\":false,\"updateBy\":\"\",\"isInsert\":\"1\",\"isRequired\":\"1\",\"javaField\":\"wzGg\",\"htmlType\":\"input\",\"edit\":true,\"query\":true,\"columnComment\":\"规格\",\"isQuery\":\"1\",\"updateTime\":1636809390000,\"sort\":4,\"list\"', '{\"msg\":\"操作成功\",\"code\":200}', 0, NULL, '2021-11-14 13:04:34');
INSERT INTO `sys_oper_log` VALUES (126, '代码生成', 2, 'com.ruoyi.generator.controller.GenController.editSave()', 'PUT', 1, 'admin', NULL, '/tool/gen', '127.0.0.1', '内网IP', '{\"sub\":false,\"functionAuthor\":\"sonder\",\"columns\":[{\"capJavaField\":\"Id\",\"usableColumn\":false,\"columnId\":18,\"isIncrement\":\"1\",\"increment\":true,\"insert\":true,\"dictType\":\"\",\"required\":false,\"superColumn\":false,\"updateBy\":\"\",\"isInsert\":\"1\",\"javaField\":\"id\",\"htmlType\":\"input\",\"edit\":false,\"query\":false,\"columnComment\":\"车辆Id\",\"updateTime\":1636865976000,\"sort\":1,\"list\":false,\"params\":{},\"javaType\":\"Integer\",\"queryType\":\"EQ\",\"columnType\":\"int\",\"createBy\":\"admin\",\"isPk\":\"1\",\"createTime\":1636865494000,\"tableId\":4,\"pk\":true,\"columnName\":\"id\"},{\"capJavaField\":\"ClCph\",\"usableColumn\":false,\"columnId\":19,\"isIncrement\":\"0\",\"increment\":false,\"insert\":true,\"isList\":\"1\",\"dictType\":\"\",\"required\":true,\"superColumn\":false,\"updateBy\":\"\",\"isInsert\":\"1\",\"isRequired\":\"1\",\"javaField\":\"clCph\",\"htmlType\":\"input\",\"edit\":true,\"query\":true,\"columnComment\":\"车牌号\",\"isQuery\":\"1\",\"updateTime\":1636865976000,\"sort\":2,\"list\":true,\"params\":{},\"javaType\":\"String\",\"queryType\":\"EQ\",\"columnType\":\"varchar(50)\",\"createBy\":\"admin\",\"isPk\":\"0\",\"createTime\":1636865494000,\"isEdit\":\"1\",\"tableId\":4,\"pk\":false,\"columnName\":\"cl_cph\"},{\"capJavaField\":\"ClType\",\"usableColumn\":false,\"columnId\":20,\"isIncrement\":\"0\",\"increment\":false,\"insert\":true,\"isList\":\"1\",\"dictType\":\"\",\"required\":true,\"superColumn\":false,\"updateBy\":\"\",\"isInsert\":\"1\",\"isRequired\":\"1\",\"javaField\":\"clType\",\"htmlType\":\"select\",\"edit\":true,\"query\":true,\"columnComment\":\"车辆种类\",\"isQuery\":\"1\",\"updateTime\":1636865976000,\"sort\":3,\"list\":true,\"params\":{},\"javaType\":\"String\",\"queryType\":\"EQ\",\"columnType\":\"varchar(20)\",\"createBy\":\"admin\",\"isPk\":\"0\",\"createTime\":1636865494000,\"isEdit\":\"1\",\"tableId\":4,\"pk\":false,\"columnName\":\"cl_type\"},{\"capJavaField\":\"ClPp\",\"usableColumn\":false,\"columnId\":21,\"isIncrement\":\"0\",\"increment\":false,\"insert\":true,\"isList\":\"1\",\"dictType\":\"\",\"required\":true,\"superColumn\":false,\"updateBy\":\"\",\"isInsert\":\"1\",\"isRequired\":\"1\",\"javaField\":\"clPp\",\"htmlType\":\"input\",\"edit\":true,\"query\":true,\"columnComment\":\"车辆品牌\",\"isQuery\":\"1\",\"updateTime\":163686597600', '{\"msg\":\"操作成功\",\"code\":200}', 0, NULL, '2021-11-14 13:04:50');
INSERT INTO `sys_oper_log` VALUES (127, '代码生成', 2, 'com.ruoyi.generator.controller.GenController.editSave()', 'PUT', 1, 'admin', NULL, '/tool/gen', '127.0.0.1', '内网IP', '{\"sub\":false,\"functionAuthor\":\"sonder\",\"columns\":[{\"capJavaField\":\"Id\",\"usableColumn\":false,\"columnId\":58,\"isIncrement\":\"1\",\"increment\":true,\"insert\":true,\"dictType\":\"\",\"required\":false,\"superColumn\":false,\"updateBy\":\"\",\"isInsert\":\"1\",\"javaField\":\"id\",\"htmlType\":\"input\",\"edit\":false,\"query\":false,\"columnComment\":\"去处id\",\"sort\":1,\"list\":false,\"params\":{},\"javaType\":\"Integer\",\"queryType\":\"EQ\",\"columnType\":\"int\",\"createBy\":\"admin\",\"isPk\":\"1\",\"createTime\":1636865494000,\"tableId\":9,\"pk\":true,\"columnName\":\"id\"},{\"capJavaField\":\"QcSf\",\"usableColumn\":false,\"columnId\":59,\"isIncrement\":\"0\",\"increment\":false,\"insert\":true,\"isList\":\"1\",\"dictType\":\"\",\"required\":false,\"superColumn\":false,\"updateBy\":\"\",\"isInsert\":\"1\",\"javaField\":\"qcSf\",\"htmlType\":\"input\",\"edit\":true,\"query\":true,\"columnComment\":\"省份\",\"isQuery\":\"1\",\"sort\":2,\"list\":true,\"params\":{},\"javaType\":\"String\",\"queryType\":\"EQ\",\"columnType\":\"varchar(20)\",\"createBy\":\"admin\",\"isPk\":\"0\",\"createTime\":1636865494000,\"isEdit\":\"1\",\"tableId\":9,\"pk\":false,\"columnName\":\"qc_sf\"},{\"capJavaField\":\"QcS\",\"usableColumn\":false,\"columnId\":60,\"isIncrement\":\"0\",\"increment\":false,\"insert\":true,\"isList\":\"1\",\"dictType\":\"\",\"required\":false,\"superColumn\":false,\"updateBy\":\"\",\"isInsert\":\"1\",\"javaField\":\"qcS\",\"htmlType\":\"input\",\"edit\":true,\"query\":true,\"columnComment\":\"市\",\"isQuery\":\"1\",\"sort\":3,\"list\":true,\"params\":{},\"javaType\":\"String\",\"queryType\":\"EQ\",\"columnType\":\"varchar(20)\",\"createBy\":\"admin\",\"isPk\":\"0\",\"createTime\":1636865494000,\"isEdit\":\"1\",\"tableId\":9,\"pk\":false,\"columnName\":\"qc_s\"},{\"capJavaField\":\"QcQx\",\"usableColumn\":false,\"columnId\":61,\"isIncrement\":\"0\",\"increment\":false,\"insert\":true,\"isList\":\"1\",\"dictType\":\"\",\"required\":false,\"superColumn\":false,\"updateBy\":\"\",\"isInsert\":\"1\",\"javaField\":\"qcQx\",\"htmlType\":\"input\",\"edit\":true,\"query\":true,\"columnComment\":\"区县\",\"isQuery\":\"1\",\"sort\":4,\"list\":true,\"params\":{},\"javaType\":\"String\",\"queryType\":\"EQ\",\"columnType\":\"varchar(20)\",\"createBy\":\"admin\",\"isPk\":\"0\",\"createTime\":1636865494000,\"isEdit\":\"1\",\"table', '{\"msg\":\"操作成功\",\"code\":200}', 0, NULL, '2021-11-14 13:07:35');
INSERT INTO `sys_oper_log` VALUES (128, '物资资料', 2, 'com.ruoyi.wzwz.controller.WzWzController.edit()', 'PUT', 1, 'admin', NULL, '/wzwz/wz', '127.0.0.1', '内网IP', '{\"wzDw\":\"aa\",\"wzName\":\"aa\",\"wzTp\":\"/profile/upload/2021/11/14/5d5350fd-c36e-4f38-a8e7-59421c181bda.png,/profile/upload/2021/11/14/0162421f-fa9c-48d5-a728-cadc4b14313d.jpg\",\"params\":{},\"wzBz\":\"aa\",\"wzGg\":\"aa\",\"id\":1,\"wzTime\":1637510400000}', '{\"msg\":\"操作成功\",\"code\":200}', 0, NULL, '2021-11-14 16:20:23');
INSERT INTO `sys_oper_log` VALUES (129, '物资资料', 2, 'com.ruoyi.wzwz.controller.WzWzController.edit()', 'PUT', 1, 'admin', NULL, '/wzwz/wz', '127.0.0.1', '内网IP', '{\"wzDw\":\"aa\",\"wzName\":\"aa\",\"wzTp\":\"/profile/upload/2021/11/14/5d5350fd-c36e-4f38-a8e7-59421c181bda.png\",\"params\":{},\"wzBz\":\"aa\",\"wzGg\":\"aa\",\"id\":1,\"wzTime\":1637510400000}', '{\"msg\":\"操作成功\",\"code\":200}', 0, NULL, '2021-11-14 16:20:32');
INSERT INTO `sys_oper_log` VALUES (130, '代码生成', 2, 'com.ruoyi.generator.controller.GenController.editSave()', 'PUT', 1, 'admin', NULL, '/tool/gen', '127.0.0.1', '内网IP', '{\"sub\":false,\"functionAuthor\":\"ruoyi\",\"columns\":[{\"capJavaField\":\"Id\",\"usableColumn\":false,\"columnId\":5,\"isIncrement\":\"1\",\"increment\":true,\"insert\":true,\"dictType\":\"\",\"required\":false,\"superColumn\":false,\"updateBy\":\"\",\"isInsert\":\"1\",\"javaField\":\"id\",\"htmlType\":\"input\",\"edit\":false,\"query\":false,\"columnComment\":\"物资编号\",\"updateTime\":1636866274000,\"sort\":1,\"list\":false,\"params\":{},\"javaType\":\"Integer\",\"queryType\":\"EQ\",\"columnType\":\"int\",\"createBy\":\"admin\",\"isPk\":\"1\",\"createTime\":1636808309000,\"tableId\":2,\"pk\":true,\"columnName\":\"id\"},{\"capJavaField\":\"WzTp\",\"usableColumn\":false,\"columnId\":6,\"isIncrement\":\"0\",\"increment\":false,\"insert\":true,\"isList\":\"1\",\"dictType\":\"\",\"required\":false,\"superColumn\":false,\"updateBy\":\"\",\"isInsert\":\"1\",\"javaField\":\"wzTp\",\"htmlType\":\"imageUpload\",\"edit\":true,\"query\":false,\"columnComment\":\"物资图片\",\"updateTime\":1636866274000,\"sort\":2,\"list\":true,\"params\":{},\"javaType\":\"String\",\"queryType\":\"EQ\",\"columnType\":\"varchar(255)\",\"createBy\":\"admin\",\"isPk\":\"0\",\"createTime\":1636808309000,\"isEdit\":\"1\",\"tableId\":2,\"pk\":false,\"columnName\":\"wz_tp\"},{\"capJavaField\":\"WzName\",\"usableColumn\":false,\"columnId\":7,\"isIncrement\":\"0\",\"increment\":false,\"insert\":true,\"isList\":\"1\",\"dictType\":\"\",\"required\":true,\"superColumn\":false,\"updateBy\":\"\",\"isInsert\":\"1\",\"isRequired\":\"1\",\"javaField\":\"wzName\",\"htmlType\":\"input\",\"edit\":true,\"query\":true,\"columnComment\":\"物资名称\",\"isQuery\":\"1\",\"updateTime\":1636866274000,\"sort\":3,\"list\":true,\"params\":{},\"javaType\":\"String\",\"queryType\":\"LIKE\",\"columnType\":\"varchar(50)\",\"createBy\":\"admin\",\"isPk\":\"0\",\"createTime\":1636808309000,\"isEdit\":\"1\",\"tableId\":2,\"pk\":false,\"columnName\":\"wz_name\"},{\"capJavaField\":\"WzGg\",\"usableColumn\":false,\"columnId\":8,\"isIncrement\":\"0\",\"increment\":false,\"insert\":true,\"isList\":\"1\",\"dictType\":\"\",\"required\":true,\"superColumn\":false,\"updateBy\":\"\",\"isInsert\":\"1\",\"isRequired\":\"1\",\"javaField\":\"wzGg\",\"htmlType\":\"input\",\"edit\":true,\"query\":false,\"columnComment\":\"规格\",\"updateTime\":1636866274000,\"sort\":4,\"list\":true,\"params\":{},\"javaTyp', '{\"msg\":\"操作成功\",\"code\":200}', 0, NULL, '2021-11-14 16:24:08');
INSERT INTO `sys_oper_log` VALUES (131, '代码生成', 2, 'com.ruoyi.generator.controller.GenController.editSave()', 'PUT', 1, 'admin', NULL, '/tool/gen', '127.0.0.1', '内网IP', '{\"sub\":false,\"functionAuthor\":\"ruoyi\",\"columns\":[{\"capJavaField\":\"Id\",\"usableColumn\":false,\"columnId\":12,\"isIncrement\":\"1\",\"increment\":true,\"insert\":true,\"dictType\":\"\",\"required\":false,\"superColumn\":false,\"updateBy\":\"\",\"isInsert\":\"1\",\"javaField\":\"id\",\"htmlType\":\"input\",\"edit\":false,\"query\":false,\"columnComment\":\"仓库id\",\"updateTime\":1636865998000,\"sort\":1,\"list\":false,\"params\":{},\"javaType\":\"Integer\",\"queryType\":\"EQ\",\"columnType\":\"int\",\"createBy\":\"admin\",\"isPk\":\"1\",\"createTime\":1636865494000,\"tableId\":3,\"pk\":true,\"columnName\":\"id\"},{\"capJavaField\":\"CkName\",\"usableColumn\":false,\"columnId\":13,\"isIncrement\":\"0\",\"increment\":false,\"insert\":true,\"isList\":\"1\",\"dictType\":\"\",\"required\":true,\"superColumn\":false,\"updateBy\":\"\",\"isInsert\":\"1\",\"isRequired\":\"1\",\"javaField\":\"ckName\",\"htmlType\":\"input\",\"edit\":true,\"query\":true,\"columnComment\":\"仓库名\",\"isQuery\":\"1\",\"updateTime\":1636865998000,\"sort\":2,\"list\":true,\"params\":{},\"javaType\":\"String\",\"queryType\":\"LIKE\",\"columnType\":\"varchar(50)\",\"createBy\":\"admin\",\"isPk\":\"0\",\"createTime\":1636865494000,\"isEdit\":\"1\",\"tableId\":3,\"pk\":false,\"columnName\":\"ck_name\"},{\"capJavaField\":\"CkDz\",\"usableColumn\":false,\"columnId\":14,\"isIncrement\":\"0\",\"increment\":false,\"insert\":true,\"isList\":\"1\",\"dictType\":\"\",\"required\":true,\"superColumn\":false,\"updateBy\":\"\",\"isInsert\":\"1\",\"isRequired\":\"1\",\"javaField\":\"ckDz\",\"htmlType\":\"input\",\"edit\":true,\"query\":false,\"columnComment\":\"仓库地址\",\"updateTime\":1636865998000,\"sort\":3,\"list\":true,\"params\":{},\"javaType\":\"String\",\"queryType\":\"EQ\",\"columnType\":\"varchar(255)\",\"createBy\":\"admin\",\"isPk\":\"0\",\"createTime\":1636865494000,\"isEdit\":\"1\",\"tableId\":3,\"pk\":false,\"columnName\":\"ck_dz\"},{\"capJavaField\":\"CkLx\",\"usableColumn\":false,\"columnId\":15,\"isIncrement\":\"0\",\"increment\":false,\"insert\":true,\"isList\":\"1\",\"dictType\":\"\",\"required\":true,\"superColumn\":false,\"updateBy\":\"\",\"isInsert\":\"1\",\"isRequired\":\"1\",\"javaField\":\"ckLx\",\"htmlType\":\"input\",\"edit\":true,\"query\":false,\"columnComment\":\"联系人\",\"updateTime\":1636865998000,\"sort\":4,\"list\":true,\"param', '{\"msg\":\"操作成功\",\"code\":200}', 0, NULL, '2021-11-14 16:24:23');
INSERT INTO `sys_oper_log` VALUES (132, '代码生成', 2, 'com.ruoyi.generator.controller.GenController.editSave()', 'PUT', 1, 'admin', NULL, '/tool/gen', '127.0.0.1', '内网IP', '{\"sub\":false,\"functionAuthor\":\"ruoyi\",\"columns\":[{\"capJavaField\":\"Id\",\"usableColumn\":false,\"columnId\":36,\"isIncrement\":\"1\",\"increment\":true,\"insert\":true,\"dictType\":\"\",\"required\":false,\"superColumn\":false,\"updateBy\":\"\",\"isInsert\":\"1\",\"javaField\":\"id\",\"htmlType\":\"input\",\"edit\":false,\"query\":false,\"columnComment\":\"库存id\",\"sort\":1,\"list\":false,\"params\":{},\"javaType\":\"Integer\",\"queryType\":\"EQ\",\"columnType\":\"int\",\"createBy\":\"admin\",\"isPk\":\"1\",\"createTime\":1636865494000,\"tableId\":6,\"pk\":true,\"columnName\":\"id\"},{\"capJavaField\":\"CkCkid\",\"usableColumn\":false,\"columnId\":37,\"isIncrement\":\"0\",\"increment\":false,\"insert\":true,\"isList\":\"1\",\"dictType\":\"\",\"required\":false,\"superColumn\":false,\"updateBy\":\"\",\"isInsert\":\"1\",\"javaField\":\"ckCkid\",\"htmlType\":\"input\",\"edit\":true,\"query\":true,\"columnComment\":\"仓库id\",\"isQuery\":\"1\",\"sort\":2,\"list\":true,\"params\":{},\"javaType\":\"Integer\",\"queryType\":\"EQ\",\"columnType\":\"int\",\"createBy\":\"admin\",\"isPk\":\"0\",\"createTime\":1636865494000,\"isEdit\":\"1\",\"tableId\":6,\"pk\":false,\"columnName\":\"ck_ckid\"},{\"capJavaField\":\"KcWzid\",\"usableColumn\":false,\"columnId\":38,\"isIncrement\":\"0\",\"increment\":false,\"insert\":true,\"isList\":\"1\",\"dictType\":\"\",\"required\":false,\"superColumn\":false,\"updateBy\":\"\",\"isInsert\":\"1\",\"javaField\":\"kcWzid\",\"htmlType\":\"input\",\"edit\":true,\"query\":true,\"columnComment\":\"物资id\",\"isQuery\":\"1\",\"sort\":3,\"list\":true,\"params\":{},\"javaType\":\"Integer\",\"queryType\":\"EQ\",\"columnType\":\"int\",\"createBy\":\"admin\",\"isPk\":\"0\",\"createTime\":1636865494000,\"isEdit\":\"1\",\"tableId\":6,\"pk\":false,\"columnName\":\"kc_wzid\"},{\"capJavaField\":\"Num\",\"usableColumn\":false,\"columnId\":39,\"isIncrement\":\"0\",\"increment\":false,\"insert\":true,\"isList\":\"1\",\"dictType\":\"\",\"required\":false,\"superColumn\":false,\"updateBy\":\"\",\"isInsert\":\"1\",\"javaField\":\"num\",\"htmlType\":\"input\",\"edit\":true,\"query\":false,\"columnComment\":\"数量\",\"sort\":4,\"list\":true,\"params\":{},\"javaType\":\"Integer\",\"queryType\":\"EQ\",\"columnType\":\"int\",\"createBy\":\"admin\",\"isPk\":\"0\",\"createTime\":1636865494000,\"isEdit\":\"1\",\"tableId\":6,\"pk\":false,', '{\"msg\":\"操作成功\",\"code\":200}', 0, NULL, '2021-11-14 16:27:27');
INSERT INTO `sys_oper_log` VALUES (133, '代码生成', 2, 'com.ruoyi.generator.controller.GenController.editSave()', 'PUT', 1, 'admin', NULL, '/tool/gen', '127.0.0.1', '内网IP', '{\"sub\":false,\"functionAuthor\":\"sonder\",\"columns\":[{\"capJavaField\":\"Id\",\"usableColumn\":false,\"columnId\":25,\"isIncrement\":\"1\",\"increment\":true,\"insert\":true,\"dictType\":\"\",\"required\":false,\"superColumn\":false,\"updateBy\":\"\",\"isInsert\":\"1\",\"javaField\":\"id\",\"htmlType\":\"input\",\"edit\":false,\"query\":false,\"columnComment\":\"物资发放id\",\"sort\":1,\"list\":false,\"params\":{},\"javaType\":\"Long\",\"queryType\":\"EQ\",\"columnType\":\"int\",\"createBy\":\"admin\",\"isPk\":\"1\",\"createTime\":1636865494000,\"tableId\":5,\"pk\":true,\"columnName\":\"id\"},{\"capJavaField\":\"FfDh\",\"usableColumn\":false,\"columnId\":26,\"isIncrement\":\"0\",\"increment\":false,\"insert\":true,\"isList\":\"1\",\"dictType\":\"\",\"required\":false,\"superColumn\":false,\"updateBy\":\"\",\"isInsert\":\"1\",\"javaField\":\"ffDh\",\"htmlType\":\"input\",\"edit\":true,\"query\":true,\"columnComment\":\"发放单号\",\"isQuery\":\"1\",\"sort\":2,\"list\":true,\"params\":{},\"javaType\":\"String\",\"queryType\":\"EQ\",\"columnType\":\"varchar(50)\",\"createBy\":\"admin\",\"isPk\":\"0\",\"createTime\":1636865494000,\"isEdit\":\"1\",\"tableId\":5,\"pk\":false,\"columnName\":\"ff_dh\"},{\"capJavaField\":\"FfType\",\"usableColumn\":false,\"columnId\":27,\"isIncrement\":\"0\",\"increment\":false,\"insert\":true,\"isList\":\"1\",\"dictType\":\"\",\"required\":false,\"superColumn\":false,\"updateBy\":\"\",\"isInsert\":\"1\",\"javaField\":\"ffType\",\"htmlType\":\"select\",\"edit\":true,\"query\":true,\"columnComment\":\"发放类型\",\"isQuery\":\"1\",\"sort\":3,\"list\":true,\"params\":{},\"javaType\":\"String\",\"queryType\":\"EQ\",\"columnType\":\"varchar(20)\",\"createBy\":\"admin\",\"isPk\":\"0\",\"createTime\":1636865494000,\"isEdit\":\"1\",\"tableId\":5,\"pk\":false,\"columnName\":\"ff_type\"},{\"capJavaField\":\"FfCd\",\"usableColumn\":false,\"columnId\":28,\"isIncrement\":\"0\",\"increment\":false,\"insert\":true,\"isList\":\"1\",\"dictType\":\"\",\"required\":false,\"superColumn\":false,\"updateBy\":\"\",\"isInsert\":\"1\",\"javaField\":\"ffCd\",\"htmlType\":\"input\",\"edit\":true,\"query\":true,\"columnComment\":\"紧急程度\",\"isQuery\":\"1\",\"sort\":4,\"list\":true,\"params\":{},\"javaType\":\"String\",\"queryType\":\"EQ\",\"columnType\":\"varchar(50)\",\"createBy\":\"admin\",\"isPk\":\"0\",\"createTime\":1636865494000,\"is', '{\"msg\":\"操作成功\",\"code\":200}', 0, NULL, '2021-11-14 16:31:35');
INSERT INTO `sys_oper_log` VALUES (134, '代码生成', 2, 'com.ruoyi.generator.controller.GenController.editSave()', 'PUT', 1, 'admin', NULL, '/tool/gen', '127.0.0.1', '内网IP', '{\"sub\":false,\"functionAuthor\":\"sonder\",\"columns\":[{\"capJavaField\":\"Id\",\"usableColumn\":false,\"columnId\":49,\"isIncrement\":\"1\",\"increment\":true,\"insert\":true,\"dictType\":\"\",\"required\":false,\"superColumn\":false,\"updateBy\":\"\",\"isInsert\":\"1\",\"javaField\":\"id\",\"htmlType\":\"input\",\"edit\":false,\"query\":false,\"columnComment\":\"明细id\",\"sort\":1,\"list\":false,\"params\":{},\"javaType\":\"Long\",\"queryType\":\"EQ\",\"columnType\":\"int\",\"createBy\":\"admin\",\"isPk\":\"1\",\"createTime\":1636865494000,\"tableId\":8,\"pk\":true,\"columnName\":\"id\"},{\"capJavaField\":\"MxDh\",\"usableColumn\":false,\"columnId\":50,\"isIncrement\":\"0\",\"increment\":false,\"insert\":true,\"isList\":\"1\",\"dictType\":\"\",\"required\":false,\"superColumn\":false,\"updateBy\":\"\",\"isInsert\":\"1\",\"javaField\":\"mxDh\",\"htmlType\":\"input\",\"edit\":true,\"query\":true,\"columnComment\":\"单号\",\"isQuery\":\"1\",\"sort\":2,\"list\":true,\"params\":{},\"javaType\":\"String\",\"queryType\":\"EQ\",\"columnType\":\"varchar(50)\",\"createBy\":\"admin\",\"isPk\":\"0\",\"createTime\":1636865494000,\"isEdit\":\"1\",\"tableId\":8,\"pk\":false,\"columnName\":\"mx_dh\"},{\"capJavaField\":\"MxMc\",\"usableColumn\":false,\"columnId\":51,\"isIncrement\":\"0\",\"increment\":false,\"insert\":true,\"isList\":\"1\",\"dictType\":\"\",\"required\":false,\"superColumn\":false,\"updateBy\":\"\",\"isInsert\":\"1\",\"javaField\":\"mxMc\",\"htmlType\":\"input\",\"edit\":true,\"query\":true,\"columnComment\":\"物资名称\",\"isQuery\":\"1\",\"sort\":3,\"list\":true,\"params\":{},\"javaType\":\"String\",\"queryType\":\"EQ\",\"columnType\":\"varchar(50)\",\"createBy\":\"admin\",\"isPk\":\"0\",\"createTime\":1636865494000,\"isEdit\":\"1\",\"tableId\":8,\"pk\":false,\"columnName\":\"mx_mc\"},{\"capJavaField\":\"MxSpid\",\"usableColumn\":false,\"columnId\":52,\"isIncrement\":\"0\",\"increment\":false,\"insert\":true,\"isList\":\"1\",\"dictType\":\"\",\"required\":false,\"superColumn\":false,\"updateBy\":\"\",\"isInsert\":\"1\",\"javaField\":\"mxSpid\",\"htmlType\":\"input\",\"edit\":true,\"query\":true,\"columnComment\":\"商品id\",\"isQuery\":\"1\",\"sort\":4,\"list\":true,\"params\":{},\"javaType\":\"Long\",\"queryType\":\"EQ\",\"columnType\":\"int\",\"createBy\":\"admin\",\"isPk\":\"0\",\"createTime\":1636865494000,\"isEdit\":\"1\",\"tableI', '{\"msg\":\"操作成功\",\"code\":200}', 0, NULL, '2021-11-14 16:36:05');
INSERT INTO `sys_oper_log` VALUES (135, '代码生成', 2, 'com.ruoyi.generator.controller.GenController.editSave()', 'PUT', 1, 'admin', NULL, '/tool/gen', '127.0.0.1', '内网IP', '{\"sub\":false,\"functionAuthor\":\"ruoyi\",\"columns\":[{\"capJavaField\":\"Id\",\"usableColumn\":false,\"columnId\":66,\"isIncrement\":\"1\",\"increment\":true,\"insert\":true,\"dictType\":\"\",\"required\":false,\"superColumn\":false,\"updateBy\":\"\",\"isInsert\":\"1\",\"javaField\":\"id\",\"htmlType\":\"input\",\"edit\":false,\"query\":false,\"columnComment\":\"入库id\",\"sort\":1,\"list\":false,\"params\":{},\"javaType\":\"Integer\",\"queryType\":\"EQ\",\"columnType\":\"int\",\"createBy\":\"admin\",\"isPk\":\"1\",\"createTime\":1636865494000,\"tableId\":10,\"pk\":true,\"columnName\":\"id\"},{\"capJavaField\":\"RkDh\",\"usableColumn\":false,\"columnId\":67,\"isIncrement\":\"0\",\"increment\":false,\"insert\":true,\"isList\":\"1\",\"dictType\":\"\",\"required\":false,\"superColumn\":false,\"updateBy\":\"\",\"isInsert\":\"1\",\"javaField\":\"rkDh\",\"htmlType\":\"input\",\"edit\":true,\"query\":true,\"columnComment\":\"电话\",\"isQuery\":\"1\",\"sort\":2,\"list\":true,\"params\":{},\"javaType\":\"String\",\"queryType\":\"EQ\",\"columnType\":\"varchar(50)\",\"createBy\":\"admin\",\"isPk\":\"0\",\"createTime\":1636865494000,\"isEdit\":\"1\",\"tableId\":10,\"pk\":false,\"columnName\":\"rk_dh\"},{\"capJavaField\":\"RkType\",\"usableColumn\":false,\"columnId\":68,\"isIncrement\":\"0\",\"increment\":false,\"insert\":true,\"isList\":\"1\",\"dictType\":\"\",\"required\":false,\"superColumn\":false,\"updateBy\":\"\",\"isInsert\":\"1\",\"javaField\":\"rkType\",\"htmlType\":\"select\",\"edit\":true,\"query\":true,\"columnComment\":\"种类\",\"isQuery\":\"1\",\"sort\":3,\"list\":true,\"params\":{},\"javaType\":\"String\",\"queryType\":\"EQ\",\"columnType\":\"varchar(20)\",\"createBy\":\"admin\",\"isPk\":\"0\",\"createTime\":1636865494000,\"isEdit\":\"1\",\"tableId\":10,\"pk\":false,\"columnName\":\"rk_type\"},{\"capJavaField\":\"RkSl\",\"usableColumn\":false,\"columnId\":69,\"isIncrement\":\"0\",\"increment\":false,\"insert\":true,\"isList\":\"1\",\"dictType\":\"\",\"required\":false,\"superColumn\":false,\"updateBy\":\"\",\"isInsert\":\"1\",\"javaField\":\"rkSl\",\"htmlType\":\"input\",\"edit\":true,\"query\":true,\"columnComment\":\"数量\",\"isQuery\":\"1\",\"sort\":4,\"list\":true,\"params\":{},\"javaType\":\"Integer\",\"queryType\":\"EQ\",\"columnType\":\"int\",\"createBy\":\"admin\",\"isPk\":\"0\",\"createTime\":1636865494000,\"isEdit\":\"1\",', '{\"msg\":\"操作成功\",\"code\":200}', 0, NULL, '2021-11-14 16:38:40');
INSERT INTO `sys_oper_log` VALUES (136, '代码生成', 2, 'com.ruoyi.generator.controller.GenController.editSave()', 'PUT', 1, 'admin', NULL, '/tool/gen', '127.0.0.1', '内网IP', '{\"sub\":false,\"functionAuthor\":\"sonder\",\"columns\":[{\"capJavaField\":\"Id\",\"usableColumn\":false,\"columnId\":76,\"isIncrement\":\"1\",\"increment\":true,\"insert\":true,\"dictType\":\"\",\"required\":false,\"superColumn\":false,\"updateBy\":\"\",\"isInsert\":\"1\",\"javaField\":\"id\",\"htmlType\":\"input\",\"edit\":false,\"query\":false,\"columnComment\":\"日志id\",\"sort\":1,\"list\":false,\"params\":{},\"javaType\":\"Long\",\"queryType\":\"EQ\",\"columnType\":\"int\",\"createBy\":\"admin\",\"isPk\":\"1\",\"createTime\":1636865494000,\"tableId\":11,\"pk\":true,\"columnName\":\"id\"},{\"capJavaField\":\"RzType\",\"usableColumn\":false,\"columnId\":77,\"isIncrement\":\"0\",\"increment\":false,\"insert\":true,\"isList\":\"1\",\"dictType\":\"\",\"required\":false,\"superColumn\":false,\"updateBy\":\"\",\"isInsert\":\"1\",\"javaField\":\"rzType\",\"htmlType\":\"select\",\"edit\":true,\"query\":true,\"columnComment\":\"日志种类\",\"isQuery\":\"1\",\"sort\":2,\"list\":true,\"params\":{},\"javaType\":\"String\",\"queryType\":\"EQ\",\"columnType\":\"varchar(20)\",\"createBy\":\"admin\",\"isPk\":\"0\",\"createTime\":1636865494000,\"isEdit\":\"1\",\"tableId\":11,\"pk\":false,\"columnName\":\"rz_type\"},{\"capJavaField\":\"RzRy\",\"usableColumn\":false,\"columnId\":78,\"isIncrement\":\"0\",\"increment\":false,\"insert\":true,\"isList\":\"1\",\"dictType\":\"\",\"required\":false,\"superColumn\":false,\"updateBy\":\"\",\"isInsert\":\"1\",\"javaField\":\"rzRy\",\"htmlType\":\"input\",\"edit\":true,\"query\":true,\"columnComment\":\"操作人员\",\"isQuery\":\"1\",\"sort\":3,\"list\":true,\"params\":{},\"javaType\":\"String\",\"queryType\":\"EQ\",\"columnType\":\"varchar(30)\",\"createBy\":\"admin\",\"isPk\":\"0\",\"createTime\":1636865494000,\"isEdit\":\"1\",\"tableId\":11,\"pk\":false,\"columnName\":\"rz_ry\"},{\"capJavaField\":\"RzDz\",\"usableColumn\":false,\"columnId\":79,\"isIncrement\":\"0\",\"increment\":false,\"insert\":true,\"isList\":\"1\",\"dictType\":\"\",\"required\":false,\"superColumn\":false,\"updateBy\":\"\",\"isInsert\":\"1\",\"javaField\":\"rzDz\",\"htmlType\":\"input\",\"edit\":true,\"query\":true,\"columnComment\":\"操作地址\",\"isQuery\":\"1\",\"sort\":4,\"list\":true,\"params\":{},\"javaType\":\"String\",\"queryType\":\"EQ\",\"columnType\":\"varchar(50)\",\"createBy\":\"admin\",\"isPk\":\"0\",\"createTime\":1636865494000,\"i', '{\"msg\":\"操作成功\",\"code\":200}', 0, NULL, '2021-11-14 16:40:59');
INSERT INTO `sys_oper_log` VALUES (137, '代码生成', 2, 'com.ruoyi.generator.controller.GenController.editSave()', 'PUT', 1, 'admin', NULL, '/tool/gen', '127.0.0.1', '内网IP', '{\"sub\":false,\"subTableName\":\"\",\"functionAuthor\":\"sonder\",\"columns\":[{\"capJavaField\":\"Id\",\"usableColumn\":false,\"columnId\":5,\"isIncrement\":\"1\",\"increment\":true,\"insert\":true,\"dictType\":\"\",\"required\":false,\"superColumn\":false,\"updateBy\":\"\",\"isInsert\":\"1\",\"javaField\":\"id\",\"htmlType\":\"input\",\"edit\":false,\"query\":false,\"columnComment\":\"物资编号\",\"updateTime\":1636878248000,\"sort\":1,\"list\":false,\"params\":{},\"javaType\":\"Integer\",\"queryType\":\"EQ\",\"columnType\":\"int\",\"createBy\":\"admin\",\"isPk\":\"1\",\"createTime\":1636808309000,\"tableId\":2,\"pk\":true,\"columnName\":\"id\"},{\"capJavaField\":\"WzTp\",\"usableColumn\":false,\"columnId\":6,\"isIncrement\":\"0\",\"increment\":false,\"insert\":true,\"isList\":\"1\",\"dictType\":\"\",\"required\":false,\"superColumn\":false,\"updateBy\":\"\",\"isInsert\":\"1\",\"javaField\":\"wzTp\",\"htmlType\":\"imageUpload\",\"edit\":true,\"query\":false,\"columnComment\":\"物资图片\",\"updateTime\":1636878248000,\"sort\":2,\"list\":true,\"params\":{},\"javaType\":\"String\",\"queryType\":\"EQ\",\"columnType\":\"varchar(255)\",\"createBy\":\"admin\",\"isPk\":\"0\",\"createTime\":1636808309000,\"isEdit\":\"1\",\"tableId\":2,\"pk\":false,\"columnName\":\"wz_tp\"},{\"capJavaField\":\"WzName\",\"usableColumn\":false,\"columnId\":7,\"isIncrement\":\"0\",\"increment\":false,\"insert\":true,\"isList\":\"1\",\"dictType\":\"\",\"required\":true,\"superColumn\":false,\"updateBy\":\"\",\"isInsert\":\"1\",\"isRequired\":\"1\",\"javaField\":\"wzName\",\"htmlType\":\"input\",\"edit\":true,\"query\":true,\"columnComment\":\"物资名称\",\"isQuery\":\"1\",\"updateTime\":1636878248000,\"sort\":3,\"list\":true,\"params\":{},\"javaType\":\"String\",\"queryType\":\"LIKE\",\"columnType\":\"varchar(50)\",\"createBy\":\"admin\",\"isPk\":\"0\",\"createTime\":1636808309000,\"isEdit\":\"1\",\"tableId\":2,\"pk\":false,\"columnName\":\"wz_name\"},{\"capJavaField\":\"WzGg\",\"usableColumn\":false,\"columnId\":8,\"isIncrement\":\"0\",\"increment\":false,\"insert\":true,\"isList\":\"1\",\"dictType\":\"\",\"required\":true,\"superColumn\":false,\"updateBy\":\"\",\"isInsert\":\"1\",\"isRequired\":\"1\",\"javaField\":\"wzGg\",\"htmlType\":\"input\",\"edit\":true,\"query\":false,\"columnComment\":\"规格\",\"updateTime\":1636878248000,\"sort\":4,\"list\":true,\"', '{\"msg\":\"操作成功\",\"code\":200}', 0, NULL, '2021-11-14 18:51:29');
INSERT INTO `sys_oper_log` VALUES (138, '代码生成', 2, 'com.ruoyi.generator.controller.GenController.editSave()', 'PUT', 1, 'admin', NULL, '/tool/gen', '127.0.0.1', '内网IP', '{\"sub\":true,\"subTableName\":\"wz_qc\",\"functionAuthor\":\"sonder\",\"columns\":[{\"capJavaField\":\"Id\",\"usableColumn\":false,\"columnId\":58,\"isIncrement\":\"1\",\"increment\":true,\"insert\":true,\"dictType\":\"\",\"required\":false,\"superColumn\":false,\"updateBy\":\"\",\"isInsert\":\"1\",\"javaField\":\"id\",\"htmlType\":\"input\",\"edit\":false,\"query\":false,\"columnComment\":\"去处id\",\"updateTime\":1636866454000,\"sort\":1,\"list\":false,\"params\":{},\"javaType\":\"Integer\",\"queryType\":\"EQ\",\"columnType\":\"int\",\"createBy\":\"admin\",\"isPk\":\"1\",\"createTime\":1636865494000,\"tableId\":9,\"pk\":true,\"columnName\":\"id\"},{\"capJavaField\":\"QcSf\",\"usableColumn\":false,\"columnId\":59,\"isIncrement\":\"0\",\"increment\":false,\"insert\":true,\"isList\":\"1\",\"dictType\":\"\",\"required\":false,\"superColumn\":false,\"updateBy\":\"\",\"isInsert\":\"1\",\"javaField\":\"qcSf\",\"htmlType\":\"input\",\"edit\":true,\"query\":true,\"columnComment\":\"省份\",\"isQuery\":\"1\",\"updateTime\":1636866454000,\"sort\":2,\"list\":true,\"params\":{},\"javaType\":\"String\",\"queryType\":\"EQ\",\"columnType\":\"varchar(20)\",\"createBy\":\"admin\",\"isPk\":\"0\",\"createTime\":1636865494000,\"isEdit\":\"1\",\"tableId\":9,\"pk\":false,\"columnName\":\"qc_sf\"},{\"capJavaField\":\"QcS\",\"usableColumn\":false,\"columnId\":60,\"isIncrement\":\"0\",\"increment\":false,\"insert\":true,\"isList\":\"1\",\"dictType\":\"\",\"required\":false,\"superColumn\":false,\"updateBy\":\"\",\"isInsert\":\"1\",\"javaField\":\"qcS\",\"htmlType\":\"input\",\"edit\":true,\"query\":true,\"columnComment\":\"市\",\"isQuery\":\"1\",\"updateTime\":1636866454000,\"sort\":3,\"list\":true,\"params\":{},\"javaType\":\"String\",\"queryType\":\"EQ\",\"columnType\":\"varchar(20)\",\"createBy\":\"admin\",\"isPk\":\"0\",\"createTime\":1636865494000,\"isEdit\":\"1\",\"tableId\":9,\"pk\":false,\"columnName\":\"qc_s\"},{\"capJavaField\":\"QcQx\",\"usableColumn\":false,\"columnId\":61,\"isIncrement\":\"0\",\"increment\":false,\"insert\":true,\"isList\":\"1\",\"dictType\":\"\",\"required\":false,\"superColumn\":false,\"updateBy\":\"\",\"isInsert\":\"1\",\"javaField\":\"qcQx\",\"htmlType\":\"input\",\"edit\":true,\"query\":true,\"columnComment\":\"区县\",\"isQuery\":\"1\",\"updateTime\":1636866454000,\"sort\":4,\"list\":true,\"params\":{},\"javaType\"', '{\"msg\":\"操作成功\",\"code\":200}', 0, NULL, '2021-11-14 19:01:25');
INSERT INTO `sys_oper_log` VALUES (139, '字典类型', 1, 'com.ruoyi.web.controller.system.SysDictTypeController.add()', 'POST', 1, 'admin', NULL, '/system/dict/type', '127.0.0.1', '内网IP', '{\"createBy\":\"admin\",\"dictName\":\"物资状态\",\"remark\":\"状态\",\"params\":{},\"dictType\":\"wz_zt\",\"status\":\"0\"}', '{\"msg\":\"操作成功\",\"code\":200}', 0, NULL, '2021-11-14 19:30:01');
INSERT INTO `sys_oper_log` VALUES (140, '字典数据', 1, 'com.ruoyi.web.controller.system.SysDictDataController.add()', 'POST', 1, 'admin', NULL, '/system/dict/data', '127.0.0.1', '内网IP', '{\"dictValue\":\"1\",\"listClass\":\"primary\",\"dictSort\":1,\"params\":{},\"dictType\":\"wz_zt\",\"dictLabel\":\"已入库\",\"createBy\":\"admin\",\"default\":false,\"status\":\"0\"}', '{\"msg\":\"操作成功\",\"code\":200}', 0, NULL, '2021-11-14 19:30:33');
INSERT INTO `sys_oper_log` VALUES (141, '字典数据', 1, 'com.ruoyi.web.controller.system.SysDictDataController.add()', 'POST', 1, 'admin', NULL, '/system/dict/data', '127.0.0.1', '内网IP', '{\"dictValue\":\"2\",\"listClass\":\"info\",\"dictSort\":2,\"params\":{},\"dictType\":\"wz_zt\",\"dictLabel\":\"回收站\",\"createBy\":\"admin\",\"default\":false,\"status\":\"0\"}', '{\"msg\":\"操作成功\",\"code\":200}', 0, NULL, '2021-11-14 19:30:52');
INSERT INTO `sys_oper_log` VALUES (142, '字典数据', 1, 'com.ruoyi.web.controller.system.SysDictDataController.add()', 'POST', 1, 'admin', NULL, '/system/dict/data', '127.0.0.1', '内网IP', '{\"dictValue\":\"3\",\"listClass\":\"warning\",\"dictSort\":3,\"params\":{},\"dictType\":\"wz_zt\",\"dictLabel\":\"待审核\",\"createBy\":\"admin\",\"default\":false,\"status\":\"0\"}', '{\"msg\":\"操作成功\",\"code\":200}', 0, NULL, '2021-11-14 19:31:12');
INSERT INTO `sys_oper_log` VALUES (143, '字典类型', 1, 'com.ruoyi.web.controller.system.SysDictTypeController.add()', 'POST', 1, 'admin', NULL, '/system/dict/type', '127.0.0.1', '内网IP', '{\"createBy\":\"admin\",\"dictName\":\"领取类型\",\"params\":{},\"dictType\":\"wz_lqnx\",\"status\":\"0\"}', '{\"msg\":\"操作成功\",\"code\":200}', 0, NULL, '2021-11-14 19:33:04');
INSERT INTO `sys_oper_log` VALUES (144, '字典数据', 1, 'com.ruoyi.web.controller.system.SysDictDataController.add()', 'POST', 1, 'admin', NULL, '/system/dict/data', '127.0.0.1', '内网IP', '{\"dictValue\":\"0\",\"listClass\":\"primary\",\"dictSort\":0,\"params\":{},\"dictType\":\"wz_lqnx\",\"dictLabel\":\"政府\",\"createBy\":\"admin\",\"default\":false,\"status\":\"0\"}', '{\"msg\":\"操作成功\",\"code\":200}', 0, NULL, '2021-11-14 19:33:44');
INSERT INTO `sys_oper_log` VALUES (145, '字典数据', 1, 'com.ruoyi.web.controller.system.SysDictDataController.add()', 'POST', 1, 'admin', NULL, '/system/dict/data', '127.0.0.1', '内网IP', '{\"dictValue\":\"1\",\"listClass\":\"success\",\"dictSort\":1,\"params\":{},\"dictType\":\"wz_lqnx\",\"dictLabel\":\"医院\",\"createBy\":\"admin\",\"default\":false,\"status\":\"0\"}', '{\"msg\":\"操作成功\",\"code\":200}', 0, NULL, '2021-11-14 19:33:59');
INSERT INTO `sys_oper_log` VALUES (146, '字典数据', 1, 'com.ruoyi.web.controller.system.SysDictDataController.add()', 'POST', 1, 'admin', NULL, '/system/dict/data', '127.0.0.1', '内网IP', '{\"dictValue\":\"2\",\"listClass\":\"info\",\"dictSort\":2,\"params\":{},\"dictType\":\"wz_lqnx\",\"dictLabel\":\"小区\",\"createBy\":\"admin\",\"default\":false,\"status\":\"0\"}', '{\"msg\":\"操作成功\",\"code\":200}', 0, NULL, '2021-11-14 19:34:14');
INSERT INTO `sys_oper_log` VALUES (147, '字典数据', 1, 'com.ruoyi.web.controller.system.SysDictDataController.add()', 'POST', 1, 'admin', NULL, '/system/dict/data', '127.0.0.1', '内网IP', '{\"dictValue\":\"3\",\"listClass\":\"warning\",\"dictSort\":3,\"params\":{},\"dictType\":\"wz_lqnx\",\"dictLabel\":\"个人\",\"createBy\":\"admin\",\"default\":false,\"status\":\"0\"}', '{\"msg\":\"操作成功\",\"code\":200}', 0, NULL, '2021-11-14 19:34:34');
INSERT INTO `sys_oper_log` VALUES (148, '字典数据', 1, 'com.ruoyi.web.controller.system.SysDictDataController.add()', 'POST', 1, 'admin', NULL, '/system/dict/data', '127.0.0.1', '内网IP', '{\"dictValue\":\"4\",\"listClass\":\"danger\",\"dictSort\":4,\"params\":{},\"dictType\":\"wz_lqnx\",\"dictLabel\":\"其他\",\"createBy\":\"admin\",\"default\":false,\"status\":\"0\"}', '{\"msg\":\"操作成功\",\"code\":200}', 0, NULL, '2021-11-14 19:34:53');
INSERT INTO `sys_oper_log` VALUES (149, '字典类型', 2, 'com.ruoyi.web.controller.system.SysDictTypeController.edit()', 'PUT', 1, 'admin', NULL, '/system/dict/type', '127.0.0.1', '内网IP', '{\"createBy\":\"admin\",\"createTime\":1636808834000,\"updateBy\":\"admin\",\"dictName\":\"物资入库类型\",\"remark\":\"物资类型\",\"dictId\":100,\"params\":{},\"dictType\":\"wz_nx\",\"status\":\"0\"}', '{\"msg\":\"操作成功\",\"code\":200}', 0, NULL, '2021-11-14 19:35:16');
INSERT INTO `sys_oper_log` VALUES (150, '字典类型', 1, 'com.ruoyi.web.controller.system.SysDictTypeController.add()', 'POST', 1, 'admin', NULL, '/system/dict/type', '127.0.0.1', '内网IP', '{\"createBy\":\"admin\",\"dictName\":\"物资出库类型\",\"params\":{},\"dictType\":\"wz_cknx\",\"status\":\"0\"}', '{\"msg\":\"操作成功\",\"code\":200}', 0, NULL, '2021-11-14 19:35:41');
INSERT INTO `sys_oper_log` VALUES (151, '字典数据', 1, 'com.ruoyi.web.controller.system.SysDictDataController.add()', 'POST', 1, 'admin', NULL, '/system/dict/data', '127.0.0.1', '内网IP', '{\"dictValue\":\"0\",\"listClass\":\"primary\",\"dictSort\":0,\"params\":{},\"dictType\":\"wz_cknx\",\"dictLabel\":\"已发放\",\"createBy\":\"admin\",\"default\":false,\"status\":\"0\"}', '{\"msg\":\"操作成功\",\"code\":200}', 0, NULL, '2021-11-14 19:36:15');
INSERT INTO `sys_oper_log` VALUES (152, '字典数据', 1, 'com.ruoyi.web.controller.system.SysDictDataController.add()', 'POST', 1, 'admin', NULL, '/system/dict/data', '127.0.0.1', '内网IP', '{\"dictValue\":\"1\",\"listClass\":\"success\",\"dictSort\":1,\"params\":{},\"dictType\":\"wz_cknx\",\"dictLabel\":\"回收站\",\"createBy\":\"admin\",\"default\":false,\"status\":\"0\"}', '{\"msg\":\"操作成功\",\"code\":200}', 0, NULL, '2021-11-14 19:36:27');
INSERT INTO `sys_oper_log` VALUES (153, '字典数据', 1, 'com.ruoyi.web.controller.system.SysDictDataController.add()', 'POST', 1, 'admin', NULL, '/system/dict/data', '127.0.0.1', '内网IP', '{\"dictValue\":\"2\",\"listClass\":\"warning\",\"dictSort\":2,\"params\":{},\"dictType\":\"wz_cknx\",\"dictLabel\":\"带审核\",\"createBy\":\"admin\",\"default\":false,\"status\":\"0\"}', '{\"msg\":\"操作成功\",\"code\":200}', 0, NULL, '2021-11-14 19:36:59');
INSERT INTO `sys_oper_log` VALUES (154, '字典类型', 2, 'com.ruoyi.web.controller.system.SysDictTypeController.edit()', 'PUT', 1, 'admin', NULL, '/system/dict/type', '127.0.0.1', '内网IP', '{\"createBy\":\"admin\",\"createTime\":1636889741000,\"updateBy\":\"admin\",\"dictName\":\"物资出库状态\",\"dictId\":103,\"params\":{},\"dictType\":\"wz_ckzt\",\"status\":\"0\"}', '{\"msg\":\"操作成功\",\"code\":200}', 0, NULL, '2021-11-14 19:37:37');
INSERT INTO `sys_oper_log` VALUES (155, '字典类型', 2, 'com.ruoyi.web.controller.system.SysDictTypeController.edit()', 'PUT', 1, 'admin', NULL, '/system/dict/type', '127.0.0.1', '内网IP', '{\"createBy\":\"admin\",\"createTime\":1636889401000,\"updateBy\":\"admin\",\"dictName\":\"物资入库状态\",\"remark\":\"状态\",\"dictId\":101,\"params\":{},\"dictType\":\"wz_rkzt\",\"status\":\"0\"}', '{\"msg\":\"操作成功\",\"code\":200}', 0, NULL, '2021-11-14 19:37:49');
INSERT INTO `sys_oper_log` VALUES (156, '字典类型', 2, 'com.ruoyi.web.controller.system.SysDictTypeController.edit()', 'PUT', 1, 'admin', NULL, '/system/dict/type', '127.0.0.1', '内网IP', '{\"createBy\":\"admin\",\"createTime\":1636808834000,\"updateBy\":\"admin\",\"dictName\":\"物资类型\",\"remark\":\"物资类型\",\"dictId\":100,\"params\":{},\"dictType\":\"wz_nx\",\"status\":\"0\"}', '{\"msg\":\"操作成功\",\"code\":200}', 0, NULL, '2021-11-14 19:37:56');
INSERT INTO `sys_oper_log` VALUES (157, '字典类型', 1, 'com.ruoyi.web.controller.system.SysDictTypeController.add()', 'POST', 1, 'admin', NULL, '/system/dict/type', '127.0.0.1', '内网IP', '{\"createBy\":\"admin\",\"dictName\":\"物资状态\",\"params\":{},\"dictType\":\"wz_zt\",\"status\":\"0\"}', '{\"msg\":\"操作成功\",\"code\":200}', 0, NULL, '2021-11-14 19:38:46');
INSERT INTO `sys_oper_log` VALUES (158, '字典数据', 1, 'com.ruoyi.web.controller.system.SysDictDataController.add()', 'POST', 1, 'admin', NULL, '/system/dict/data', '127.0.0.1', '内网IP', '{\"dictValue\":\"0\",\"listClass\":\"default\",\"dictSort\":0,\"params\":{},\"dictType\":\"wz_zt\",\"dictLabel\":\"正常\",\"createBy\":\"admin\",\"default\":false,\"status\":\"0\"}', '{\"msg\":\"操作成功\",\"code\":200}', 0, NULL, '2021-11-14 19:38:59');
INSERT INTO `sys_oper_log` VALUES (159, '字典数据', 1, 'com.ruoyi.web.controller.system.SysDictDataController.add()', 'POST', 1, 'admin', NULL, '/system/dict/data', '127.0.0.1', '内网IP', '{\"dictValue\":\"1\",\"listClass\":\"default\",\"dictSort\":1,\"params\":{},\"dictType\":\"wz_zt\",\"dictLabel\":\"回收站\",\"createBy\":\"admin\",\"default\":false,\"status\":\"0\"}', '{\"msg\":\"操作成功\",\"code\":200}', 0, NULL, '2021-11-14 19:39:08');
INSERT INTO `sys_oper_log` VALUES (160, '字典数据', 1, 'com.ruoyi.web.controller.system.SysDictDataController.add()', 'POST', 1, 'admin', NULL, '/system/dict/data', '127.0.0.1', '内网IP', '{\"dictValue\":\"2\",\"listClass\":\"danger\",\"dictSort\":2,\"params\":{},\"dictType\":\"wz_zt\",\"dictLabel\":\"待审核\",\"createBy\":\"admin\",\"default\":false,\"status\":\"0\"}', '{\"msg\":\"操作成功\",\"code\":200}', 0, NULL, '2021-11-14 19:39:20');
INSERT INTO `sys_oper_log` VALUES (161, '字典数据', 2, 'com.ruoyi.web.controller.system.SysDictDataController.edit()', 'PUT', 1, 'admin', NULL, '/system/dict/data', '127.0.0.1', '内网IP', '{\"dictValue\":\"1\",\"listClass\":\"info\",\"dictSort\":1,\"params\":{},\"dictType\":\"wz_zt\",\"dictLabel\":\"回收站\",\"createBy\":\"admin\",\"default\":false,\"isDefault\":\"N\",\"createTime\":1636889948000,\"dictCode\":116,\"updateBy\":\"admin\",\"status\":\"0\"}', '{\"msg\":\"操作成功\",\"code\":200}', 0, NULL, '2021-11-14 19:39:32');
INSERT INTO `sys_oper_log` VALUES (162, '字典数据', 2, 'com.ruoyi.web.controller.system.SysDictDataController.edit()', 'PUT', 1, 'admin', NULL, '/system/dict/data', '127.0.0.1', '内网IP', '{\"dictValue\":\"0\",\"listClass\":\"success\",\"dictSort\":0,\"params\":{},\"dictType\":\"wz_zt\",\"dictLabel\":\"正常\",\"createBy\":\"admin\",\"default\":false,\"isDefault\":\"N\",\"createTime\":1636889939000,\"dictCode\":115,\"updateBy\":\"admin\",\"status\":\"0\"}', '{\"msg\":\"操作成功\",\"code\":200}', 0, NULL, '2021-11-14 19:39:39');
INSERT INTO `sys_oper_log` VALUES (163, '字典类型', 1, 'com.ruoyi.web.controller.system.SysDictTypeController.add()', 'POST', 1, 'admin', NULL, '/system/dict/type', '127.0.0.1', '内网IP', '{\"createBy\":\"admin\",\"dictName\":\"物资运输状态\",\"params\":{},\"dictType\":\"wz_yszt\",\"status\":\"0\"}', '{\"msg\":\"操作成功\",\"code\":200}', 0, NULL, '2021-11-14 19:42:34');
INSERT INTO `sys_oper_log` VALUES (164, '字典数据', 1, 'com.ruoyi.web.controller.system.SysDictDataController.add()', 'POST', 1, 'admin', NULL, '/system/dict/data', '127.0.0.1', '内网IP', '{\"dictValue\":\"0\",\"listClass\":\"primary\",\"dictSort\":0,\"params\":{},\"dictType\":\"wz_yszt\",\"dictLabel\":\"装货中\",\"createBy\":\"admin\",\"default\":false,\"status\":\"0\"}', '{\"msg\":\"操作成功\",\"code\":200}', 0, NULL, '2021-11-14 19:43:23');
INSERT INTO `sys_oper_log` VALUES (165, '字典数据', 1, 'com.ruoyi.web.controller.system.SysDictDataController.add()', 'POST', 1, 'admin', NULL, '/system/dict/data', '127.0.0.1', '内网IP', '{\"dictValue\":\"1\",\"listClass\":\"success\",\"dictSort\":1,\"params\":{},\"dictType\":\"wz_yszt\",\"dictLabel\":\"运输中\",\"createBy\":\"admin\",\"default\":false,\"status\":\"0\"}', '{\"msg\":\"操作成功\",\"code\":200}', 0, NULL, '2021-11-14 19:43:41');
INSERT INTO `sys_oper_log` VALUES (166, '字典数据', 1, 'com.ruoyi.web.controller.system.SysDictDataController.add()', 'POST', 1, 'admin', NULL, '/system/dict/data', '127.0.0.1', '内网IP', '{\"dictValue\":\"3\",\"listClass\":\"info\",\"dictSort\":2,\"params\":{},\"dictType\":\"wz_yszt\",\"dictLabel\":\"已送达\",\"createBy\":\"admin\",\"default\":false,\"status\":\"0\"}', '{\"msg\":\"操作成功\",\"code\":200}', 0, NULL, '2021-11-14 19:44:05');
INSERT INTO `sys_oper_log` VALUES (167, '代码生成', 2, 'com.ruoyi.generator.controller.GenController.editSave()', 'PUT', 1, 'admin', NULL, '/tool/gen', '127.0.0.1', '内网IP', '{\"sub\":false,\"functionAuthor\":\"ruoyi\",\"columns\":[{\"capJavaField\":\"Id\",\"usableColumn\":false,\"columnId\":84,\"isIncrement\":\"1\",\"increment\":true,\"insert\":true,\"dictType\":\"\",\"required\":false,\"superColumn\":false,\"updateBy\":\"\",\"isInsert\":\"1\",\"javaField\":\"id\",\"htmlType\":\"input\",\"edit\":false,\"query\":false,\"sort\":1,\"list\":false,\"params\":{},\"javaType\":\"Integer\",\"queryType\":\"EQ\",\"columnType\":\"int\",\"createBy\":\"admin\",\"isPk\":\"1\",\"createTime\":1636865494000,\"tableId\":12,\"pk\":true,\"columnName\":\"id\"},{\"capJavaField\":\"YsDh\",\"usableColumn\":false,\"columnId\":85,\"isIncrement\":\"0\",\"increment\":false,\"insert\":true,\"isList\":\"1\",\"dictType\":\"\",\"required\":false,\"superColumn\":false,\"updateBy\":\"\",\"isInsert\":\"1\",\"javaField\":\"ysDh\",\"htmlType\":\"input\",\"edit\":true,\"query\":true,\"isQuery\":\"1\",\"sort\":2,\"list\":true,\"params\":{},\"javaType\":\"String\",\"queryType\":\"EQ\",\"columnType\":\"varchar(30)\",\"createBy\":\"admin\",\"isPk\":\"0\",\"createTime\":1636865494000,\"isEdit\":\"1\",\"tableId\":12,\"pk\":false,\"columnName\":\"ys_dh\"},{\"capJavaField\":\"YsLx\",\"usableColumn\":false,\"columnId\":86,\"isIncrement\":\"0\",\"increment\":false,\"insert\":true,\"isList\":\"1\",\"dictType\":\"\",\"required\":false,\"superColumn\":false,\"updateBy\":\"\",\"isInsert\":\"1\",\"javaField\":\"ysLx\",\"htmlType\":\"input\",\"edit\":true,\"query\":true,\"isQuery\":\"1\",\"sort\":3,\"list\":true,\"params\":{},\"javaType\":\"String\",\"queryType\":\"EQ\",\"columnType\":\"varchar(255)\",\"createBy\":\"admin\",\"isPk\":\"0\",\"createTime\":1636865494000,\"isEdit\":\"1\",\"tableId\":12,\"pk\":false,\"columnName\":\"ys_lx\"},{\"capJavaField\":\"YsWz\",\"usableColumn\":false,\"columnId\":87,\"isIncrement\":\"0\",\"increment\":false,\"insert\":true,\"isList\":\"1\",\"dictType\":\"\",\"required\":false,\"superColumn\":false,\"updateBy\":\"\",\"isInsert\":\"1\",\"javaField\":\"ysWz\",\"htmlType\":\"input\",\"edit\":true,\"query\":true,\"isQuery\":\"1\",\"sort\":4,\"list\":true,\"params\":{},\"javaType\":\"String\",\"queryType\":\"EQ\",\"columnType\":\"varchar(255)\",\"createBy\":\"admin\",\"isPk\":\"0\",\"createTime\":1636865494000,\"isEdit\":\"1\",\"tableId\":12,\"pk\":false,\"columnName\":\"ys_wz\"},{\"capJavaField\":\"YsFzr\",\"usableColumn\"', '{\"msg\":\"操作成功\",\"code\":200}', 0, NULL, '2021-11-14 19:45:14');
INSERT INTO `sys_oper_log` VALUES (168, '代码生成', 2, 'com.ruoyi.generator.controller.GenController.editSave()', 'PUT', 1, 'admin', NULL, '/tool/gen', '127.0.0.1', '内网IP', '{\"sub\":false,\"functionAuthor\":\"ruoyi\",\"columns\":[{\"capJavaField\":\"Id\",\"usableColumn\":false,\"columnId\":84,\"isIncrement\":\"1\",\"increment\":true,\"insert\":true,\"dictType\":\"\",\"required\":false,\"superColumn\":false,\"updateBy\":\"\",\"isInsert\":\"1\",\"javaField\":\"id\",\"htmlType\":\"input\",\"edit\":false,\"query\":false,\"columnComment\":\"运输id\",\"updateTime\":1636890314000,\"sort\":1,\"list\":false,\"params\":{},\"javaType\":\"Integer\",\"queryType\":\"EQ\",\"columnType\":\"int\",\"createBy\":\"admin\",\"isPk\":\"1\",\"createTime\":1636865494000,\"tableId\":12,\"pk\":true,\"columnName\":\"id\"},{\"capJavaField\":\"YsDh\",\"usableColumn\":false,\"columnId\":85,\"isIncrement\":\"0\",\"increment\":false,\"insert\":true,\"isList\":\"1\",\"dictType\":\"\",\"required\":false,\"superColumn\":false,\"updateBy\":\"\",\"isInsert\":\"1\",\"javaField\":\"ysDh\",\"htmlType\":\"input\",\"edit\":true,\"query\":true,\"columnComment\":\"运输单号\",\"isQuery\":\"1\",\"updateTime\":1636890314000,\"sort\":2,\"list\":true,\"params\":{},\"javaType\":\"String\",\"queryType\":\"EQ\",\"columnType\":\"varchar(30)\",\"createBy\":\"admin\",\"isPk\":\"0\",\"createTime\":1636865494000,\"isEdit\":\"1\",\"tableId\":12,\"pk\":false,\"columnName\":\"ys_dh\"},{\"capJavaField\":\"YsLx\",\"usableColumn\":false,\"columnId\":86,\"isIncrement\":\"0\",\"increment\":false,\"insert\":true,\"isList\":\"1\",\"dictType\":\"\",\"required\":false,\"superColumn\":false,\"updateBy\":\"\",\"isInsert\":\"1\",\"javaField\":\"ysLx\",\"htmlType\":\"input\",\"edit\":true,\"query\":false,\"columnComment\":\"运输路线\",\"updateTime\":1636890314000,\"sort\":3,\"list\":true,\"params\":{},\"javaType\":\"String\",\"queryType\":\"EQ\",\"columnType\":\"varchar(255)\",\"createBy\":\"admin\",\"isPk\":\"0\",\"createTime\":1636865494000,\"isEdit\":\"1\",\"tableId\":12,\"pk\":false,\"columnName\":\"ys_lx\"},{\"capJavaField\":\"YsWz\",\"usableColumn\":false,\"columnId\":87,\"isIncrement\":\"0\",\"increment\":false,\"insert\":true,\"isList\":\"1\",\"dictType\":\"\",\"required\":false,\"superColumn\":false,\"updateBy\":\"\",\"isInsert\":\"1\",\"javaField\":\"ysWz\",\"htmlType\":\"input\",\"edit\":true,\"query\":false,\"columnComment\":\"当前位置\",\"updateTime\":1636890314000,\"sort\":4,\"list\":true,\"params\":{},\"javaType\":\"String\",\"queryType\":\"EQ\",\"columnT', '{\"msg\":\"操作成功\",\"code\":200}', 0, NULL, '2021-11-14 19:48:25');
INSERT INTO `sys_oper_log` VALUES (169, '代码生成', 2, 'com.ruoyi.generator.controller.GenController.editSave()', 'PUT', 1, 'admin', NULL, '/tool/gen', '127.0.0.1', '内网IP', '{\"sub\":false,\"subTableName\":\"\",\"functionAuthor\":\"sonder\",\"columns\":[{\"capJavaField\":\"Id\",\"usableColumn\":false,\"columnId\":5,\"isIncrement\":\"1\",\"increment\":true,\"insert\":true,\"dictType\":\"\",\"required\":false,\"superColumn\":false,\"updateBy\":\"\",\"isInsert\":\"1\",\"javaField\":\"id\",\"htmlType\":\"input\",\"edit\":false,\"query\":false,\"columnComment\":\"物资编号\",\"updateTime\":1636887088000,\"sort\":1,\"list\":false,\"params\":{},\"javaType\":\"Integer\",\"queryType\":\"EQ\",\"columnType\":\"int\",\"createBy\":\"admin\",\"isPk\":\"1\",\"createTime\":1636808309000,\"tableId\":2,\"pk\":true,\"columnName\":\"id\"},{\"capJavaField\":\"WzTp\",\"usableColumn\":false,\"columnId\":6,\"isIncrement\":\"0\",\"increment\":false,\"insert\":true,\"isList\":\"1\",\"dictType\":\"\",\"required\":false,\"superColumn\":false,\"updateBy\":\"\",\"isInsert\":\"1\",\"javaField\":\"wzTp\",\"htmlType\":\"imageUpload\",\"edit\":true,\"query\":false,\"columnComment\":\"物资图片\",\"updateTime\":1636887088000,\"sort\":2,\"list\":true,\"params\":{},\"javaType\":\"String\",\"queryType\":\"EQ\",\"columnType\":\"varchar(255)\",\"createBy\":\"admin\",\"isPk\":\"0\",\"createTime\":1636808309000,\"isEdit\":\"1\",\"tableId\":2,\"pk\":false,\"columnName\":\"wz_tp\"},{\"capJavaField\":\"WzName\",\"usableColumn\":false,\"columnId\":7,\"isIncrement\":\"0\",\"increment\":false,\"insert\":true,\"isList\":\"1\",\"dictType\":\"\",\"required\":true,\"superColumn\":false,\"updateBy\":\"\",\"isInsert\":\"1\",\"isRequired\":\"1\",\"javaField\":\"wzName\",\"htmlType\":\"input\",\"edit\":true,\"query\":true,\"columnComment\":\"物资名称\",\"isQuery\":\"1\",\"updateTime\":1636887088000,\"sort\":3,\"list\":true,\"params\":{},\"javaType\":\"String\",\"queryType\":\"LIKE\",\"columnType\":\"varchar(50)\",\"createBy\":\"admin\",\"isPk\":\"0\",\"createTime\":1636808309000,\"isEdit\":\"1\",\"tableId\":2,\"pk\":false,\"columnName\":\"wz_name\"},{\"capJavaField\":\"WzGg\",\"usableColumn\":false,\"columnId\":8,\"isIncrement\":\"0\",\"increment\":false,\"insert\":true,\"isList\":\"1\",\"dictType\":\"\",\"required\":true,\"superColumn\":false,\"updateBy\":\"\",\"isInsert\":\"1\",\"isRequired\":\"1\",\"javaField\":\"wzGg\",\"htmlType\":\"input\",\"edit\":true,\"query\":false,\"columnComment\":\"规格\",\"updateTime\":1636887088000,\"sort\":4,\"list\":true,\"', '{\"msg\":\"操作成功\",\"code\":200}', 0, NULL, '2021-11-14 20:53:51');
INSERT INTO `sys_oper_log` VALUES (170, '代码生成', 2, 'com.ruoyi.generator.controller.GenController.editSave()', 'PUT', 1, 'admin', NULL, '/tool/gen', '127.0.0.1', '内网IP', '{\"sub\":false,\"functionAuthor\":\"sonder\",\"columns\":[{\"capJavaField\":\"Id\",\"usableColumn\":false,\"columnId\":12,\"isIncrement\":\"1\",\"increment\":true,\"insert\":true,\"dictType\":\"\",\"required\":false,\"superColumn\":false,\"updateBy\":\"\",\"isInsert\":\"1\",\"javaField\":\"id\",\"htmlType\":\"input\",\"edit\":false,\"query\":false,\"columnComment\":\"仓库id\",\"updateTime\":1636878263000,\"sort\":1,\"list\":false,\"params\":{},\"javaType\":\"Integer\",\"queryType\":\"EQ\",\"columnType\":\"int\",\"createBy\":\"admin\",\"isPk\":\"1\",\"createTime\":1636865494000,\"tableId\":3,\"pk\":true,\"columnName\":\"id\"},{\"capJavaField\":\"CkName\",\"usableColumn\":false,\"columnId\":13,\"isIncrement\":\"0\",\"increment\":false,\"insert\":true,\"isList\":\"1\",\"dictType\":\"\",\"required\":true,\"superColumn\":false,\"updateBy\":\"\",\"isInsert\":\"1\",\"isRequired\":\"1\",\"javaField\":\"ckName\",\"htmlType\":\"input\",\"edit\":true,\"query\":true,\"columnComment\":\"仓库名\",\"isQuery\":\"1\",\"updateTime\":1636878263000,\"sort\":2,\"list\":true,\"params\":{},\"javaType\":\"String\",\"queryType\":\"LIKE\",\"columnType\":\"varchar(50)\",\"createBy\":\"admin\",\"isPk\":\"0\",\"createTime\":1636865494000,\"isEdit\":\"1\",\"tableId\":3,\"pk\":false,\"columnName\":\"ck_name\"},{\"capJavaField\":\"CkDz\",\"usableColumn\":false,\"columnId\":14,\"isIncrement\":\"0\",\"increment\":false,\"insert\":true,\"isList\":\"1\",\"dictType\":\"\",\"required\":true,\"superColumn\":false,\"updateBy\":\"\",\"isInsert\":\"1\",\"isRequired\":\"1\",\"javaField\":\"ckDz\",\"htmlType\":\"input\",\"edit\":true,\"query\":false,\"columnComment\":\"仓库地址\",\"updateTime\":1636878263000,\"sort\":3,\"list\":true,\"params\":{},\"javaType\":\"String\",\"queryType\":\"EQ\",\"columnType\":\"varchar(255)\",\"createBy\":\"admin\",\"isPk\":\"0\",\"createTime\":1636865494000,\"isEdit\":\"1\",\"tableId\":3,\"pk\":false,\"columnName\":\"ck_dz\"},{\"capJavaField\":\"CkLx\",\"usableColumn\":false,\"columnId\":15,\"isIncrement\":\"0\",\"increment\":false,\"insert\":true,\"isList\":\"1\",\"dictType\":\"\",\"required\":true,\"superColumn\":false,\"updateBy\":\"\",\"isInsert\":\"1\",\"isRequired\":\"1\",\"javaField\":\"ckLx\",\"htmlType\":\"input\",\"edit\":true,\"query\":false,\"columnComment\":\"联系人\",\"updateTime\":1636878263000,\"sort\":4,\"list\":true,\"para', '{\"msg\":\"操作成功\",\"code\":200}', 0, NULL, '2021-11-14 20:54:26');
INSERT INTO `sys_oper_log` VALUES (171, '代码生成', 2, 'com.ruoyi.generator.controller.GenController.editSave()', 'PUT', 1, 'admin', NULL, '/tool/gen', '127.0.0.1', '内网IP', '{\"sub\":false,\"functionAuthor\":\"sonder\",\"columns\":[{\"capJavaField\":\"Id\",\"usableColumn\":false,\"columnId\":18,\"isIncrement\":\"1\",\"increment\":true,\"insert\":true,\"dictType\":\"\",\"required\":false,\"superColumn\":false,\"updateBy\":\"\",\"isInsert\":\"1\",\"javaField\":\"id\",\"htmlType\":\"input\",\"edit\":false,\"query\":false,\"columnComment\":\"车辆Id\",\"updateTime\":1636866290000,\"sort\":1,\"list\":false,\"params\":{},\"javaType\":\"Integer\",\"queryType\":\"EQ\",\"columnType\":\"int\",\"createBy\":\"admin\",\"isPk\":\"1\",\"createTime\":1636865494000,\"tableId\":4,\"pk\":true,\"columnName\":\"id\"},{\"capJavaField\":\"ClCph\",\"usableColumn\":false,\"columnId\":19,\"isIncrement\":\"0\",\"increment\":false,\"insert\":true,\"isList\":\"1\",\"dictType\":\"\",\"required\":true,\"superColumn\":false,\"updateBy\":\"\",\"isInsert\":\"1\",\"isRequired\":\"1\",\"javaField\":\"clCph\",\"htmlType\":\"input\",\"edit\":true,\"query\":true,\"columnComment\":\"车牌号\",\"isQuery\":\"1\",\"updateTime\":1636866290000,\"sort\":2,\"list\":true,\"params\":{},\"javaType\":\"String\",\"queryType\":\"EQ\",\"columnType\":\"varchar(50)\",\"createBy\":\"admin\",\"isPk\":\"0\",\"createTime\":1636865494000,\"isEdit\":\"1\",\"tableId\":4,\"pk\":false,\"columnName\":\"cl_cph\"},{\"capJavaField\":\"ClType\",\"usableColumn\":false,\"columnId\":20,\"isIncrement\":\"0\",\"increment\":false,\"insert\":true,\"isList\":\"1\",\"dictType\":\"\",\"required\":true,\"superColumn\":false,\"updateBy\":\"\",\"isInsert\":\"1\",\"isRequired\":\"1\",\"javaField\":\"clType\",\"htmlType\":\"select\",\"edit\":true,\"query\":false,\"columnComment\":\"车辆种类\",\"updateTime\":1636866290000,\"sort\":3,\"list\":true,\"params\":{},\"javaType\":\"String\",\"queryType\":\"EQ\",\"columnType\":\"varchar(20)\",\"createBy\":\"admin\",\"isPk\":\"0\",\"createTime\":1636865494000,\"isEdit\":\"1\",\"tableId\":4,\"pk\":false,\"columnName\":\"cl_type\"},{\"capJavaField\":\"ClPp\",\"usableColumn\":false,\"columnId\":21,\"isIncrement\":\"0\",\"increment\":false,\"insert\":true,\"isList\":\"1\",\"dictType\":\"\",\"required\":true,\"superColumn\":false,\"updateBy\":\"\",\"isInsert\":\"1\",\"isRequired\":\"1\",\"javaField\":\"clPp\",\"htmlType\":\"input\",\"edit\":true,\"query\":false,\"columnComment\":\"车辆品牌\",\"updateTime\":1636866290000,\"sort\":4,\"list\":true,\"pa', '{\"msg\":\"操作成功\",\"code\":200}', 0, NULL, '2021-11-14 20:55:09');
INSERT INTO `sys_oper_log` VALUES (172, '代码生成', 2, 'com.ruoyi.generator.controller.GenController.editSave()', 'PUT', 1, 'admin', NULL, '/tool/gen', '127.0.0.1', '内网IP', '{\"sub\":false,\"functionAuthor\":\"sonder\",\"columns\":[{\"capJavaField\":\"Id\",\"usableColumn\":false,\"columnId\":25,\"isIncrement\":\"1\",\"increment\":true,\"insert\":true,\"dictType\":\"\",\"required\":false,\"superColumn\":false,\"updateBy\":\"\",\"isInsert\":\"1\",\"javaField\":\"id\",\"htmlType\":\"input\",\"edit\":false,\"query\":false,\"columnComment\":\"物资发放id\",\"updateTime\":1636878695000,\"sort\":1,\"list\":false,\"params\":{},\"javaType\":\"Long\",\"queryType\":\"EQ\",\"columnType\":\"int\",\"createBy\":\"admin\",\"isPk\":\"1\",\"createTime\":1636865494000,\"tableId\":5,\"pk\":true,\"columnName\":\"id\"},{\"capJavaField\":\"FfDh\",\"usableColumn\":false,\"columnId\":26,\"isIncrement\":\"0\",\"increment\":false,\"insert\":true,\"isList\":\"1\",\"dictType\":\"\",\"required\":true,\"superColumn\":false,\"updateBy\":\"\",\"isInsert\":\"1\",\"isRequired\":\"1\",\"javaField\":\"ffDh\",\"htmlType\":\"input\",\"edit\":true,\"query\":true,\"columnComment\":\"发放单号\",\"isQuery\":\"1\",\"updateTime\":1636878695000,\"sort\":2,\"list\":true,\"params\":{},\"javaType\":\"String\",\"queryType\":\"EQ\",\"columnType\":\"varchar(50)\",\"createBy\":\"admin\",\"isPk\":\"0\",\"createTime\":1636865494000,\"isEdit\":\"1\",\"tableId\":5,\"pk\":false,\"columnName\":\"ff_dh\"},{\"capJavaField\":\"FfType\",\"usableColumn\":false,\"columnId\":27,\"isIncrement\":\"0\",\"increment\":false,\"insert\":true,\"isList\":\"1\",\"dictType\":\"wz_lqnx\",\"required\":true,\"superColumn\":false,\"updateBy\":\"\",\"isInsert\":\"1\",\"isRequired\":\"1\",\"javaField\":\"ffType\",\"htmlType\":\"select\",\"edit\":true,\"query\":true,\"columnComment\":\"发放类型\",\"isQuery\":\"1\",\"updateTime\":1636878695000,\"sort\":3,\"list\":true,\"params\":{},\"javaType\":\"String\",\"queryType\":\"EQ\",\"columnType\":\"varchar(20)\",\"createBy\":\"admin\",\"isPk\":\"0\",\"createTime\":1636865494000,\"isEdit\":\"1\",\"tableId\":5,\"pk\":false,\"columnName\":\"ff_type\"},{\"capJavaField\":\"FfCd\",\"usableColumn\":false,\"columnId\":28,\"isIncrement\":\"0\",\"increment\":false,\"insert\":true,\"isList\":\"1\",\"dictType\":\"\",\"required\":true,\"superColumn\":false,\"updateBy\":\"\",\"isInsert\":\"1\",\"isRequired\":\"1\",\"javaField\":\"ffCd\",\"htmlType\":\"input\",\"edit\":true,\"query\":false,\"columnComment\":\"紧急程度\",\"updateTime\":1636878695000,\"sort\":', '{\"msg\":\"操作成功\",\"code\":200}', 0, NULL, '2021-11-14 21:00:08');
INSERT INTO `sys_oper_log` VALUES (173, '代码生成', 2, 'com.ruoyi.generator.controller.GenController.editSave()', 'PUT', 1, 'admin', NULL, '/tool/gen', '127.0.0.1', '内网IP', '{\"sub\":false,\"functionAuthor\":\"sonder\",\"columns\":[{\"capJavaField\":\"Id\",\"usableColumn\":false,\"columnId\":36,\"isIncrement\":\"1\",\"increment\":true,\"insert\":true,\"dictType\":\"\",\"required\":false,\"superColumn\":false,\"updateBy\":\"\",\"isInsert\":\"1\",\"javaField\":\"id\",\"htmlType\":\"input\",\"edit\":false,\"query\":false,\"columnComment\":\"库存id\",\"updateTime\":1636878447000,\"sort\":1,\"list\":false,\"params\":{},\"javaType\":\"Integer\",\"queryType\":\"EQ\",\"columnType\":\"int\",\"createBy\":\"admin\",\"isPk\":\"1\",\"createTime\":1636865494000,\"tableId\":6,\"pk\":true,\"columnName\":\"id\"},{\"capJavaField\":\"CkCkid\",\"usableColumn\":false,\"columnId\":37,\"isIncrement\":\"0\",\"increment\":false,\"insert\":true,\"isList\":\"1\",\"dictType\":\"\",\"required\":true,\"superColumn\":false,\"updateBy\":\"\",\"isInsert\":\"1\",\"isRequired\":\"1\",\"javaField\":\"ckCkid\",\"htmlType\":\"input\",\"edit\":true,\"query\":true,\"columnComment\":\"仓库id\",\"isQuery\":\"1\",\"updateTime\":1636878447000,\"sort\":2,\"list\":true,\"params\":{},\"javaType\":\"Integer\",\"queryType\":\"EQ\",\"columnType\":\"int\",\"createBy\":\"admin\",\"isPk\":\"0\",\"createTime\":1636865494000,\"isEdit\":\"1\",\"tableId\":6,\"pk\":false,\"columnName\":\"ck_ckid\"},{\"capJavaField\":\"KcWzid\",\"usableColumn\":false,\"columnId\":38,\"isIncrement\":\"0\",\"increment\":false,\"insert\":true,\"isList\":\"1\",\"dictType\":\"\",\"required\":true,\"superColumn\":false,\"updateBy\":\"\",\"isInsert\":\"1\",\"isRequired\":\"1\",\"javaField\":\"kcWzid\",\"htmlType\":\"input\",\"edit\":true,\"query\":true,\"columnComment\":\"物资id\",\"isQuery\":\"1\",\"updateTime\":1636878447000,\"sort\":3,\"list\":true,\"params\":{},\"javaType\":\"Integer\",\"queryType\":\"EQ\",\"columnType\":\"int\",\"createBy\":\"admin\",\"isPk\":\"0\",\"createTime\":1636865494000,\"isEdit\":\"1\",\"tableId\":6,\"pk\":false,\"columnName\":\"kc_wzid\"},{\"capJavaField\":\"Num\",\"usableColumn\":false,\"columnId\":39,\"isIncrement\":\"0\",\"increment\":false,\"insert\":true,\"isList\":\"1\",\"dictType\":\"\",\"required\":true,\"superColumn\":false,\"updateBy\":\"\",\"isInsert\":\"1\",\"isRequired\":\"1\",\"javaField\":\"num\",\"htmlType\":\"input\",\"edit\":true,\"query\":false,\"columnComment\":\"数量\",\"updateTime\":1636878447000,\"sort\":4,\"list\":true,\"para', '{\"msg\":\"操作成功\",\"code\":200}', 0, NULL, '2021-11-14 21:01:09');
INSERT INTO `sys_oper_log` VALUES (174, '代码生成', 2, 'com.ruoyi.generator.controller.GenController.editSave()', 'PUT', 1, 'admin', NULL, '/tool/gen', '127.0.0.1', '内网IP', '{\"sub\":false,\"functionAuthor\":\"sonder\",\"columns\":[{\"capJavaField\":\"Id\",\"usableColumn\":false,\"columnId\":40,\"isIncrement\":\"1\",\"increment\":true,\"insert\":true,\"dictType\":\"\",\"required\":false,\"superColumn\":false,\"updateBy\":\"\",\"isInsert\":\"1\",\"javaField\":\"id\",\"htmlType\":\"input\",\"edit\":false,\"query\":false,\"columnComment\":\"来源id\",\"updateTime\":1636866248000,\"sort\":1,\"list\":false,\"params\":{},\"javaType\":\"Integer\",\"queryType\":\"EQ\",\"columnType\":\"int\",\"createBy\":\"admin\",\"isPk\":\"1\",\"createTime\":1636865494000,\"tableId\":7,\"pk\":true,\"columnName\":\"id\"},{\"capJavaField\":\"LySf\",\"usableColumn\":false,\"columnId\":41,\"isIncrement\":\"0\",\"increment\":false,\"insert\":true,\"isList\":\"1\",\"dictType\":\"\",\"required\":true,\"superColumn\":false,\"updateBy\":\"\",\"isInsert\":\"1\",\"isRequired\":\"1\",\"javaField\":\"lySf\",\"htmlType\":\"input\",\"edit\":true,\"query\":false,\"columnComment\":\"省份\",\"updateTime\":1636866248000,\"sort\":2,\"list\":true,\"params\":{},\"javaType\":\"String\",\"queryType\":\"EQ\",\"columnType\":\"varchar(20)\",\"createBy\":\"admin\",\"isPk\":\"0\",\"createTime\":1636865494000,\"isEdit\":\"1\",\"tableId\":7,\"pk\":false,\"columnName\":\"ly_sf\"},{\"capJavaField\":\"LyS\",\"usableColumn\":false,\"columnId\":42,\"isIncrement\":\"0\",\"increment\":false,\"insert\":true,\"isList\":\"1\",\"dictType\":\"\",\"required\":true,\"superColumn\":false,\"updateBy\":\"\",\"isInsert\":\"1\",\"isRequired\":\"1\",\"javaField\":\"lyS\",\"htmlType\":\"input\",\"edit\":true,\"query\":false,\"columnComment\":\"市\",\"updateTime\":1636866248000,\"sort\":3,\"list\":true,\"params\":{},\"javaType\":\"String\",\"queryType\":\"EQ\",\"columnType\":\"varchar(20)\",\"createBy\":\"admin\",\"isPk\":\"0\",\"createTime\":1636865494000,\"isEdit\":\"1\",\"tableId\":7,\"pk\":false,\"columnName\":\"ly_s\"},{\"capJavaField\":\"LyQx\",\"usableColumn\":false,\"columnId\":43,\"isIncrement\":\"0\",\"increment\":false,\"insert\":true,\"isList\":\"1\",\"dictType\":\"\",\"required\":true,\"superColumn\":false,\"updateBy\":\"\",\"isInsert\":\"1\",\"isRequired\":\"1\",\"javaField\":\"lyQx\",\"htmlType\":\"input\",\"edit\":true,\"query\":false,\"columnComment\":\"区县\",\"updateTime\":1636866248000,\"sort\":4,\"list\":true,\"params\":{},\"javaType\":\"String\",\"qu', '{\"msg\":\"操作成功\",\"code\":200}', 0, NULL, '2021-11-14 21:02:16');
INSERT INTO `sys_oper_log` VALUES (175, '代码生成', 2, 'com.ruoyi.generator.controller.GenController.editSave()', 'PUT', 1, 'admin', NULL, '/tool/gen', '127.0.0.1', '内网IP', '{\"sub\":false,\"functionAuthor\":\"ruoyi\",\"columns\":[{\"capJavaField\":\"Id\",\"usableColumn\":false,\"columnId\":66,\"isIncrement\":\"1\",\"increment\":true,\"insert\":true,\"dictType\":\"\",\"required\":false,\"superColumn\":false,\"updateBy\":\"\",\"isInsert\":\"1\",\"javaField\":\"id\",\"htmlType\":\"input\",\"edit\":false,\"query\":false,\"columnComment\":\"入库id\",\"updateTime\":1636879120000,\"sort\":1,\"list\":false,\"params\":{},\"javaType\":\"Integer\",\"queryType\":\"EQ\",\"columnType\":\"int\",\"createBy\":\"admin\",\"isPk\":\"1\",\"createTime\":1636865494000,\"tableId\":10,\"pk\":true,\"columnName\":\"id\"},{\"capJavaField\":\"RkDh\",\"usableColumn\":false,\"columnId\":67,\"isIncrement\":\"0\",\"increment\":false,\"insert\":true,\"isList\":\"1\",\"dictType\":\"\",\"required\":false,\"superColumn\":false,\"updateBy\":\"\",\"isInsert\":\"1\",\"javaField\":\"rkDh\",\"htmlType\":\"input\",\"edit\":true,\"query\":true,\"columnComment\":\"电话\",\"isQuery\":\"1\",\"updateTime\":1636879120000,\"sort\":2,\"list\":true,\"params\":{},\"javaType\":\"String\",\"queryType\":\"EQ\",\"columnType\":\"varchar(50)\",\"createBy\":\"admin\",\"isPk\":\"0\",\"createTime\":1636865494000,\"isEdit\":\"1\",\"tableId\":10,\"pk\":false,\"columnName\":\"rk_dh\"},{\"capJavaField\":\"RkType\",\"usableColumn\":false,\"columnId\":68,\"isIncrement\":\"0\",\"increment\":false,\"insert\":true,\"isList\":\"1\",\"dictType\":\"\",\"required\":false,\"superColumn\":false,\"updateBy\":\"\",\"isInsert\":\"1\",\"javaField\":\"rkType\",\"htmlType\":\"select\",\"edit\":true,\"query\":true,\"columnComment\":\"种类\",\"isQuery\":\"1\",\"updateTime\":1636879120000,\"sort\":3,\"list\":true,\"params\":{},\"javaType\":\"String\",\"queryType\":\"EQ\",\"columnType\":\"varchar(20)\",\"createBy\":\"admin\",\"isPk\":\"0\",\"createTime\":1636865494000,\"isEdit\":\"1\",\"tableId\":10,\"pk\":false,\"columnName\":\"rk_type\"},{\"capJavaField\":\"RkSl\",\"usableColumn\":false,\"columnId\":69,\"isIncrement\":\"0\",\"increment\":false,\"insert\":true,\"isList\":\"1\",\"dictType\":\"\",\"required\":false,\"superColumn\":false,\"updateBy\":\"\",\"isInsert\":\"1\",\"javaField\":\"rkSl\",\"htmlType\":\"input\",\"edit\":true,\"query\":true,\"columnComment\":\"数量\",\"isQuery\":\"1\",\"updateTime\":1636879120000,\"sort\":4,\"list\":true,\"params\":{},\"javaType\":\"Integer', '{\"msg\":\"操作成功\",\"code\":200}', 0, NULL, '2021-11-14 21:03:45');
INSERT INTO `sys_oper_log` VALUES (176, '代码生成', 2, 'com.ruoyi.generator.controller.GenController.synchDb()', 'GET', 1, 'admin', NULL, '/tool/gen/synchDb/wz_rk', '127.0.0.1', '内网IP', '{tableName=wz_rk}', '{\"msg\":\"操作成功\",\"code\":200}', 0, NULL, '2021-11-14 21:04:33');
INSERT INTO `sys_oper_log` VALUES (177, '代码生成', 2, 'com.ruoyi.generator.controller.GenController.synchDb()', 'GET', 1, 'admin', NULL, '/tool/gen/synchDb/wz_rk', '127.0.0.1', '内网IP', '{tableName=wz_rk}', '{\"msg\":\"操作成功\",\"code\":200}', 0, NULL, '2021-11-14 21:05:32');
INSERT INTO `sys_oper_log` VALUES (178, '代码生成', 2, 'com.ruoyi.generator.controller.GenController.editSave()', 'PUT', 1, 'admin', NULL, '/tool/gen', '127.0.0.1', '内网IP', '{\"sub\":true,\"subTableName\":\"wz_qc\",\"functionAuthor\":\"sonder\",\"columns\":[{\"capJavaField\":\"Id\",\"usableColumn\":false,\"columnId\":58,\"isIncrement\":\"1\",\"increment\":true,\"insert\":true,\"dictType\":\"\",\"required\":false,\"superColumn\":false,\"updateBy\":\"\",\"isInsert\":\"1\",\"javaField\":\"id\",\"htmlType\":\"input\",\"edit\":false,\"query\":false,\"columnComment\":\"去处id\",\"updateTime\":1636887685000,\"sort\":1,\"list\":false,\"params\":{},\"javaType\":\"Integer\",\"queryType\":\"EQ\",\"columnType\":\"int\",\"createBy\":\"admin\",\"isPk\":\"1\",\"createTime\":1636865494000,\"tableId\":9,\"pk\":true,\"columnName\":\"id\"},{\"capJavaField\":\"QcSf\",\"usableColumn\":false,\"columnId\":59,\"isIncrement\":\"0\",\"increment\":false,\"insert\":true,\"isList\":\"1\",\"dictType\":\"\",\"required\":true,\"superColumn\":false,\"updateBy\":\"\",\"isInsert\":\"1\",\"isRequired\":\"1\",\"javaField\":\"qcSf\",\"htmlType\":\"input\",\"edit\":true,\"query\":false,\"columnComment\":\"省份\",\"updateTime\":1636887685000,\"sort\":2,\"list\":true,\"params\":{},\"javaType\":\"String\",\"queryType\":\"EQ\",\"columnType\":\"varchar(20)\",\"createBy\":\"admin\",\"isPk\":\"0\",\"createTime\":1636865494000,\"isEdit\":\"1\",\"tableId\":9,\"pk\":false,\"columnName\":\"qc_sf\"},{\"capJavaField\":\"QcS\",\"usableColumn\":false,\"columnId\":60,\"isIncrement\":\"0\",\"increment\":false,\"insert\":true,\"isList\":\"1\",\"dictType\":\"\",\"required\":true,\"superColumn\":false,\"updateBy\":\"\",\"isInsert\":\"1\",\"isRequired\":\"1\",\"javaField\":\"qcS\",\"htmlType\":\"input\",\"edit\":true,\"query\":false,\"columnComment\":\"市\",\"updateTime\":1636887685000,\"sort\":3,\"list\":true,\"params\":{},\"javaType\":\"String\",\"queryType\":\"EQ\",\"columnType\":\"varchar(20)\",\"createBy\":\"admin\",\"isPk\":\"0\",\"createTime\":1636865494000,\"isEdit\":\"1\",\"tableId\":9,\"pk\":false,\"columnName\":\"qc_s\"},{\"capJavaField\":\"QcQx\",\"usableColumn\":false,\"columnId\":61,\"isIncrement\":\"0\",\"increment\":false,\"insert\":true,\"isList\":\"1\",\"dictType\":\"\",\"required\":true,\"superColumn\":false,\"updateBy\":\"\",\"isInsert\":\"1\",\"isRequired\":\"1\",\"javaField\":\"qcQx\",\"htmlType\":\"input\",\"edit\":true,\"query\":false,\"columnComment\":\"区县\",\"updateTime\":1636887685000,\"sort\":4,\"list\":true,\"params\":{},\"', '{\"msg\":\"操作成功\",\"code\":200}', 0, NULL, '2021-11-14 21:08:18');
INSERT INTO `sys_oper_log` VALUES (179, '代码生成', 2, 'com.ruoyi.generator.controller.GenController.editSave()', 'PUT', 1, 'admin', NULL, '/tool/gen', '127.0.0.1', '内网IP', '{\"sub\":false,\"functionAuthor\":\"ruoyi\",\"columns\":[{\"capJavaField\":\"Id\",\"usableColumn\":false,\"columnId\":66,\"isIncrement\":\"1\",\"increment\":true,\"insert\":true,\"dictType\":\"\",\"required\":false,\"superColumn\":false,\"updateBy\":\"\",\"isInsert\":\"1\",\"javaField\":\"id\",\"htmlType\":\"input\",\"edit\":false,\"query\":false,\"columnComment\":\"入库id\",\"updateTime\":1636895025000,\"sort\":1,\"list\":false,\"params\":{},\"javaType\":\"Integer\",\"queryType\":\"EQ\",\"columnType\":\"int\",\"createBy\":\"admin\",\"isPk\":\"1\",\"createTime\":1636865494000,\"tableId\":10,\"pk\":true,\"columnName\":\"id\"},{\"capJavaField\":\"RkDh\",\"usableColumn\":false,\"columnId\":67,\"isIncrement\":\"0\",\"increment\":false,\"insert\":true,\"isList\":\"1\",\"dictType\":\"\",\"required\":true,\"superColumn\":false,\"updateBy\":\"\",\"isInsert\":\"1\",\"isRequired\":\"1\",\"javaField\":\"rkDh\",\"htmlType\":\"input\",\"edit\":true,\"query\":false,\"columnComment\":\"电话\",\"updateTime\":1636895025000,\"sort\":2,\"list\":true,\"params\":{},\"javaType\":\"String\",\"queryType\":\"EQ\",\"columnType\":\"varchar(50)\",\"createBy\":\"admin\",\"isPk\":\"0\",\"createTime\":1636865494000,\"isEdit\":\"1\",\"tableId\":10,\"pk\":false,\"columnName\":\"rk_dh\"},{\"capJavaField\":\"RkType\",\"usableColumn\":false,\"columnId\":68,\"isIncrement\":\"0\",\"increment\":false,\"insert\":true,\"isList\":\"1\",\"dictType\":\"\",\"required\":true,\"superColumn\":false,\"updateBy\":\"\",\"isInsert\":\"1\",\"isRequired\":\"1\",\"javaField\":\"rkType\",\"htmlType\":\"select\",\"edit\":true,\"query\":false,\"columnComment\":\"种类\",\"updateTime\":1636895025000,\"sort\":3,\"list\":true,\"params\":{},\"javaType\":\"String\",\"queryType\":\"EQ\",\"columnType\":\"varchar(20)\",\"createBy\":\"admin\",\"isPk\":\"0\",\"createTime\":1636865494000,\"isEdit\":\"1\",\"tableId\":10,\"pk\":false,\"columnName\":\"rk_type\"},{\"capJavaField\":\"RkSl\",\"usableColumn\":false,\"columnId\":69,\"isIncrement\":\"0\",\"increment\":false,\"insert\":true,\"isList\":\"1\",\"dictType\":\"\",\"required\":true,\"superColumn\":false,\"updateBy\":\"\",\"isInsert\":\"1\",\"isRequired\":\"1\",\"javaField\":\"rkSl\",\"htmlType\":\"input\",\"edit\":true,\"query\":false,\"columnComment\":\"数量\",\"updateTime\":1636895025000,\"sort\":4,\"list\":true,\"params\":{},\"javaType\"', '{\"msg\":\"操作成功\",\"code\":200}', 0, NULL, '2021-11-14 21:08:47');
INSERT INTO `sys_oper_log` VALUES (180, '代码生成', 2, 'com.ruoyi.generator.controller.GenController.editSave()', 'PUT', 1, 'admin', NULL, '/tool/gen', '127.0.0.1', '内网IP', '{\"sub\":false,\"functionAuthor\":\"ruoyi\",\"columns\":[{\"capJavaField\":\"Id\",\"usableColumn\":false,\"columnId\":66,\"isIncrement\":\"1\",\"increment\":true,\"insert\":true,\"dictType\":\"\",\"required\":false,\"superColumn\":false,\"updateBy\":\"\",\"isInsert\":\"1\",\"javaField\":\"id\",\"htmlType\":\"input\",\"edit\":false,\"query\":false,\"columnComment\":\"入库id\",\"updateTime\":1636895327000,\"sort\":1,\"list\":false,\"params\":{},\"javaType\":\"Integer\",\"queryType\":\"EQ\",\"columnType\":\"int\",\"createBy\":\"admin\",\"isPk\":\"1\",\"createTime\":1636865494000,\"tableId\":10,\"pk\":true,\"columnName\":\"id\"},{\"capJavaField\":\"RkDh\",\"usableColumn\":false,\"columnId\":67,\"isIncrement\":\"0\",\"increment\":false,\"insert\":true,\"isList\":\"1\",\"dictType\":\"\",\"required\":true,\"superColumn\":false,\"updateBy\":\"\",\"isInsert\":\"1\",\"isRequired\":\"1\",\"javaField\":\"rkDh\",\"htmlType\":\"input\",\"edit\":true,\"query\":false,\"columnComment\":\"电话\",\"updateTime\":1636895327000,\"sort\":2,\"list\":true,\"params\":{},\"javaType\":\"String\",\"queryType\":\"EQ\",\"columnType\":\"varchar(50)\",\"createBy\":\"admin\",\"isPk\":\"0\",\"createTime\":1636865494000,\"isEdit\":\"1\",\"tableId\":10,\"pk\":false,\"columnName\":\"rk_dh\"},{\"capJavaField\":\"RkType\",\"usableColumn\":false,\"columnId\":68,\"isIncrement\":\"0\",\"increment\":false,\"insert\":true,\"isList\":\"1\",\"dictType\":\"\",\"required\":true,\"superColumn\":false,\"updateBy\":\"\",\"isInsert\":\"1\",\"isRequired\":\"1\",\"javaField\":\"rkType\",\"htmlType\":\"select\",\"edit\":true,\"query\":false,\"columnComment\":\"种类\",\"updateTime\":1636895327000,\"sort\":3,\"list\":true,\"params\":{},\"javaType\":\"String\",\"queryType\":\"EQ\",\"columnType\":\"varchar(20)\",\"createBy\":\"admin\",\"isPk\":\"0\",\"createTime\":1636865494000,\"isEdit\":\"1\",\"tableId\":10,\"pk\":false,\"columnName\":\"rk_type\"},{\"capJavaField\":\"RkSl\",\"usableColumn\":false,\"columnId\":69,\"isIncrement\":\"0\",\"increment\":false,\"insert\":true,\"isList\":\"1\",\"dictType\":\"\",\"required\":true,\"superColumn\":false,\"updateBy\":\"\",\"isInsert\":\"1\",\"isRequired\":\"1\",\"javaField\":\"rkSl\",\"htmlType\":\"input\",\"edit\":true,\"query\":false,\"columnComment\":\"数量\",\"updateTime\":1636895327000,\"sort\":4,\"list\":true,\"params\":{},\"javaType\"', '{\"msg\":\"操作成功\",\"code\":200}', 0, NULL, '2021-11-14 21:09:08');
INSERT INTO `sys_oper_log` VALUES (181, '代码生成', 2, 'com.ruoyi.generator.controller.GenController.editSave()', 'PUT', 1, 'admin', NULL, '/tool/gen', '127.0.0.1', '内网IP', '{\"sub\":false,\"functionAuthor\":\"ruoyi\",\"columns\":[{\"capJavaField\":\"Id\",\"usableColumn\":false,\"columnId\":84,\"isIncrement\":\"1\",\"increment\":true,\"insert\":true,\"dictType\":\"\",\"required\":false,\"superColumn\":false,\"updateBy\":\"\",\"isInsert\":\"1\",\"javaField\":\"id\",\"htmlType\":\"input\",\"edit\":false,\"query\":false,\"columnComment\":\"运输id\",\"updateTime\":1636890505000,\"sort\":1,\"list\":false,\"params\":{},\"javaType\":\"Integer\",\"queryType\":\"EQ\",\"columnType\":\"int\",\"createBy\":\"admin\",\"isPk\":\"1\",\"createTime\":1636865494000,\"tableId\":12,\"pk\":true,\"columnName\":\"id\"},{\"capJavaField\":\"YsDh\",\"usableColumn\":false,\"columnId\":85,\"isIncrement\":\"0\",\"increment\":false,\"insert\":true,\"isList\":\"1\",\"dictType\":\"\",\"required\":false,\"superColumn\":false,\"updateBy\":\"\",\"isInsert\":\"1\",\"javaField\":\"ysDh\",\"htmlType\":\"input\",\"edit\":true,\"query\":true,\"columnComment\":\"运输单号\",\"isQuery\":\"1\",\"updateTime\":1636890505000,\"sort\":2,\"list\":true,\"params\":{},\"javaType\":\"String\",\"queryType\":\"EQ\",\"columnType\":\"varchar(30)\",\"createBy\":\"admin\",\"isPk\":\"0\",\"createTime\":1636865494000,\"isEdit\":\"1\",\"tableId\":12,\"pk\":false,\"columnName\":\"ys_dh\"},{\"capJavaField\":\"YsLx\",\"usableColumn\":false,\"columnId\":86,\"isIncrement\":\"0\",\"increment\":false,\"insert\":true,\"isList\":\"1\",\"dictType\":\"\",\"required\":false,\"superColumn\":false,\"updateBy\":\"\",\"isInsert\":\"1\",\"javaField\":\"ysLx\",\"htmlType\":\"input\",\"edit\":true,\"query\":false,\"columnComment\":\"运输路线\",\"updateTime\":1636890505000,\"sort\":3,\"list\":true,\"params\":{},\"javaType\":\"String\",\"queryType\":\"EQ\",\"columnType\":\"varchar(255)\",\"createBy\":\"admin\",\"isPk\":\"0\",\"createTime\":1636865494000,\"isEdit\":\"1\",\"tableId\":12,\"pk\":false,\"columnName\":\"ys_lx\"},{\"capJavaField\":\"YsWz\",\"usableColumn\":false,\"columnId\":87,\"isIncrement\":\"0\",\"increment\":false,\"insert\":true,\"isList\":\"1\",\"dictType\":\"\",\"required\":false,\"superColumn\":false,\"updateBy\":\"\",\"isInsert\":\"1\",\"javaField\":\"ysWz\",\"htmlType\":\"input\",\"edit\":true,\"query\":false,\"columnComment\":\"当前位置\",\"updateTime\":1636890505000,\"sort\":4,\"list\":true,\"params\":{},\"javaType\":\"String\",\"queryType\":\"EQ\",\"columnT', '{\"msg\":\"操作成功\",\"code\":200}', 0, NULL, '2021-11-14 21:09:45');
INSERT INTO `sys_oper_log` VALUES (182, '代码生成', 2, 'com.ruoyi.generator.controller.GenController.editSave()', 'PUT', 1, 'admin', NULL, '/tool/gen', '127.0.0.1', '内网IP', '{\"sub\":false,\"subTableName\":\"\",\"functionAuthor\":\"sonder\",\"columns\":[{\"capJavaField\":\"Id\",\"usableColumn\":false,\"columnId\":58,\"isIncrement\":\"1\",\"increment\":true,\"insert\":true,\"dictType\":\"\",\"required\":false,\"superColumn\":false,\"updateBy\":\"\",\"isInsert\":\"1\",\"javaField\":\"id\",\"htmlType\":\"input\",\"edit\":false,\"query\":false,\"columnComment\":\"去处id\",\"updateTime\":1636895298000,\"sort\":1,\"list\":false,\"params\":{},\"javaType\":\"Integer\",\"queryType\":\"EQ\",\"columnType\":\"int\",\"createBy\":\"admin\",\"isPk\":\"1\",\"createTime\":1636865494000,\"tableId\":9,\"pk\":true,\"columnName\":\"id\"},{\"capJavaField\":\"QcSf\",\"usableColumn\":false,\"columnId\":59,\"isIncrement\":\"0\",\"increment\":false,\"insert\":true,\"isList\":\"1\",\"dictType\":\"\",\"required\":true,\"superColumn\":false,\"updateBy\":\"\",\"isInsert\":\"1\",\"isRequired\":\"1\",\"javaField\":\"qcSf\",\"htmlType\":\"input\",\"edit\":true,\"query\":false,\"columnComment\":\"省份\",\"updateTime\":1636895298000,\"sort\":2,\"list\":true,\"params\":{},\"javaType\":\"String\",\"queryType\":\"EQ\",\"columnType\":\"varchar(20)\",\"createBy\":\"admin\",\"isPk\":\"0\",\"createTime\":1636865494000,\"isEdit\":\"1\",\"tableId\":9,\"pk\":false,\"columnName\":\"qc_sf\"},{\"capJavaField\":\"QcS\",\"usableColumn\":false,\"columnId\":60,\"isIncrement\":\"0\",\"increment\":false,\"insert\":true,\"isList\":\"1\",\"dictType\":\"\",\"required\":true,\"superColumn\":false,\"updateBy\":\"\",\"isInsert\":\"1\",\"isRequired\":\"1\",\"javaField\":\"qcS\",\"htmlType\":\"input\",\"edit\":true,\"query\":false,\"columnComment\":\"市\",\"updateTime\":1636895298000,\"sort\":3,\"list\":true,\"params\":{},\"javaType\":\"String\",\"queryType\":\"EQ\",\"columnType\":\"varchar(20)\",\"createBy\":\"admin\",\"isPk\":\"0\",\"createTime\":1636865494000,\"isEdit\":\"1\",\"tableId\":9,\"pk\":false,\"columnName\":\"qc_s\"},{\"capJavaField\":\"QcQx\",\"usableColumn\":false,\"columnId\":61,\"isIncrement\":\"0\",\"increment\":false,\"insert\":true,\"isList\":\"1\",\"dictType\":\"\",\"required\":true,\"superColumn\":false,\"updateBy\":\"\",\"isInsert\":\"1\",\"isRequired\":\"1\",\"javaField\":\"qcQx\",\"htmlType\":\"input\",\"edit\":true,\"query\":false,\"columnComment\":\"区县\",\"updateTime\":1636895298000,\"sort\":4,\"list\":true,\"params\":{},\"java', '{\"msg\":\"操作成功\",\"code\":200}', 0, NULL, '2021-11-14 21:10:03');
INSERT INTO `sys_oper_log` VALUES (183, '代码生成', 2, 'com.ruoyi.generator.controller.GenController.editSave()', 'PUT', 1, 'admin', NULL, '/tool/gen', '127.0.0.1', '内网IP', '{\"sub\":false,\"functionAuthor\":\"sonder\",\"columns\":[{\"capJavaField\":\"Id\",\"usableColumn\":false,\"columnId\":76,\"isIncrement\":\"1\",\"increment\":true,\"insert\":true,\"dictType\":\"\",\"required\":false,\"superColumn\":false,\"updateBy\":\"\",\"isInsert\":\"1\",\"javaField\":\"id\",\"htmlType\":\"input\",\"edit\":false,\"query\":false,\"columnComment\":\"日志id\",\"updateTime\":1636879259000,\"sort\":1,\"list\":false,\"params\":{},\"javaType\":\"Long\",\"queryType\":\"EQ\",\"columnType\":\"int\",\"createBy\":\"admin\",\"isPk\":\"1\",\"createTime\":1636865494000,\"tableId\":11,\"pk\":true,\"columnName\":\"id\"},{\"capJavaField\":\"RzType\",\"usableColumn\":false,\"columnId\":77,\"isIncrement\":\"0\",\"increment\":false,\"insert\":true,\"isList\":\"1\",\"dictType\":\"\",\"required\":true,\"superColumn\":false,\"updateBy\":\"\",\"isInsert\":\"1\",\"isRequired\":\"1\",\"javaField\":\"rzType\",\"htmlType\":\"select\",\"edit\":true,\"query\":true,\"columnComment\":\"日志种类\",\"isQuery\":\"1\",\"updateTime\":1636879259000,\"sort\":2,\"list\":true,\"params\":{},\"javaType\":\"String\",\"queryType\":\"EQ\",\"columnType\":\"varchar(20)\",\"createBy\":\"admin\",\"isPk\":\"0\",\"createTime\":1636865494000,\"isEdit\":\"1\",\"tableId\":11,\"pk\":false,\"columnName\":\"rz_type\"},{\"capJavaField\":\"RzRy\",\"usableColumn\":false,\"columnId\":78,\"isIncrement\":\"0\",\"increment\":false,\"insert\":true,\"isList\":\"1\",\"dictType\":\"\",\"required\":true,\"superColumn\":false,\"updateBy\":\"\",\"isInsert\":\"1\",\"isRequired\":\"1\",\"javaField\":\"rzRy\",\"htmlType\":\"input\",\"edit\":true,\"query\":false,\"columnComment\":\"操作人员\",\"updateTime\":1636879259000,\"sort\":3,\"list\":true,\"params\":{},\"javaType\":\"String\",\"queryType\":\"EQ\",\"columnType\":\"varchar(30)\",\"createBy\":\"admin\",\"isPk\":\"0\",\"createTime\":1636865494000,\"isEdit\":\"1\",\"tableId\":11,\"pk\":false,\"columnName\":\"rz_ry\"},{\"capJavaField\":\"RzDz\",\"usableColumn\":false,\"columnId\":79,\"isIncrement\":\"0\",\"increment\":false,\"insert\":true,\"isList\":\"1\",\"dictType\":\"\",\"required\":true,\"superColumn\":false,\"updateBy\":\"\",\"isInsert\":\"1\",\"isRequired\":\"1\",\"javaField\":\"rzDz\",\"htmlType\":\"input\",\"edit\":true,\"query\":false,\"columnComment\":\"操作地址\",\"updateTime\":1636879259000,\"sort\":4,\"list\":true,\"para', '{\"msg\":\"操作成功\",\"code\":200}', 0, NULL, '2021-11-14 21:11:00');
INSERT INTO `sys_oper_log` VALUES (184, '代码生成', 2, 'com.ruoyi.generator.controller.GenController.editSave()', 'PUT', 1, 'admin', NULL, '/tool/gen', '127.0.0.1', '内网IP', '{\"sub\":false,\"functionAuthor\":\"ruoyi\",\"columns\":[{\"capJavaField\":\"Id\",\"usableColumn\":false,\"columnId\":66,\"isIncrement\":\"1\",\"increment\":true,\"insert\":true,\"dictType\":\"\",\"required\":false,\"superColumn\":false,\"updateBy\":\"\",\"isInsert\":\"1\",\"javaField\":\"id\",\"htmlType\":\"input\",\"edit\":false,\"query\":false,\"columnComment\":\"入库id\",\"updateTime\":1636895348000,\"sort\":1,\"list\":false,\"params\":{},\"javaType\":\"Integer\",\"queryType\":\"EQ\",\"columnType\":\"int\",\"createBy\":\"admin\",\"isPk\":\"1\",\"createTime\":1636865494000,\"tableId\":10,\"pk\":true,\"columnName\":\"id\"},{\"capJavaField\":\"RkDh\",\"usableColumn\":false,\"columnId\":67,\"isIncrement\":\"0\",\"increment\":false,\"insert\":true,\"isList\":\"1\",\"dictType\":\"\",\"required\":true,\"superColumn\":false,\"updateBy\":\"\",\"isInsert\":\"1\",\"isRequired\":\"1\",\"javaField\":\"rkDh\",\"htmlType\":\"input\",\"edit\":true,\"query\":false,\"columnComment\":\"电话\",\"updateTime\":1636895348000,\"sort\":2,\"list\":true,\"params\":{},\"javaType\":\"String\",\"queryType\":\"EQ\",\"columnType\":\"varchar(50)\",\"createBy\":\"admin\",\"isPk\":\"0\",\"createTime\":1636865494000,\"isEdit\":\"1\",\"tableId\":10,\"pk\":false,\"columnName\":\"rk_dh\"},{\"capJavaField\":\"RkType\",\"usableColumn\":false,\"columnId\":68,\"isIncrement\":\"0\",\"increment\":false,\"insert\":true,\"isList\":\"1\",\"dictType\":\"\",\"required\":true,\"superColumn\":false,\"updateBy\":\"\",\"isInsert\":\"1\",\"isRequired\":\"1\",\"javaField\":\"rkType\",\"htmlType\":\"select\",\"edit\":true,\"query\":false,\"columnComment\":\"种类\",\"updateTime\":1636895348000,\"sort\":3,\"list\":true,\"params\":{},\"javaType\":\"String\",\"queryType\":\"EQ\",\"columnType\":\"varchar(20)\",\"createBy\":\"admin\",\"isPk\":\"0\",\"createTime\":1636865494000,\"isEdit\":\"1\",\"tableId\":10,\"pk\":false,\"columnName\":\"rk_type\"},{\"capJavaField\":\"RkSl\",\"usableColumn\":false,\"columnId\":69,\"isIncrement\":\"0\",\"increment\":false,\"insert\":true,\"isList\":\"1\",\"dictType\":\"\",\"required\":true,\"superColumn\":false,\"updateBy\":\"\",\"isInsert\":\"1\",\"isRequired\":\"1\",\"javaField\":\"rkSl\",\"htmlType\":\"input\",\"edit\":true,\"query\":false,\"columnComment\":\"数量\",\"updateTime\":1636895348000,\"sort\":4,\"list\":true,\"params\":{},\"javaType\"', '{\"msg\":\"操作成功\",\"code\":200}', 0, NULL, '2021-11-14 21:11:10');
INSERT INTO `sys_oper_log` VALUES (185, '代码生成', 8, 'com.ruoyi.generator.controller.GenController.batchGenCode()', 'GET', 1, 'admin', NULL, '/tool/gen/batchGenCode', '127.0.0.1', '内网IP', '{}', NULL, 0, NULL, '2021-11-14 21:12:36');
INSERT INTO `sys_oper_log` VALUES (186, '代码生成', 8, 'com.ruoyi.generator.controller.GenController.batchGenCode()', 'GET', 1, 'admin', NULL, '/tool/gen/batchGenCode', '127.0.0.1', '内网IP', '{}', NULL, 0, NULL, '2021-11-14 21:14:11');
INSERT INTO `sys_oper_log` VALUES (187, '物资运输', 1, 'com.ruoyi.wzys.controller.WzYsController.add()', 'POST', 1, 'admin', NULL, '/wzys/wzys', '127.0.0.1', '内网IP', '{\"params\":{}}', NULL, 1, '\r\n### Error updating database.  Cause: java.sql.SQLSyntaxErrorException: You have an error in your SQL syntax; check the manual that corresponds to your MySQL server version for the right syntax to use near \'\' at line 1\r\n### The error may exist in file [C:\\Users\\1\\Desktop\\javake\\RuoYi-Vue\\ruoyi-admin\\target\\classes\\mapper\\wzys\\WzYsMapper.xml]\r\n### The error may involve com.ruoyi.wzys.mapper.WzYsMapper.insertWzYs-Inline\r\n### The error occurred while setting parameters\r\n### SQL: insert into wz_ys\r\n### Cause: java.sql.SQLSyntaxErrorException: You have an error in your SQL syntax; check the manual that corresponds to your MySQL server version for the right syntax to use near \'\' at line 1\n; bad SQL grammar []; nested exception is java.sql.SQLSyntaxErrorException: You have an error in your SQL syntax; check the manual that corresponds to your MySQL server version for the right syntax to use near \'\' at line 1', '2021-11-14 21:59:35');
INSERT INTO `sys_oper_log` VALUES (188, '物资运输', 1, 'com.ruoyi.wzys.controller.WzYsController.add()', 'POST', 1, 'admin', NULL, '/wzys/wzys', '127.0.0.1', '内网IP', '{\"params\":{}}', NULL, 1, '\r\n### Error updating database.  Cause: java.sql.SQLSyntaxErrorException: You have an error in your SQL syntax; check the manual that corresponds to your MySQL server version for the right syntax to use near \'\' at line 1\r\n### The error may exist in file [C:\\Users\\1\\Desktop\\javake\\RuoYi-Vue\\ruoyi-admin\\target\\classes\\mapper\\wzys\\WzYsMapper.xml]\r\n### The error may involve com.ruoyi.wzys.mapper.WzYsMapper.insertWzYs-Inline\r\n### The error occurred while setting parameters\r\n### SQL: insert into wz_ys\r\n### Cause: java.sql.SQLSyntaxErrorException: You have an error in your SQL syntax; check the manual that corresponds to your MySQL server version for the right syntax to use near \'\' at line 1\n; bad SQL grammar []; nested exception is java.sql.SQLSyntaxErrorException: You have an error in your SQL syntax; check the manual that corresponds to your MySQL server version for the right syntax to use near \'\' at line 1', '2021-11-14 21:59:35');
INSERT INTO `sys_oper_log` VALUES (189, '物资运输', 1, 'com.ruoyi.wzys.controller.WzYsController.add()', 'POST', 1, 'admin', NULL, '/wzys/wzys', '127.0.0.1', '内网IP', '{\"params\":{}}', NULL, 1, '\r\n### Error updating database.  Cause: java.sql.SQLSyntaxErrorException: You have an error in your SQL syntax; check the manual that corresponds to your MySQL server version for the right syntax to use near \'\' at line 1\r\n### The error may exist in file [C:\\Users\\1\\Desktop\\javake\\RuoYi-Vue\\ruoyi-admin\\target\\classes\\mapper\\wzys\\WzYsMapper.xml]\r\n### The error may involve com.ruoyi.wzys.mapper.WzYsMapper.insertWzYs-Inline\r\n### The error occurred while setting parameters\r\n### SQL: insert into wz_ys\r\n### Cause: java.sql.SQLSyntaxErrorException: You have an error in your SQL syntax; check the manual that corresponds to your MySQL server version for the right syntax to use near \'\' at line 1\n; bad SQL grammar []; nested exception is java.sql.SQLSyntaxErrorException: You have an error in your SQL syntax; check the manual that corresponds to your MySQL server version for the right syntax to use near \'\' at line 1', '2021-11-14 21:59:35');
INSERT INTO `sys_oper_log` VALUES (190, '物资运输', 1, 'com.ruoyi.wzys.controller.WzYsController.add()', 'POST', 1, 'admin', NULL, '/wzys/wzys', '127.0.0.1', '内网IP', '{\"params\":{}}', NULL, 1, '\r\n### Error updating database.  Cause: java.sql.SQLSyntaxErrorException: You have an error in your SQL syntax; check the manual that corresponds to your MySQL server version for the right syntax to use near \'\' at line 1\r\n### The error may exist in file [C:\\Users\\1\\Desktop\\javake\\RuoYi-Vue\\ruoyi-admin\\target\\classes\\mapper\\wzys\\WzYsMapper.xml]\r\n### The error may involve com.ruoyi.wzys.mapper.WzYsMapper.insertWzYs-Inline\r\n### The error occurred while setting parameters\r\n### SQL: insert into wz_ys\r\n### Cause: java.sql.SQLSyntaxErrorException: You have an error in your SQL syntax; check the manual that corresponds to your MySQL server version for the right syntax to use near \'\' at line 1\n; bad SQL grammar []; nested exception is java.sql.SQLSyntaxErrorException: You have an error in your SQL syntax; check the manual that corresponds to your MySQL server version for the right syntax to use near \'\' at line 1', '2021-11-14 21:59:35');
INSERT INTO `sys_oper_log` VALUES (191, '菜单管理', 2, 'com.ruoyi.web.controller.system.SysMenuController.edit()', 'PUT', 1, 'admin', NULL, '/system/menu', '127.0.0.1', '内网IP', '{\"visible\":\"0\",\"query\":\"\",\"icon\":\"guide\",\"orderNum\":\"1.5\",\"menuName\":\"业务管理\",\"params\":{},\"parentId\":0,\"isCache\":\"0\",\"path\":\"yw\",\"children\":[],\"createTime\":1636632876000,\"updateBy\":\"admin\",\"isFrame\":\"1\",\"menuId\":4,\"menuType\":\"M\",\"perms\":\"\",\"status\":\"0\"}', '{\"msg\":\"操作成功\",\"code\":200}', 0, NULL, '2021-11-15 12:58:40');
INSERT INTO `sys_oper_log` VALUES (192, '菜单管理', 2, 'com.ruoyi.web.controller.system.SysMenuController.edit()', 'PUT', 1, 'admin', NULL, '/system/menu', '127.0.0.1', '内网IP', '{\"visible\":\"0\",\"query\":\"\",\"icon\":\"guide\",\"orderNum\":\"1\",\"menuName\":\"业务管理\",\"params\":{},\"parentId\":0,\"isCache\":\"0\",\"path\":\"yw\",\"children\":[],\"createTime\":1636632876000,\"updateBy\":\"admin\",\"isFrame\":\"1\",\"menuId\":4,\"menuType\":\"M\",\"perms\":\"\",\"status\":\"0\"}', '{\"msg\":\"操作成功\",\"code\":200}', 0, NULL, '2021-11-15 12:58:56');
INSERT INTO `sys_oper_log` VALUES (193, '菜单管理', 2, 'com.ruoyi.web.controller.system.SysMenuController.edit()', 'PUT', 1, 'admin', NULL, '/system/menu', '127.0.0.1', '内网IP', '{\"visible\":\"0\",\"icon\":\"guide\",\"orderNum\":\"1\",\"menuName\":\"物资发放\",\"params\":{},\"parentId\":4,\"isCache\":\"0\",\"path\":\"wzff\",\"component\":\"wzff/wzff/index\",\"children\":[],\"createTime\":1636896316000,\"updateBy\":\"admin\",\"isFrame\":\"1\",\"menuId\":2019,\"menuType\":\"C\",\"perms\":\"wzff:wzff:list\",\"status\":\"0\"}', '{\"msg\":\"操作成功\",\"code\":200}', 0, NULL, '2021-11-15 13:23:18');
INSERT INTO `sys_oper_log` VALUES (194, '菜单管理', 2, 'com.ruoyi.web.controller.system.SysMenuController.edit()', 'PUT', 1, 'admin', NULL, '/system/menu', '127.0.0.1', '内网IP', '{\"visible\":\"0\",\"query\":\"\",\"icon\":\"button\",\"orderNum\":\"1\",\"menuName\":\"业务管理\",\"params\":{},\"parentId\":0,\"isCache\":\"0\",\"path\":\"yw\",\"children\":[],\"createTime\":1636632876000,\"updateBy\":\"admin\",\"isFrame\":\"1\",\"menuId\":4,\"menuType\":\"M\",\"perms\":\"\",\"status\":\"0\"}', '{\"msg\":\"操作成功\",\"code\":200}', 0, NULL, '2021-11-15 13:23:25');
INSERT INTO `sys_oper_log` VALUES (195, '菜单管理', 2, 'com.ruoyi.web.controller.system.SysMenuController.edit()', 'PUT', 1, 'admin', NULL, '/system/menu', '127.0.0.1', '内网IP', '{\"visible\":\"0\",\"icon\":\"druid\",\"orderNum\":\"1\",\"menuName\":\"物资库存\",\"params\":{},\"parentId\":4,\"isCache\":\"0\",\"path\":\"wzkc\",\"component\":\"wzkc/wzkc/index\",\"children\":[],\"createTime\":1636896327000,\"updateBy\":\"admin\",\"isFrame\":\"1\",\"menuId\":2025,\"menuType\":\"C\",\"perms\":\"wzkc:wzkc:list\",\"status\":\"0\"}', '{\"msg\":\"操作成功\",\"code\":200}', 0, NULL, '2021-11-15 13:24:04');
INSERT INTO `sys_oper_log` VALUES (196, '菜单管理', 2, 'com.ruoyi.web.controller.system.SysMenuController.edit()', 'PUT', 1, 'admin', NULL, '/system/menu', '127.0.0.1', '内网IP', '{\"visible\":\"0\",\"icon\":\"tree-table\",\"orderNum\":\"1\",\"menuName\":\"物资明细\",\"params\":{},\"parentId\":4,\"isCache\":\"0\",\"path\":\"wzmx\",\"component\":\"wzmx/wzmx/index\",\"children\":[],\"createTime\":1636896349000,\"updateBy\":\"admin\",\"isFrame\":\"1\",\"menuId\":2037,\"menuType\":\"C\",\"perms\":\"wzmx:wzmx:list\",\"status\":\"0\"}', '{\"msg\":\"操作成功\",\"code\":200}', 0, NULL, '2021-11-15 13:24:23');
INSERT INTO `sys_oper_log` VALUES (197, '菜单管理', 2, 'com.ruoyi.web.controller.system.SysMenuController.edit()', 'PUT', 1, 'admin', NULL, '/system/menu', '127.0.0.1', '内网IP', '{\"visible\":\"0\",\"icon\":\"input\",\"orderNum\":\"1\",\"menuName\":\"物资入库\",\"params\":{},\"parentId\":4,\"isCache\":\"0\",\"path\":\"wzrk\",\"component\":\"wzrk/wzrk/index\",\"children\":[],\"createTime\":1636896375000,\"updateBy\":\"admin\",\"isFrame\":\"1\",\"menuId\":2049,\"menuType\":\"C\",\"perms\":\"wzrk:wzrk:list\",\"status\":\"0\"}', '{\"msg\":\"操作成功\",\"code\":200}', 0, NULL, '2021-11-15 13:24:33');
INSERT INTO `sys_oper_log` VALUES (198, '菜单管理', 2, 'com.ruoyi.web.controller.system.SysMenuController.edit()', 'PUT', 1, 'admin', NULL, '/system/menu', '127.0.0.1', '内网IP', '{\"visible\":\"0\",\"icon\":\"shopping\",\"orderNum\":\"1\",\"menuName\":\"物资运输\",\"params\":{},\"parentId\":4,\"isCache\":\"0\",\"path\":\"wzys\",\"component\":\"wzys/wzys/index\",\"children\":[],\"createTime\":1636896405000,\"updateBy\":\"admin\",\"isFrame\":\"1\",\"menuId\":2067,\"menuType\":\"C\",\"perms\":\"wzys:wzys:list\",\"status\":\"0\"}', '{\"msg\":\"操作成功\",\"code\":200}', 0, NULL, '2021-11-15 13:25:01');
INSERT INTO `sys_oper_log` VALUES (199, '菜单管理', 2, 'com.ruoyi.web.controller.system.SysMenuController.edit()', 'PUT', 1, 'admin', NULL, '/system/menu', '127.0.0.1', '内网IP', '{\"visible\":\"0\",\"icon\":\"build\",\"orderNum\":\"1\",\"menuName\":\"仓库信息\",\"params\":{},\"parentId\":2000,\"isCache\":\"0\",\"path\":\"wzck\",\"component\":\"wzck/wzck/index\",\"children\":[],\"createTime\":1636896291000,\"updateBy\":\"admin\",\"isFrame\":\"1\",\"menuId\":2007,\"menuType\":\"C\",\"perms\":\"wzck:wzck:list\",\"status\":\"0\"}', '{\"msg\":\"操作成功\",\"code\":200}', 0, NULL, '2021-11-15 13:25:39');
INSERT INTO `sys_oper_log` VALUES (200, '菜单管理', 2, 'com.ruoyi.web.controller.system.SysMenuController.edit()', 'PUT', 1, 'admin', NULL, '/system/menu', '127.0.0.1', '内网IP', '{\"visible\":\"0\",\"icon\":\"international\",\"orderNum\":\"1\",\"menuName\":\"车辆信息\",\"params\":{},\"parentId\":2000,\"isCache\":\"0\",\"path\":\"wzcl\",\"component\":\"wzcl/wzcl/index\",\"children\":[],\"createTime\":1636896302000,\"updateBy\":\"admin\",\"isFrame\":\"1\",\"menuId\":2013,\"menuType\":\"C\",\"perms\":\"wzcl:wzcl:list\",\"status\":\"0\"}', '{\"msg\":\"操作成功\",\"code\":200}', 0, NULL, '2021-11-15 13:26:11');
INSERT INTO `sys_oper_log` VALUES (201, '菜单管理', 2, 'com.ruoyi.web.controller.system.SysMenuController.edit()', 'PUT', 1, 'admin', NULL, '/system/menu', '127.0.0.1', '内网IP', '{\"visible\":\"0\",\"icon\":\"dict\",\"orderNum\":\"1\",\"menuName\":\"物资来源\",\"params\":{},\"parentId\":2000,\"isCache\":\"0\",\"path\":\"wzly\",\"component\":\"wzly/wzly/index\",\"children\":[],\"createTime\":1636896338000,\"updateBy\":\"admin\",\"isFrame\":\"1\",\"menuId\":2031,\"menuType\":\"C\",\"perms\":\"wzly:wzly:list\",\"status\":\"0\"}', '{\"msg\":\"操作成功\",\"code\":200}', 0, NULL, '2021-11-15 13:26:19');
INSERT INTO `sys_oper_log` VALUES (202, '菜单管理', 2, 'com.ruoyi.web.controller.system.SysMenuController.edit()', 'PUT', 1, 'admin', NULL, '/system/menu', '127.0.0.1', '内网IP', '{\"visible\":\"0\",\"icon\":\"link\",\"orderNum\":\"1\",\"menuName\":\"物资流向\",\"params\":{},\"parentId\":2000,\"isCache\":\"0\",\"path\":\"wzqc\",\"component\":\"wzqc/wzqc/index\",\"children\":[],\"createTime\":1636896360000,\"updateBy\":\"admin\",\"isFrame\":\"1\",\"menuId\":2043,\"menuType\":\"C\",\"perms\":\"wzqc:wzqc:list\",\"status\":\"0\"}', '{\"msg\":\"操作成功\",\"code\":200}', 0, NULL, '2021-11-15 13:26:32');
INSERT INTO `sys_oper_log` VALUES (203, '菜单管理', 2, 'com.ruoyi.web.controller.system.SysMenuController.edit()', 'PUT', 1, 'admin', NULL, '/system/menu', '127.0.0.1', '内网IP', '{\"visible\":\"0\",\"icon\":\"redis\",\"orderNum\":\"1\",\"menuName\":\"物资资料\",\"params\":{},\"parentId\":2000,\"isCache\":\"0\",\"path\":\"wzwz\",\"component\":\"wzwz/wzwz/index\",\"children\":[],\"createTime\":1636896395000,\"updateBy\":\"admin\",\"isFrame\":\"1\",\"menuId\":2061,\"menuType\":\"C\",\"perms\":\"wzwz:wzwz:list\",\"status\":\"0\"}', '{\"msg\":\"操作成功\",\"code\":200}', 0, NULL, '2021-11-15 13:26:40');
INSERT INTO `sys_oper_log` VALUES (204, '仓库信息', 1, 'com.ruoyi.wzck.controller.WzCkController.add()', 'POST', 1, 'admin', NULL, '/wzck/wzck', '127.0.0.1', '内网IP', '{\"ckDh\":\"fasdf\",\"ckName\":\"safasdf\",\"params\":{},\"ckBz\":\"asdf\",\"ckDz\":\"safds\",\"ckLx\":\"asfasf\",\"id\":1}', '{\"msg\":\"操作成功\",\"code\":200}', 0, NULL, '2021-11-15 13:27:15');
INSERT INTO `sys_oper_log` VALUES (205, '车辆信息表', 1, 'com.ruoyi.wzcl.controller.WzClController.add()', 'POST', 1, 'admin', NULL, '/wzcl/wzcl', '127.0.0.1', '内网IP', '{\"clLxfs\":\"af\",\"clPp\":\"af\",\"clType\":\"asf\",\"params\":{},\"clBz\":\"afas\",\"clCph\":\"afsd\",\"clLx\":\"af\",\"id\":1}', '{\"msg\":\"操作成功\",\"code\":200}', 0, NULL, '2021-11-15 13:27:24');
INSERT INTO `sys_oper_log` VALUES (206, '物资来源', 1, 'com.ruoyi.wzly.controller.WzLyController.add()', 'POST', 1, 'admin', NULL, '/wzly/wzly', '127.0.0.1', '内网IP', '{\"lyDh\":\"asfa\",\"lyQx\":\"af\",\"lyTime\":1635696000000,\"lyS\":\"asdf\",\"lyLx\":\"asfs\",\"params\":{},\"lySf\":\"afds\",\"id\":1,\"lyYx\":\"af\",\"lyXx\":\"af\"}', '{\"msg\":\"操作成功\",\"code\":200}', 0, NULL, '2021-11-15 13:27:36');
INSERT INTO `sys_oper_log` VALUES (207, '物资流向', 1, 'com.ruoyi.wzqc.controller.WzQcController.add()', 'POST', 1, 'admin', NULL, '/wzqc/wzqc', '127.0.0.1', '内网IP', '{\"qcS\":\"a\",\"qcDh\":\"a\",\"qcLx\":\"a\",\"params\":{},\"qcQx\":\"a\",\"qcSf\":\"a\",\"qcTime\":1635696000000,\"id\":1,\"qcDz\":\"a\"}', '{\"msg\":\"操作成功\",\"code\":200}', 0, NULL, '2021-11-15 13:27:46');
INSERT INTO `sys_oper_log` VALUES (208, '物资资料', 1, 'com.ruoyi.wzwz.controller.WzWzController.add()', 'POST', 1, 'admin', NULL, '/wzwz/wzwz', '127.0.0.1', '内网IP', '{\"wzDw\":\"dfsdfsf\",\"wzName\":\"asf\",\"wzTp\":\"/profile/upload/2021/11/15/f799d26d-71bc-46d5-a37d-be3ca3f911b7.png\",\"params\":{},\"wzBz\":\"fsdf\",\"wzGg\":\"sdfs\",\"id\":3,\"wzTime\":1637510400000}', '{\"msg\":\"操作成功\",\"code\":200}', 0, NULL, '2021-11-15 13:28:00');
INSERT INTO `sys_oper_log` VALUES (209, '物资发放', 1, 'com.ruoyi.wzff.controller.WzFfController.add()', 'POST', 1, 'admin', NULL, '/wzff/wzff', '127.0.0.1', '内网IP', '{\"ffLx\":\"a\",\"ffType\":\"0\",\"ffNum\":1,\"ffDh\":\"1\",\"params\":{},\"ffCd\":\"a\",\"ffCzy\":\"a\",\"ffZt\":\"0\",\"ffBz\":\"a\",\"ffSh\":1,\"id\":1,\"ffTime\":1636300800000}', '{\"msg\":\"操作成功\",\"code\":200}', 0, NULL, '2021-11-15 13:29:46');
INSERT INTO `sys_oper_log` VALUES (210, '物资发放', 2, 'com.ruoyi.wzff.controller.WzFfController.edit()', 'PUT', 1, 'admin', NULL, '/wzff/wzff', '127.0.0.1', '内网IP', '{\"ffLx\":\"a\",\"ffType\":\"0\",\"ffNum\":1,\"ffDh\":\"1\",\"params\":{},\"ffCd\":\"a\",\"ffCzy\":\"a\",\"ffZt\":\"0\",\"ffBz\":\"a\",\"ffSh\":2,\"id\":1,\"ffTime\":1636300800000}', NULL, 1, '\r\n### Error updating database.  Cause: java.sql.SQLIntegrityConstraintViolationException: Cannot add or update a child row: a foreign key constraint fails (`ry-vue`.`wz_ff`, CONSTRAINT `FK_Reference_4` FOREIGN KEY (`ff_sh`) REFERENCES `wz_qc` (`id`) ON DELETE RESTRICT ON UPDATE RESTRICT)\r\n### The error may exist in file [C:\\Users\\1\\Desktop\\javake\\RuoYi-Vue\\ruoyi-admin\\target\\classes\\mapper\\wzff\\WzFfMapper.xml]\r\n### The error may involve com.ruoyi.wzff.mapper.WzFfMapper.updateWzFf-Inline\r\n### The error occurred while setting parameters\r\n### SQL: update wz_ff          SET ff_dh = ?,             ff_type = ?,             ff_cd = ?,             ff_sh = ?,             ff_num = ?,             ff_lx = ?,             ff_zt = ?,             ff_czy = ?,             ff_time = ?,             ff_bz = ?          where id = ?\r\n### Cause: java.sql.SQLIntegrityConstraintViolationException: Cannot add or update a child row: a foreign key constraint fails (`ry-vue`.`wz_ff`, CONSTRAINT `FK_Reference_4` FOREIGN KEY (`ff_sh`) REFERENCES `wz_qc` (`id`) ON DELETE RESTRICT ON UPDATE RESTRICT)\n; Cannot add or update a child row: a foreign key constraint fails (`ry-vue`.`wz_ff`, CONSTRAINT `FK_Reference_4` FOREIGN KEY (`ff_sh`) REFERENCES `wz_qc` (`id`) ON DELETE RESTRICT ON UPDATE RESTRICT); nested exception is java.sql.SQLIntegrityConstraintViolationException: Cannot add or update a child row: a foreign key constraint fails (`ry-vue`.`wz_ff`, CONSTRAINT `FK_Reference_4` FOREIGN KEY (`ff_sh`) REFERENCES `wz_qc` (`id`) ON DELETE RESTRICT ON UPDATE RESTRICT)', '2021-11-15 13:29:56');
INSERT INTO `sys_oper_log` VALUES (211, '物资发放', 2, 'com.ruoyi.wzff.controller.WzFfController.edit()', 'PUT', 1, 'admin', NULL, '/wzff/wzff', '127.0.0.1', '内网IP', '{\"ffLx\":\"a\",\"ffType\":\"0\",\"ffNum\":1,\"ffDh\":\"1\",\"params\":{},\"ffCd\":\"a\",\"ffCzy\":\"a\",\"ffZt\":\"0\",\"ffBz\":\"a\",\"ffSh\":1,\"id\":1,\"ffTime\":1636300800000}', '{\"msg\":\"操作成功\",\"code\":200}', 0, NULL, '2021-11-15 13:30:01');
INSERT INTO `sys_oper_log` VALUES (212, '物资发放', 2, 'com.ruoyi.wzff.controller.WzFfController.edit()', 'PUT', 1, 'admin', NULL, '/wzff/wzff', '127.0.0.1', '内网IP', '{\"ffLx\":\"a\",\"ffType\":\"0\",\"ffNum\":1,\"ffDh\":\"5\",\"params\":{},\"ffCd\":\"a\",\"ffCzy\":\"a\",\"ffZt\":\"0\",\"ffBz\":\"a\",\"ffSh\":1,\"id\":1,\"ffTime\":1636300800000}', '{\"msg\":\"操作成功\",\"code\":200}', 0, NULL, '2021-11-15 13:30:08');
INSERT INTO `sys_oper_log` VALUES (213, '物资库存', 1, 'com.ruoyi.wzkc.controller.WzKcController.add()', 'POST', 1, 'admin', NULL, '/wzkc/wzkc', '127.0.0.1', '内网IP', '{\"kcWzid\":1,\"num\":1,\"ckCkid\":1,\"id\":1,\"params\":{}}', '{\"msg\":\"操作成功\",\"code\":200}', 0, NULL, '2021-11-15 13:30:22');
INSERT INTO `sys_oper_log` VALUES (214, '字典类型', 1, 'com.ruoyi.web.controller.system.SysDictTypeController.add()', 'POST', 1, 'admin', NULL, '/system/dict/type', '127.0.0.1', '内网IP', '{\"createBy\":\"admin\",\"dictName\":\"物资明细类型\",\"params\":{},\"dictType\":\"wz_mxnx\",\"status\":\"0\"}', '{\"msg\":\"操作成功\",\"code\":200}', 0, NULL, '2021-11-15 13:33:27');
INSERT INTO `sys_oper_log` VALUES (215, '字典数据', 1, 'com.ruoyi.web.controller.system.SysDictDataController.add()', 'POST', 1, 'admin', NULL, '/system/dict/data', '127.0.0.1', '内网IP', '{\"dictValue\":\"0\",\"listClass\":\"primary\",\"dictSort\":0,\"params\":{},\"dictType\":\"wz_mxnx\",\"dictLabel\":\"入库\",\"createBy\":\"admin\",\"default\":false,\"status\":\"0\"}', '{\"msg\":\"操作成功\",\"code\":200}', 0, NULL, '2021-11-15 13:33:45');
INSERT INTO `sys_oper_log` VALUES (216, '字典数据', 1, 'com.ruoyi.web.controller.system.SysDictDataController.add()', 'POST', 1, 'admin', NULL, '/system/dict/data', '127.0.0.1', '内网IP', '{\"dictValue\":\"1\",\"listClass\":\"success\",\"dictSort\":1,\"params\":{},\"dictType\":\"wz_mxnx\",\"dictLabel\":\"出库\",\"createBy\":\"admin\",\"default\":false,\"status\":\"0\"}', '{\"msg\":\"操作成功\",\"code\":200}', 0, NULL, '2021-11-15 13:33:56');
INSERT INTO `sys_oper_log` VALUES (217, '字典数据', 1, 'com.ruoyi.web.controller.system.SysDictDataController.add()', 'POST', 1, 'admin', NULL, '/system/dict/data', '127.0.0.1', '内网IP', '{\"dictValue\":\"2\",\"listClass\":\"warning\",\"dictSort\":2,\"params\":{},\"dictType\":\"wz_mxnx\",\"dictLabel\":\"运输\",\"createBy\":\"admin\",\"default\":false,\"status\":\"0\"}', '{\"msg\":\"操作成功\",\"code\":200}', 0, NULL, '2021-11-15 13:34:09');
INSERT INTO `sys_oper_log` VALUES (218, '物资明细', 1, 'com.ruoyi.wzmx.controller.WzMxController.add()', 'POST', 1, 'admin', NULL, '/wzmx/wzmx', '127.0.0.1', '内网IP', '{\"mxSpid\":1,\"mxType\":\"0\",\"mxNum\":1,\"params\":{},\"mxDw\":\"1\",\"mxMc\":\"1\",\"mxTp\":\"/profile/upload/2021/11/15/f3f750c7-c6e7-438c-a66f-f7e8f25dc3ac.jpg\",\"mxGg\":\"1\",\"id\":1,\"mxDh\":\"1\"}', '{\"msg\":\"操作成功\",\"code\":200}', 0, NULL, '2021-11-15 13:42:03');
INSERT INTO `sys_oper_log` VALUES (219, '通知公告', 1, 'com.ruoyi.web.controller.system.SysNoticeController.add()', 'POST', 1, 'admin', NULL, '/system/notice', '127.0.0.1', '内网IP', '{\"noticeContent\":\"<p>的</p>\",\"createBy\":\"admin\",\"noticeType\":\"1\",\"params\":{},\"noticeTitle\":\"啦啦啦\",\"status\":\"0\"}', '{\"msg\":\"操作成功\",\"code\":200}', 0, NULL, '2021-11-15 13:55:26');
INSERT INTO `sys_oper_log` VALUES (220, '物资入库表', 1, 'com.ruoyi.wzrk.controller.WzRkController.add()', 'POST', 1, 'admin', NULL, '/wzrk/wzrk', '127.0.0.1', '内网IP', '{\"rkBz\":\"1\",\"rkZt\":1,\"rkSl\":1,\"rkType\":1,\"rkDh\":\"1\",\"params\":{},\"rkTime\":1635696000000,\"rkFs\":\"1\",\"rkTg\":1,\"id\":1,\"rkCzry\":\"1\"}', '{\"msg\":\"操作成功\",\"code\":200}', 0, NULL, '2021-11-15 19:14:59');
INSERT INTO `sys_oper_log` VALUES (221, '物资资料', 1, 'com.ruoyi.wzwz.controller.WzWzController.add()', 'POST', 1, 'admin', NULL, '/wzwz/wzwz', '127.0.0.1', '内网IP', '{\"wzDw\":\"q\",\"wzName\":\"q\",\"wzTp\":\"/profile/upload/2021/11/15/5bdb8ee3-bb26-4bfe-953a-e3ac53a44af0.jpg\",\"wzZt\":1,\"params\":{},\"wzBz\":\"q\",\"wzGg\":\"q\",\"id\":4,\"wzTime\":1637424000000}', '{\"msg\":\"操作成功\",\"code\":200}', 0, NULL, '2021-11-15 19:31:09');
INSERT INTO `sys_oper_log` VALUES (222, '物资资料', 2, 'com.ruoyi.wzwz.controller.WzWzController.edit()', 'PUT', 1, 'admin', NULL, '/wzwz/wzwz', '127.0.0.1', '内网IP', '{\"wzDw\":\"q\",\"wzName\":\"q\",\"wzTp\":\"/profile/upload/2021/11/15/5bdb8ee3-bb26-4bfe-953a-e3ac53a44af0.jpg\",\"wzZt\":1,\"params\":{},\"wzBz\":\"q\",\"wzGg\":\"q\",\"id\":4,\"wzTime\":1637424000000}', '{\"msg\":\"操作成功\",\"code\":200}', 0, NULL, '2021-11-15 19:31:22');
INSERT INTO `sys_oper_log` VALUES (223, '物资资料', 2, 'com.ruoyi.wzwz.controller.WzWzController.edit()', 'PUT', 1, 'admin', NULL, '/wzwz/wzwz', '127.0.0.1', '内网IP', '{\"wzDw\":\"aa\",\"wzName\":\"aa\",\"wzTp\":\"/profile/upload/2021/11/14/5d5350fd-c36e-4f38-a8e7-59421c181bda.png\",\"wzZt\":1,\"params\":{},\"wzBz\":\"aa\",\"wzGg\":\"aa\",\"id\":1,\"wzTime\":1637510400000}', '{\"msg\":\"操作成功\",\"code\":200}', 0, NULL, '2021-11-15 19:37:07');
INSERT INTO `sys_oper_log` VALUES (224, '物资资料', 2, 'com.ruoyi.wzwz.controller.WzWzController.edit()', 'PUT', 1, 'admin', NULL, '/wzwz/wzwz', '127.0.0.1', '内网IP', '{\"wzDw\":\"aa\",\"wzName\":\"aa\",\"wzTp\":\"/profile/upload/2021/11/14/5d5350fd-c36e-4f38-a8e7-59421c181bda.png\",\"wzZt\":1,\"params\":{},\"wzBz\":\"aa\",\"wzGg\":\"aa\",\"id\":1,\"wzTime\":1637510400000}', '{\"msg\":\"操作成功\",\"code\":200}', 0, NULL, '2021-11-15 19:37:35');
INSERT INTO `sys_oper_log` VALUES (225, '物资资料', 2, 'com.ruoyi.wzwz.controller.WzWzController.edit()', 'PUT', 1, 'admin', NULL, '/wzwz/wzwz', '127.0.0.1', '内网IP', '{\"wzDw\":\"aa\",\"wzName\":\"aa\",\"wzTp\":\"/profile/upload/2021/11/14/5d5350fd-c36e-4f38-a8e7-59421c181bda.png\",\"wzZt\":1,\"params\":{},\"wzBz\":\"aa\",\"wzGg\":\"aa\",\"id\":1,\"wzTime\":1637510400000}', '{\"msg\":\"操作成功\",\"code\":200}', 0, NULL, '2021-11-15 19:38:42');
INSERT INTO `sys_oper_log` VALUES (226, '物资资料', 2, 'com.ruoyi.wzwz.controller.WzWzController.edit()', 'PUT', 1, 'admin', NULL, '/wzwz/wzwz', '127.0.0.1', '内网IP', '{\"wzDw\":\"aa\",\"wzName\":\"aa\",\"wzTp\":\"/profile/upload/2021/11/14/5d5350fd-c36e-4f38-a8e7-59421c181bda.png\",\"wzZt\":1,\"params\":{},\"wzBz\":\"aa\",\"wzGg\":\"aa\",\"id\":1,\"wzTime\":1637510400000}', '{\"msg\":\"操作成功\",\"code\":200}', 0, NULL, '2021-11-15 19:40:44');
INSERT INTO `sys_oper_log` VALUES (227, '物资资料', 1, 'com.ruoyi.wzwz.controller.WzWzController.add()', 'POST', 1, 'admin', NULL, '/wzwz/wzwz', '127.0.0.1', '内网IP', '{\"wzDw\":\"1\",\"wzName\":\"a\",\"wzTp\":\"/profile/upload/2021/11/15/a05ec270-e912-48bd-b0aa-ffe73b6dd931.png\",\"wzZt\":1,\"params\":{},\"wzBz\":\"1\",\"wzGg\":\"1\",\"id\":5,\"wzTime\":1638115200000}', '{\"msg\":\"操作成功\",\"code\":200}', 0, NULL, '2021-11-15 19:47:32');
INSERT INTO `sys_oper_log` VALUES (228, '物资资料', 2, 'com.ruoyi.wzwz.controller.WzWzController.edit()', 'PUT', 1, 'admin', NULL, '/wzwz/wzwz', '127.0.0.1', '内网IP', '{\"wzDw\":\"aa\",\"wzName\":\"aa\",\"wzTp\":\"/profile/upload/2021/11/14/5d5350fd-c36e-4f38-a8e7-59421c181bda.png\",\"wzZt\":1,\"params\":{},\"wzBz\":\"aa\",\"wzGg\":\"aa\",\"id\":1,\"wzTime\":1637510400000}', NULL, 1, 'nested exception is org.apache.ibatis.exceptions.PersistenceException: \r\n### Error updating database.  Cause: java.lang.NumberFormatException: For input string: \"aa\"\r\n### The error may exist in file [C:\\Users\\1\\Desktop\\javake\\RuoYi-Vue\\ruoyi-admin\\target\\classes\\mapper\\wzwz\\WzWzMapper.xml]\r\n### The error may involve com.ruoyi.wzwz.mapper.WzWzMapper.updateWzWz\r\n### The error occurred while executing an update\r\n### Cause: java.lang.NumberFormatException: For input string: \"aa\"', '2021-11-15 19:48:30');
INSERT INTO `sys_oper_log` VALUES (229, '物资资料', 2, 'com.ruoyi.wzwz.controller.WzWzController.edit()', 'PUT', 1, 'admin', NULL, '/wzwz/wzwz', '127.0.0.1', '内网IP', '{\"wzDw\":\"aa\",\"wzName\":\"aa\",\"wzTp\":\"/profile/upload/2021/11/14/5d5350fd-c36e-4f38-a8e7-59421c181bda.png\",\"wzZt\":0,\"params\":{},\"wzBz\":\"aa\",\"wzGg\":\"aa\",\"id\":1,\"wzTime\":1637510400000}', NULL, 1, 'nested exception is org.apache.ibatis.exceptions.PersistenceException: \r\n### Error updating database.  Cause: java.lang.NumberFormatException: For input string: \"aa\"\r\n### The error may exist in file [C:\\Users\\1\\Desktop\\javake\\RuoYi-Vue\\ruoyi-admin\\target\\classes\\mapper\\wzwz\\WzWzMapper.xml]\r\n### The error may involve com.ruoyi.wzwz.mapper.WzWzMapper.updateWzWz\r\n### The error occurred while executing an update\r\n### Cause: java.lang.NumberFormatException: For input string: \"aa\"', '2021-11-15 19:48:38');
INSERT INTO `sys_oper_log` VALUES (230, '物资资料', 1, 'com.ruoyi.wzwz.controller.WzWzController.add()', 'POST', 1, 'admin', NULL, '/wzwz/wzwz', '127.0.0.1', '内网IP', '{\"wzDw\":\"q\",\"wzName\":\"q\",\"wzZt\":1,\"params\":{},\"wzBz\":\"d\",\"wzGg\":\"q\",\"wzTime\":1637510400000}', NULL, 1, 'nested exception is org.apache.ibatis.exceptions.PersistenceException: \r\n### Error updating database.  Cause: java.lang.NumberFormatException: For input string: \"q\"\r\n### The error may exist in file [C:\\Users\\1\\Desktop\\javake\\RuoYi-Vue\\ruoyi-admin\\target\\classes\\mapper\\wzwz\\WzWzMapper.xml]\r\n### The error may involve com.ruoyi.wzwz.mapper.WzWzMapper.insertWzWz\r\n### The error occurred while executing an update\r\n### Cause: java.lang.NumberFormatException: For input string: \"q\"', '2021-11-15 19:48:55');
INSERT INTO `sys_oper_log` VALUES (231, '物资资料', 2, 'com.ruoyi.wzwz.controller.WzWzController.edit()', 'PUT', 1, 'admin', NULL, '/wzwz/wzwz', '127.0.0.1', '内网IP', '{\"wzDw\":\"aa\",\"wzName\":\"aa\",\"wzTp\":\"/profile/upload/2021/11/14/5d5350fd-c36e-4f38-a8e7-59421c181bda.png\",\"wzZt\":0,\"params\":{},\"wzBz\":\"aa\",\"wzGg\":\"aa\",\"id\":1,\"wzTime\":1637510400000}', NULL, 1, 'nested exception is org.apache.ibatis.exceptions.PersistenceException: \r\n### Error updating database.  Cause: java.lang.NumberFormatException: For input string: \"aa\"\r\n### The error may exist in file [C:\\Users\\1\\Desktop\\javake\\RuoYi-Vue\\ruoyi-admin\\target\\classes\\mapper\\wzwz\\WzWzMapper.xml]\r\n### The error may involve com.ruoyi.wzwz.mapper.WzWzMapper.updateWzWz\r\n### The error occurred while executing an update\r\n### Cause: java.lang.NumberFormatException: For input string: \"aa\"', '2021-11-15 19:50:04');
INSERT INTO `sys_oper_log` VALUES (232, '物资资料', 2, 'com.ruoyi.wzwz.controller.WzWzController.edit()', 'PUT', 1, 'admin', NULL, '/wzwz/wzwz', '127.0.0.1', '内网IP', '{\"wzDw\":\"aa\",\"wzName\":\"aa\",\"wzTp\":\"/profile/upload/2021/11/14/5d5350fd-c36e-4f38-a8e7-59421c181bda.png\",\"wzZt\":0,\"params\":{},\"wzBz\":\"aa\",\"wzGg\":\"aa\",\"id\":1,\"wzTime\":1637510400000}', '{\"msg\":\"操作成功\",\"code\":200}', 0, NULL, '2021-11-15 19:51:37');
INSERT INTO `sys_oper_log` VALUES (233, '物资资料', 2, 'com.ruoyi.wzwz.controller.WzWzController.edit()', 'PUT', 1, 'admin', NULL, '/wzwz/wzwz', '127.0.0.1', '内网IP', '{\"wzDw\":\"aa\",\"wzName\":\"aa\",\"wzTp\":\"/profile/upload/2021/11/14/5d5350fd-c36e-4f38-a8e7-59421c181bda.png\",\"wzZt\":1,\"params\":{},\"wzBz\":\"aa\",\"wzGg\":\"aa\",\"id\":1,\"wzTime\":1637510400000}', '{\"msg\":\"操作成功\",\"code\":200}', 0, NULL, '2021-11-15 19:51:47');
INSERT INTO `sys_oper_log` VALUES (234, '物资资料', 2, 'com.ruoyi.wzwz.controller.WzWzController.edit()', 'PUT', 1, 'admin', NULL, '/wzwz/wzwz', '127.0.0.1', '内网IP', '{\"wzDw\":\"1\",\"wzName\":\"aa\",\"wzTp\":\"/profile/upload/2021/11/14/5d5350fd-c36e-4f38-a8e7-59421c181bda.png\",\"wzZt\":1,\"params\":{},\"wzBz\":\"aa\",\"wzGg\":\"aa\",\"id\":1,\"wzTime\":1637510400000}', '{\"msg\":\"操作成功\",\"code\":200}', 0, NULL, '2021-11-15 19:53:08');
INSERT INTO `sys_oper_log` VALUES (235, '物资资料', 1, 'com.ruoyi.wzwz.controller.WzWzController.add()', 'POST', 1, 'admin', NULL, '/wzwz/wzwz', '127.0.0.1', '内网IP', '{\"wzDw\":\"a\",\"wzName\":\"a\",\"wzZt\":1,\"params\":{},\"wzBz\":\"a\",\"wzGg\":\"a\",\"id\":6,\"wzTime\":1637510400000}', '{\"msg\":\"操作成功\",\"code\":200}', 0, NULL, '2021-11-15 19:53:46');
INSERT INTO `sys_oper_log` VALUES (236, '物资资料', 1, 'com.ruoyi.wzwz.controller.WzWzController.add()', 'POST', 1, 'admin', NULL, '/wzwz/wzwz', '127.0.0.1', '内网IP', '{\"wzDw\":\"1\",\"wzName\":\"1\",\"wzZt\":1,\"params\":{},\"wzBz\":\"1\",\"wzGg\":\"1\",\"id\":7,\"wzTime\":1638201600000}', '{\"msg\":\"操作成功\",\"code\":200}', 0, NULL, '2021-11-15 19:57:03');
INSERT INTO `sys_oper_log` VALUES (237, '物资资料', 2, 'com.ruoyi.wzwz.controller.WzWzController.edit()', 'PUT', 1, 'admin', NULL, '/wzwz/wzwz', '127.0.0.1', '内网IP', '{\"wzDw\":\"dfsdfsf\",\"wzName\":\"asf\",\"wzTp\":\"/profile/upload/2021/11/15/f799d26d-71bc-46d5-a37d-be3ca3f911b7.png\",\"wzZt\":1,\"params\":{},\"wzBz\":\"fsdf\",\"wzGg\":\"sdfs\",\"id\":3,\"wzTime\":1637510400000}', '{\"msg\":\"操作成功\",\"code\":200}', 0, NULL, '2021-11-15 19:57:17');
INSERT INTO `sys_oper_log` VALUES (238, '物资资料', 3, 'com.ruoyi.wzwz.controller.WzWzController.remove()', 'DELETE', 1, 'admin', NULL, '/wzwz/wzwz/3,4,5,6,7', '127.0.0.1', '内网IP', '{ids=3,4,5,6,7}', '{\"msg\":\"操作成功\",\"code\":200}', 0, NULL, '2021-11-15 19:57:28');
INSERT INTO `sys_oper_log` VALUES (239, '物资资料', 2, 'com.ruoyi.wzwz.controller.WzWzController.edit()', 'PUT', 1, 'admin', NULL, '/wzwz/wzwz', '127.0.0.1', '内网IP', '{\"wzDw\":\"aa\",\"wzName\":\"aa\",\"wzTp\":\"/profile/upload/2021/11/14/f6de5a34-6edb-4c74-ba37-43e52827882b.jpg\",\"wzZt\":1,\"params\":{},\"wzBz\":\"aa\",\"wzGg\":\"aa\",\"id\":2,\"wzTime\":1638720000000}', '{\"msg\":\"操作成功\",\"code\":200}', 0, NULL, '2021-11-15 19:57:34');
INSERT INTO `sys_oper_log` VALUES (240, '物资资料', 2, 'com.ruoyi.wzwz.controller.WzWzController.edit()', 'PUT', 1, 'admin', NULL, '/wzwz/wzwz', '127.0.0.1', '内网IP', '{\"wzDw\":\"1\",\"wzName\":\"aa\",\"wzTp\":\"/profile/upload/2021/11/14/f6de5a34-6edb-4c74-ba37-43e52827882b.jpg\",\"wzZt\":1,\"params\":{},\"wzBz\":\"aa\",\"wzGg\":\"aa\",\"id\":2,\"wzTime\":1638720000000}', '{\"msg\":\"操作成功\",\"code\":200}', 0, NULL, '2021-11-15 19:59:17');
INSERT INTO `sys_oper_log` VALUES (241, '物资资料', 2, 'com.ruoyi.wzwz.controller.WzWzController.edit()', 'PUT', 1, 'admin', NULL, '/wzwz/wzwz', '127.0.0.1', '内网IP', '{\"wzDw\":\"1\",\"wzName\":\"aa\",\"wzTp\":\"/profile/upload/2021/11/14/5d5350fd-c36e-4f38-a8e7-59421c181bda.png\",\"wzZt\":0,\"params\":{},\"wzBz\":\"aa\",\"wzGg\":\"aa\",\"id\":1,\"wzTime\":1637510400000}', '{\"msg\":\"操作成功\",\"code\":200}', 0, NULL, '2021-11-15 20:05:01');
INSERT INTO `sys_oper_log` VALUES (242, '物资资料', 2, 'com.ruoyi.wzwz.controller.WzWzController.edit()', 'PUT', 1, 'admin', NULL, '/wzwz/wzwz', '127.0.0.1', '内网IP', '{\"wzDw\":\"1\",\"wzName\":\"aa\",\"wzTp\":\"/profile/upload/2021/11/14/5d5350fd-c36e-4f38-a8e7-59421c181bda.png\",\"wzZt\":1,\"params\":{},\"wzBz\":\"aa\",\"wzGg\":\"aa\",\"id\":1,\"wzTime\":1637510400000}', '{\"msg\":\"操作成功\",\"code\":200}', 0, NULL, '2021-11-15 20:05:17');
INSERT INTO `sys_oper_log` VALUES (243, '物资明细', 2, 'com.ruoyi.wzmx.controller.WzMxController.edit()', 'PUT', 1, 'admin', NULL, '/wzmx/wzmx', '127.0.0.1', '内网IP', '{\"mxSpid\":1,\"mxType\":1,\"mxNum\":1,\"params\":{},\"mxDw\":\"1\",\"mxMc\":\"1\",\"mxTp\":\"/profile/upload/2021/11/15/f3f750c7-c6e7-438c-a66f-f7e8f25dc3ac.jpg\",\"mxGg\":\"1\",\"id\":1,\"mxDh\":\"1\"}', '{\"msg\":\"操作成功\",\"code\":200}', 0, NULL, '2021-11-15 20:09:04');
INSERT INTO `sys_oper_log` VALUES (244, '物资明细', 2, 'com.ruoyi.wzmx.controller.WzMxController.edit()', 'PUT', 1, 'admin', NULL, '/wzmx/wzmx', '127.0.0.1', '内网IP', '{\"mxSpid\":1,\"mxType\":2,\"mxNum\":1,\"params\":{},\"mxDw\":\"1\",\"mxMc\":\"1\",\"mxTp\":\"/profile/upload/2021/11/15/f3f750c7-c6e7-438c-a66f-f7e8f25dc3ac.jpg\",\"mxGg\":\"1\",\"id\":1,\"mxDh\":\"1\"}', '{\"msg\":\"操作成功\",\"code\":200}', 0, NULL, '2021-11-15 20:09:11');
INSERT INTO `sys_oper_log` VALUES (245, '物资明细', 2, 'com.ruoyi.wzmx.controller.WzMxController.edit()', 'PUT', 1, 'admin', NULL, '/wzmx/wzmx', '127.0.0.1', '内网IP', '{\"mxSpid\":1,\"mxType\":1,\"mxNum\":1,\"params\":{},\"mxDw\":\"1\",\"mxMc\":\"1\",\"mxTp\":\"/profile/upload/2021/11/15/f3f750c7-c6e7-438c-a66f-f7e8f25dc3ac.jpg\",\"mxGg\":\"1\",\"id\":1,\"mxDh\":\"1\"}', '{\"msg\":\"操作成功\",\"code\":200}', 0, NULL, '2021-11-15 20:09:19');
INSERT INTO `sys_oper_log` VALUES (246, '物资明细', 2, 'com.ruoyi.wzmx.controller.WzMxController.edit()', 'PUT', 1, 'admin', NULL, '/wzmx/wzmx', '127.0.0.1', '内网IP', '{\"mxSpid\":1,\"mxType\":0,\"mxNum\":1,\"params\":{},\"mxDw\":\"1\",\"mxMc\":\"1\",\"mxTp\":\"/profile/upload/2021/11/15/f3f750c7-c6e7-438c-a66f-f7e8f25dc3ac.jpg\",\"mxGg\":\"1\",\"id\":1,\"mxDh\":\"1\"}', '{\"msg\":\"操作成功\",\"code\":200}', 0, NULL, '2021-11-15 20:10:16');
INSERT INTO `sys_oper_log` VALUES (247, '物资明细', 3, 'com.ruoyi.wzmx.controller.WzMxController.remove()', 'DELETE', 1, 'admin', NULL, '/wzmx/wzmx/1', '127.0.0.1', '内网IP', '{ids=1}', '{\"msg\":\"操作成功\",\"code\":200}', 0, NULL, '2021-11-15 20:10:21');
INSERT INTO `sys_oper_log` VALUES (248, '物资明细', 1, 'com.ruoyi.wzmx.controller.WzMxController.add()', 'POST', 1, 'admin', NULL, '/wzmx/wzmx', '127.0.0.1', '内网IP', '{\"mxSpid\":1,\"mxType\":0,\"mxNum\":1,\"params\":{},\"mxDw\":\"1\",\"mxMc\":\"1\",\"mxGg\":\"1\",\"id\":2,\"mxDh\":\"1\"}', '{\"msg\":\"操作成功\",\"code\":200}', 0, NULL, '2021-11-15 20:10:35');
INSERT INTO `sys_oper_log` VALUES (249, '物资明细', 2, 'com.ruoyi.wzmx.controller.WzMxController.edit()', 'PUT', 1, 'admin', NULL, '/wzmx/wzmx', '127.0.0.1', '内网IP', '{\"mxSpid\":1,\"mxType\":1,\"mxNum\":1,\"params\":{},\"mxDw\":\"1\",\"mxMc\":\"1\",\"mxGg\":\"1\",\"id\":2,\"mxDh\":\"1\"}', '{\"msg\":\"操作成功\",\"code\":200}', 0, NULL, '2021-11-15 20:12:58');
INSERT INTO `sys_oper_log` VALUES (250, '物资明细', 2, 'com.ruoyi.wzmx.controller.WzMxController.edit()', 'PUT', 1, 'admin', NULL, '/wzmx/wzmx', '127.0.0.1', '内网IP', '{\"mxSpid\":1,\"mxType\":1,\"mxNum\":1,\"params\":{},\"mxDw\":\"1\",\"mxMc\":\"1\",\"mxGg\":\"1\",\"id\":2,\"mxDh\":\"1\"}', '{\"msg\":\"操作成功\",\"code\":200}', 0, NULL, '2021-11-15 20:13:15');
INSERT INTO `sys_oper_log` VALUES (251, '物资运输', 1, 'com.ruoyi.wzys.controller.WzYsController.add()', 'POST', 1, 'admin', NULL, '/wzys/wzys', '127.0.0.1', '内网IP', '{\"ysLxfs\":\"1\",\"ysWz\":\"1\",\"ysDh\":\"1\",\"ysCh\":1,\"ysRh\":1,\"ysBz\":\"11\",\"params\":{},\"ysZt\":0,\"ysDtime\":1636992000000,\"ysFzr\":\"1\",\"id\":1,\"ysCl\":1,\"ysLx\":\"1\",\"ysQtime\":1637510400000}', '{\"msg\":\"操作成功\",\"code\":200}', 0, NULL, '2021-11-16 12:07:45');
INSERT INTO `sys_oper_log` VALUES (252, '物资明细', 2, 'com.ruoyi.wzmx.controller.WzMxController.edit()', 'PUT', 1, 'admin', NULL, '/wzmx/wzmx', '127.0.0.1', '内网IP', '{\"mxSpid\":1,\"mxType\":0,\"mxNum\":1,\"params\":{},\"mxDw\":\"1\",\"mxMc\":\"1\",\"mxGg\":\"1\",\"id\":2,\"mxDh\":\"1\"}', '{\"msg\":\"操作成功\",\"code\":200}', 0, NULL, '2021-11-16 12:15:26');
INSERT INTO `sys_oper_log` VALUES (253, '物资明细', 1, 'com.ruoyi.wzmx.controller.WzMxController.add()', 'POST', 1, 'admin', NULL, '/wzmx/wzmx', '127.0.0.1', '内网IP', '{\"mxSpid\":1,\"mxType\":0,\"mxNum\":1,\"params\":{},\"mxDw\":\"1\",\"mxMc\":\"1\",\"mxGg\":\"1\",\"id\":3,\"mxDh\":\"1\"}', '{\"msg\":\"操作成功\",\"code\":200}', 0, NULL, '2021-11-16 12:15:42');
INSERT INTO `sys_oper_log` VALUES (254, '物资明细', 2, 'com.ruoyi.wzmx.controller.WzMxController.edit()', 'PUT', 1, 'admin', NULL, '/wzmx/wzmx', '127.0.0.1', '内网IP', '{\"mxSpid\":1,\"mxType\":0,\"mxNum\":1,\"params\":{},\"mxDw\":\"1\",\"mxMc\":\"1\",\"mxGg\":\"1\",\"id\":2,\"mxDh\":\"1\"}', '{\"msg\":\"操作成功\",\"code\":200}', 0, NULL, '2021-11-16 12:17:59');
INSERT INTO `sys_oper_log` VALUES (255, '物资明细', 3, 'com.ruoyi.wzmx.controller.WzMxController.remove()', 'DELETE', 1, 'admin', NULL, '/wzmx/wzmx/2', '127.0.0.1', '内网IP', '{ids=2}', '{\"msg\":\"操作成功\",\"code\":200}', 0, NULL, '2021-11-16 12:19:33');
INSERT INTO `sys_oper_log` VALUES (256, '物资明细', 1, 'com.ruoyi.wzmx.controller.WzMxController.add()', 'POST', 1, 'admin', NULL, '/wzmx/wzmx', '127.0.0.1', '内网IP', '{\"mxType\":0,\"params\":{},\"id\":4}', '{\"msg\":\"操作成功\",\"code\":200}', 0, NULL, '2021-11-16 12:22:18');
INSERT INTO `sys_oper_log` VALUES (257, '物资明细', 1, 'com.ruoyi.wzmx.controller.WzMxController.add()', 'POST', 1, 'admin', NULL, '/wzmx/wzmx', '127.0.0.1', '内网IP', '{\"mxType\":0,\"params\":{},\"id\":5}', '{\"msg\":\"操作成功\",\"code\":200}', 0, NULL, '2021-11-16 12:22:19');
INSERT INTO `sys_oper_log` VALUES (258, '物资明细', 3, 'com.ruoyi.wzmx.controller.WzMxController.remove()', 'DELETE', 1, 'admin', NULL, '/wzmx/wzmx/5', '127.0.0.1', '内网IP', '{ids=5}', '{\"msg\":\"操作成功\",\"code\":200}', 0, NULL, '2021-11-16 12:22:23');
INSERT INTO `sys_oper_log` VALUES (259, '物资明细', 3, 'com.ruoyi.wzmx.controller.WzMxController.remove()', 'DELETE', 1, 'admin', NULL, '/wzmx/wzmx/4', '127.0.0.1', '内网IP', '{ids=4}', '{\"msg\":\"操作成功\",\"code\":200}', 0, NULL, '2021-11-16 12:22:30');
INSERT INTO `sys_oper_log` VALUES (260, '物资明细', 1, 'com.ruoyi.wzmx.controller.WzMxController.add()', 'POST', 1, 'admin', NULL, '/wzmx/wzmx', '127.0.0.1', '内网IP', '{\"mxType\":0,\"params\":{},\"id\":6}', '{\"msg\":\"操作成功\",\"code\":200}', 0, NULL, '2021-11-16 12:22:42');
INSERT INTO `sys_oper_log` VALUES (261, '物资明细', 1, 'com.ruoyi.wzmx.controller.WzMxController.add()', 'POST', 1, 'admin', NULL, '/wzmx/wzmx', '127.0.0.1', '内网IP', '{\"mxSpid\":1,\"mxType\":0,\"mxNum\":1,\"params\":{},\"mxDw\":\"1\",\"mxMc\":\"1\",\"mxGg\":\"1\",\"id\":7,\"mxDh\":\"1\"}', '{\"msg\":\"操作成功\",\"code\":200}', 0, NULL, '2021-11-16 12:25:33');
INSERT INTO `sys_oper_log` VALUES (262, '物资明细', 1, 'com.ruoyi.wzmx.controller.WzMxController.add()', 'POST', 1, 'admin', NULL, '/wzmx/wzmx', '127.0.0.1', '内网IP', '{\"mxSpid\":1,\"mxType\":1,\"mxNum\":1,\"params\":{},\"mxDw\":\"1\",\"mxMc\":\"1\",\"mxGg\":\"1\",\"id\":8,\"mxDh\":\"1\"}', '{\"msg\":\"操作成功\",\"code\":200}', 0, NULL, '2021-11-16 12:30:16');
INSERT INTO `sys_oper_log` VALUES (263, '物资明细', 2, 'com.ruoyi.wzmx.controller.WzMxController.edit()', 'PUT', 1, 'admin', NULL, '/wzmx/wzmx', '127.0.0.1', '内网IP', '{\"mxSpid\":1,\"mxType\":1,\"mxNum\":1,\"params\":{},\"mxDw\":\"1\",\"mxMc\":\"1\",\"mxGg\":\"1\",\"id\":3,\"mxDh\":\"1\"}', '{\"msg\":\"操作成功\",\"code\":200}', 0, NULL, '2021-11-16 12:30:34');
INSERT INTO `sys_oper_log` VALUES (264, '物资明细', 2, 'com.ruoyi.wzmx.controller.WzMxController.edit()', 'PUT', 1, 'admin', NULL, '/wzmx/wzmx', '127.0.0.1', '内网IP', '{\"mxSpid\":1,\"mxType\":2,\"mxNum\":1,\"params\":{},\"mxDw\":\"1\",\"mxMc\":\"1\",\"mxGg\":\"1\",\"id\":3,\"mxDh\":\"1\"}', '{\"msg\":\"操作成功\",\"code\":200}', 0, NULL, '2021-11-16 12:33:47');
INSERT INTO `sys_oper_log` VALUES (265, '物资明细', 2, 'com.ruoyi.wzmx.controller.WzMxController.edit()', 'PUT', 1, 'admin', NULL, '/wzmx/wzmx', '127.0.0.1', '内网IP', '{\"mxSpid\":1,\"mxType\":2,\"mxNum\":1,\"params\":{},\"mxDw\":\"1\",\"mxMc\":\"1\",\"mxGg\":\"1\",\"id\":3,\"mxDh\":\"1\"}', '{\"msg\":\"操作成功\",\"code\":200}', 0, NULL, '2021-11-16 12:34:13');
INSERT INTO `sys_oper_log` VALUES (266, '物资明细', 2, 'com.ruoyi.wzmx.controller.WzMxController.edit()', 'PUT', 1, 'admin', NULL, '/wzmx/wzmx', '127.0.0.1', '内网IP', '{\"mxSpid\":1,\"mxType\":2,\"mxNum\":1,\"params\":{},\"mxDw\":\"1\",\"mxMc\":\"1\",\"mxGg\":\"1\",\"id\":3,\"mxDh\":\"1\"}', '{\"msg\":\"操作成功\",\"code\":200}', 0, NULL, '2021-11-16 12:34:58');
INSERT INTO `sys_oper_log` VALUES (267, '物资明细', 2, 'com.ruoyi.wzmx.controller.WzMxController.edit()', 'PUT', 1, 'admin', NULL, '/wzmx/wzmx', '127.0.0.1', '内网IP', '{\"mxSpid\":1,\"mxType\":2,\"mxNum\":1,\"params\":{},\"mxDw\":\"1\",\"mxMc\":\"1\",\"mxGg\":\"1\",\"id\":3,\"mxDh\":\"1\"}', '{\"msg\":\"操作成功\",\"code\":200}', 0, NULL, '2021-11-16 12:35:16');
INSERT INTO `sys_oper_log` VALUES (268, '物资明细', 2, 'com.ruoyi.wzmx.controller.WzMxController.edit()', 'PUT', 1, 'admin', NULL, '/wzmx/wzmx', '127.0.0.1', '内网IP', '{\"mxSpid\":1,\"mxType\":2,\"mxNum\":1,\"params\":{},\"mxDw\":\"1\",\"mxMc\":\"1\",\"mxGg\":\"1\",\"id\":3,\"mxDh\":\"1\"}', '{\"msg\":\"操作成功\",\"code\":200}', 0, NULL, '2021-11-16 12:36:27');
INSERT INTO `sys_oper_log` VALUES (269, '物资明细', 2, 'com.ruoyi.wzmx.controller.WzMxController.edit()', 'PUT', 1, 'admin', NULL, '/wzmx/wzmx', '127.0.0.1', '内网IP', '{\"mxSpid\":1,\"mxType\":2,\"mxNum\":1,\"params\":{},\"mxDw\":\"1\",\"mxMc\":\"1\",\"mxGg\":\"1\",\"id\":3,\"mxDh\":\"1\"}', '{\"msg\":\"操作成功\",\"code\":200}', 0, NULL, '2021-11-16 12:38:15');
INSERT INTO `sys_oper_log` VALUES (270, '物资明细', 2, 'com.ruoyi.wzmx.controller.WzMxController.edit()', 'PUT', 1, 'admin', NULL, '/wzmx/wzmx', '127.0.0.1', '内网IP', '{\"mxSpid\":1,\"mxType\":2,\"mxNum\":1,\"params\":{},\"mxDw\":\"1\",\"mxMc\":\"1\",\"mxGg\":\"1\",\"id\":3,\"mxDh\":\"1\"}', '{\"msg\":\"操作成功\",\"code\":200}', 0, NULL, '2021-11-16 12:38:20');
INSERT INTO `sys_oper_log` VALUES (271, '物资明细', 2, 'com.ruoyi.wzmx.controller.WzMxController.edit()', 'PUT', 1, 'admin', NULL, '/wzmx/wzmx', '127.0.0.1', '内网IP', '{\"mxSpid\":1,\"mxType\":2,\"mxNum\":1,\"params\":{},\"mxDw\":\"1\",\"mxMc\":\"1\",\"mxGg\":\"1\",\"id\":3,\"mxDh\":\"1\"}', '{\"msg\":\"操作成功\",\"code\":200}', 0, NULL, '2021-11-16 12:38:43');
INSERT INTO `sys_oper_log` VALUES (272, '物资明细', 1, 'com.ruoyi.wzmx.controller.WzMxController.add()', 'POST', 1, 'admin', NULL, '/wzmx/wzmx', '127.0.0.1', '内网IP', '{\"mxSpid\":1,\"mxType\":2,\"mxNum\":1,\"params\":{},\"mxDw\":\"1\",\"mxMc\":\"1\",\"mxGg\":\"1\",\"id\":9,\"mxDh\":\"1\"}', '{\"msg\":\"操作成功\",\"code\":200}', 0, NULL, '2021-11-16 12:42:36');
INSERT INTO `sys_oper_log` VALUES (273, '代码生成', 2, 'com.ruoyi.generator.controller.GenController.editSave()', 'PUT', 1, 'admin', NULL, '/tool/gen', '127.0.0.1', '内网IP', '{\"sub\":false,\"functionAuthor\":\"sonder\",\"columns\":[{\"capJavaField\":\"Id\",\"usableColumn\":false,\"columnId\":49,\"isIncrement\":\"1\",\"increment\":true,\"insert\":true,\"dictType\":\"\",\"required\":false,\"superColumn\":false,\"updateBy\":\"\",\"isInsert\":\"1\",\"javaField\":\"id\",\"htmlType\":\"input\",\"edit\":false,\"query\":false,\"columnComment\":\"明细id\",\"updateTime\":1636878964000,\"sort\":1,\"list\":false,\"params\":{},\"javaType\":\"Integer\",\"queryType\":\"EQ\",\"columnType\":\"int\",\"createBy\":\"admin\",\"isPk\":\"1\",\"createTime\":1636865494000,\"tableId\":8,\"pk\":true,\"columnName\":\"id\"},{\"capJavaField\":\"MxDh\",\"usableColumn\":false,\"columnId\":50,\"isIncrement\":\"0\",\"increment\":false,\"insert\":true,\"isList\":\"1\",\"dictType\":\"\",\"required\":true,\"superColumn\":false,\"updateBy\":\"\",\"isInsert\":\"1\",\"isRequired\":\"1\",\"javaField\":\"mxDh\",\"htmlType\":\"input\",\"edit\":true,\"query\":true,\"columnComment\":\"单号\",\"isQuery\":\"1\",\"updateTime\":1636878964000,\"sort\":2,\"list\":true,\"params\":{},\"javaType\":\"String\",\"queryType\":\"EQ\",\"columnType\":\"varchar(50)\",\"createBy\":\"admin\",\"isPk\":\"0\",\"createTime\":1636865494000,\"isEdit\":\"1\",\"tableId\":8,\"pk\":false,\"columnName\":\"mx_dh\"},{\"capJavaField\":\"MxMc\",\"usableColumn\":false,\"columnId\":51,\"isIncrement\":\"0\",\"increment\":false,\"insert\":true,\"isList\":\"1\",\"dictType\":\"\",\"required\":true,\"superColumn\":false,\"updateBy\":\"\",\"isInsert\":\"1\",\"isRequired\":\"1\",\"javaField\":\"mxMc\",\"htmlType\":\"input\",\"edit\":true,\"query\":true,\"columnComment\":\"物资名称\",\"isQuery\":\"1\",\"updateTime\":1636878964000,\"sort\":3,\"list\":true,\"params\":{},\"javaType\":\"String\",\"queryType\":\"EQ\",\"columnType\":\"varchar(50)\",\"createBy\":\"admin\",\"isPk\":\"0\",\"createTime\":1636865494000,\"isEdit\":\"1\",\"tableId\":8,\"pk\":false,\"columnName\":\"mx_mc\"},{\"capJavaField\":\"MxSpid\",\"usableColumn\":false,\"columnId\":52,\"isIncrement\":\"0\",\"increment\":false,\"insert\":true,\"isList\":\"1\",\"dictType\":\"\",\"required\":true,\"superColumn\":false,\"updateBy\":\"\",\"isInsert\":\"1\",\"isRequired\":\"1\",\"javaField\":\"mxSpid\",\"htmlType\":\"input\",\"edit\":true,\"query\":true,\"columnComment\":\"商品id\",\"isQuery\":\"1\",\"updateTime\":1636878964000,\"sort', '{\"msg\":\"操作成功\",\"code\":200}', 0, NULL, '2021-11-16 12:46:44');
INSERT INTO `sys_oper_log` VALUES (274, '代码生成', 8, 'com.ruoyi.generator.controller.GenController.batchGenCode()', 'GET', 1, 'admin', NULL, '/tool/gen/batchGenCode', '127.0.0.1', '内网IP', '{}', NULL, 0, NULL, '2021-11-16 12:46:49');
INSERT INTO `sys_oper_log` VALUES (275, '物资明细', 1, 'com.ruoyi.wzmx.controller.WzMxController.add()', 'POST', 1, 'admin', NULL, '/wzmx/wzmx', '127.0.0.1', '内网IP', '{\"mxSpid\":1,\"mxType\":0,\"mxNum\":1,\"params\":{},\"mxDw\":\"1\",\"mxMc\":\"1\",\"mxTp\":\"1\",\"mxGg\":\"1\",\"id\":10,\"mxDh\":\"1\"}', '{\"msg\":\"操作成功\",\"code\":200}', 0, NULL, '2021-11-16 12:49:26');
INSERT INTO `sys_oper_log` VALUES (276, '物资资料', 1, 'com.ruoyi.wzwz.controller.WzWzController.add()', 'POST', 1, 'admin', NULL, '/wzwz/wzwz', '127.0.0.1', '内网IP', '{\"wzDw\":\"rqwerq\",\"wzName\":\"qrqw\",\"wzZt\":0,\"params\":{},\"wzBz\":\"rqwer\",\"wzGg\":\"rqwr\",\"id\":8,\"wzTime\":1637510400000}', '{\"msg\":\"操作成功\",\"code\":200}', 0, NULL, '2021-11-16 12:52:08');
INSERT INTO `sys_oper_log` VALUES (277, '物资明细', 1, 'com.ruoyi.wzmx.controller.WzMxController.add()', 'POST', 1, 'admin', NULL, '/wzmx/wzmx', '127.0.0.1', '内网IP', '{\"mxSpid\":1,\"mxType\":0,\"mxNum\":1,\"params\":{},\"mxDw\":\"1\",\"mxMc\":\"1\",\"mxTp\":\"1\",\"mxGg\":\"1\",\"id\":11,\"mxDh\":\"1\"}', '{\"msg\":\"操作成功\",\"code\":200}', 0, NULL, '2021-11-16 13:04:33');
INSERT INTO `sys_oper_log` VALUES (278, '物资明细', 2, 'com.ruoyi.wzmx.controller.WzMxController.edit()', 'PUT', 1, 'admin', NULL, '/wzmx/wzmx', '127.0.0.1', '内网IP', '{\"mxSpid\":1,\"mxType\":1,\"mxNum\":1,\"params\":{},\"mxDw\":\"1\",\"mxMc\":\"1\",\"mxTp\":\"1\",\"mxGg\":\"1\",\"id\":11,\"mxDh\":\"2\"}', '{\"msg\":\"操作成功\",\"code\":200}', 0, NULL, '2021-11-16 13:04:41');
INSERT INTO `sys_oper_log` VALUES (279, '物资明细', 1, 'com.ruoyi.wzmx.controller.WzMxController.add()', 'POST', 1, 'admin', NULL, '/wzmx/wzmx', '127.0.0.1', '内网IP', '{\"mxSpid\":1,\"mxType\":2,\"mxNum\":1,\"params\":{},\"mxDw\":\"1\",\"mxMc\":\"1\",\"mxTp\":\"1\",\"mxGg\":\"1\",\"id\":12,\"mxDh\":\"1\"}', '{\"msg\":\"操作成功\",\"code\":200}', 0, NULL, '2021-11-16 13:04:53');
INSERT INTO `sys_oper_log` VALUES (280, '字典数据', 2, 'com.ruoyi.web.controller.system.SysDictDataController.edit()', 'PUT', 1, 'admin', NULL, '/system/dict/data', '127.0.0.1', '内网IP', '{\"dictValue\":\"2\",\"listClass\":\"warning\",\"dictSort\":2,\"params\":{},\"dictType\":\"wz_ckzt\",\"dictLabel\":\"待审核\",\"createBy\":\"admin\",\"default\":false,\"isDefault\":\"N\",\"createTime\":1636889819000,\"dictCode\":114,\"updateBy\":\"admin\",\"status\":\"0\"}', '{\"msg\":\"操作成功\",\"code\":200}', 0, NULL, '2021-11-16 13:55:19');
INSERT INTO `sys_oper_log` VALUES (281, '物资入库表', 2, 'com.ruoyi.wzrk.controller.WzRkController.edit()', 'PUT', 1, 'admin', NULL, '/wzrk/wzrk', '127.0.0.1', '内网IP', '{\"rkBz\":\"1\",\"rkZt\":1,\"rkSl\":1,\"rkType\":2,\"rkDh\":\"1\",\"params\":{},\"rkTime\":1635696000000,\"rkFs\":\"1\",\"rkTg\":1,\"id\":1,\"rkCzry\":\"1\"}', '{\"msg\":\"操作成功\",\"code\":200}', 0, NULL, '2021-11-16 14:05:53');
INSERT INTO `sys_oper_log` VALUES (282, '物资运输', 2, 'com.ruoyi.wzys.controller.WzYsController.edit()', 'PUT', 1, 'admin', NULL, '/wzys/wzys', '127.0.0.1', '内网IP', '{\"ysLxfs\":\"1\",\"ysWz\":\"1\",\"ysDh\":\"1\",\"ysCh\":1,\"ysRh\":1,\"ysBz\":\"11\",\"params\":{},\"ysZt\":0,\"ysDtime\":1636992000000,\"ysFzr\":\"1\",\"id\":1,\"ysCl\":1,\"ysLx\":\"1\",\"ysQtime\":1637510400000}', '{\"msg\":\"操作成功\",\"code\":200}', 0, NULL, '2021-11-16 14:32:37');
INSERT INTO `sys_oper_log` VALUES (283, '物资运输', 2, 'com.ruoyi.wzys.controller.WzYsController.edit()', 'PUT', 1, 'admin', NULL, '/wzys/wzys', '127.0.0.1', '内网IP', '{\"ysLxfs\":\"1\",\"ysWz\":\"1\",\"ysDh\":\"1\",\"ysCh\":1,\"ysRh\":1,\"ysBz\":\"11\",\"params\":{},\"ysZt\":1,\"ysDtime\":1636992000000,\"ysFzr\":\"1\",\"id\":1,\"ysCl\":1,\"ysLx\":\"1\",\"ysQtime\":1637510400000}', '{\"msg\":\"操作成功\",\"code\":200}', 0, NULL, '2021-11-16 14:34:30');
INSERT INTO `sys_oper_log` VALUES (284, '物资运输', 2, 'com.ruoyi.wzys.controller.WzYsController.edit()', 'PUT', 1, 'admin', NULL, '/wzys/wzys', '127.0.0.1', '内网IP', '{\"ysLxfs\":\"1\",\"ysWz\":\"1\",\"ysDh\":\"1\",\"ysCh\":1,\"ysRh\":1,\"ysBz\":\"11\",\"params\":{},\"ysZt\":0,\"ysDtime\":1636992000000,\"ysFzr\":\"1\",\"id\":1,\"ysCl\":1,\"ysLx\":\"1\",\"ysQtime\":1637510400000}', '{\"msg\":\"操作成功\",\"code\":200}', 0, NULL, '2021-11-16 14:40:09');
INSERT INTO `sys_oper_log` VALUES (285, '物资运输', 1, 'com.ruoyi.wzys.controller.WzYsController.add()', 'POST', 1, 'admin', NULL, '/wzys/wzys', '127.0.0.1', '内网IP', '{\"ysDh\":\"1\",\"params\":{},\"ysZt\":0,\"id\":2}', '{\"msg\":\"操作成功\",\"code\":200}', 0, NULL, '2021-11-16 14:40:55');
INSERT INTO `sys_oper_log` VALUES (286, '物资运输', 3, 'com.ruoyi.wzys.controller.WzYsController.remove()', 'DELETE', 1, 'admin', NULL, '/wzys/wzys/2', '127.0.0.1', '内网IP', '{ids=2}', '{\"msg\":\"操作成功\",\"code\":200}', 0, NULL, '2021-11-16 14:41:09');
INSERT INTO `sys_oper_log` VALUES (287, '物资运输', 1, 'com.ruoyi.wzys.controller.WzYsController.add()', 'POST', 1, 'admin', NULL, '/wzys/wzys', '127.0.0.1', '内网IP', '{\"ysLxfs\":\"1\",\"ysWz\":\"1\",\"ysDh\":\"1\",\"ysCh\":1,\"ysRh\":1,\"ysBz\":\"1\",\"params\":{},\"ysZt\":1,\"ysDtime\":1636473600000,\"ysFzr\":\"1\",\"id\":3,\"ysCl\":1,\"ysLx\":\"1\",\"ysQtime\":1638115200000}', '{\"msg\":\"操作成功\",\"code\":200}', 0, NULL, '2021-11-16 14:41:21');
INSERT INTO `sys_oper_log` VALUES (288, '物资运输', 3, 'com.ruoyi.wzys.controller.WzYsController.remove()', 'DELETE', 1, 'admin', NULL, '/wzys/wzys/3', '127.0.0.1', '内网IP', '{ids=3}', '{\"msg\":\"操作成功\",\"code\":200}', 0, NULL, '2021-11-16 14:41:36');
INSERT INTO `sys_oper_log` VALUES (289, '物资运输', 3, 'com.ruoyi.wzys.controller.WzYsController.remove()', 'DELETE', 1, 'admin', NULL, '/wzys/wzys/1', '127.0.0.1', '内网IP', '{ids=1}', '{\"msg\":\"操作成功\",\"code\":200}', 0, NULL, '2021-11-16 14:41:38');
INSERT INTO `sys_oper_log` VALUES (290, '仓库信息', 3, 'com.ruoyi.wzck.controller.WzCkController.remove()', 'DELETE', 1, 'admin', NULL, '/wzck/wzck/1', '127.0.0.1', '内网IP', '{ids=1}', NULL, 1, '\r\n### Error updating database.  Cause: java.sql.SQLIntegrityConstraintViolationException: Cannot delete or update a parent row: a foreign key constraint fails (`ry-vue`.`wz_kc`, CONSTRAINT `FK_Reference_1` FOREIGN KEY (`ck_ckid`) REFERENCES `wz_ck` (`id`) ON DELETE RESTRICT ON UPDATE RESTRICT)\r\n### The error may exist in file [C:\\Users\\1\\Desktop\\javake\\RuoYi-Vue\\ruoyi-admin\\target\\classes\\mapper\\wzck\\WzCkMapper.xml]\r\n### The error may involve com.ruoyi.wzck.mapper.WzCkMapper.deleteWzCkByIds-Inline\r\n### The error occurred while setting parameters\r\n### SQL: delete from wz_ck where id in           (               ?          )\r\n### Cause: java.sql.SQLIntegrityConstraintViolationException: Cannot delete or update a parent row: a foreign key constraint fails (`ry-vue`.`wz_kc`, CONSTRAINT `FK_Reference_1` FOREIGN KEY (`ck_ckid`) REFERENCES `wz_ck` (`id`) ON DELETE RESTRICT ON UPDATE RESTRICT)\n; Cannot delete or update a parent row: a foreign key constraint fails (`ry-vue`.`wz_kc`, CONSTRAINT `FK_Reference_1` FOREIGN KEY (`ck_ckid`) REFERENCES `wz_ck` (`id`) ON DELETE RESTRICT ON UPDATE RESTRICT); nested exception is java.sql.SQLIntegrityConstraintViolationException: Cannot delete or update a parent row: a foreign key constraint fails (`ry-vue`.`wz_kc`, CONSTRAINT `FK_Reference_1` FOREIGN KEY (`ck_ckid`) REFERENCES `wz_ck` (`id`) ON DELETE RESTRICT ON UPDATE RESTRICT)', '2021-11-16 19:00:20');
INSERT INTO `sys_oper_log` VALUES (291, '仓库信息', 3, 'com.ruoyi.wzck.controller.WzCkController.remove()', 'DELETE', 1, 'admin', NULL, '/wzck/wzck/1', '127.0.0.1', '内网IP', '{ids=1}', NULL, 1, '\r\n### Error updating database.  Cause: java.sql.SQLIntegrityConstraintViolationException: Cannot delete or update a parent row: a foreign key constraint fails (`ry-vue`.`wz_kc`, CONSTRAINT `FK_Reference_1` FOREIGN KEY (`ck_ckid`) REFERENCES `wz_ck` (`id`) ON DELETE RESTRICT ON UPDATE RESTRICT)\r\n### The error may exist in file [C:\\Users\\1\\Desktop\\javake\\RuoYi-Vue\\ruoyi-admin\\target\\classes\\mapper\\wzck\\WzCkMapper.xml]\r\n### The error may involve com.ruoyi.wzck.mapper.WzCkMapper.deleteWzCkByIds-Inline\r\n### The error occurred while setting parameters\r\n### SQL: delete from wz_ck where id in           (               ?          )\r\n### Cause: java.sql.SQLIntegrityConstraintViolationException: Cannot delete or update a parent row: a foreign key constraint fails (`ry-vue`.`wz_kc`, CONSTRAINT `FK_Reference_1` FOREIGN KEY (`ck_ckid`) REFERENCES `wz_ck` (`id`) ON DELETE RESTRICT ON UPDATE RESTRICT)\n; Cannot delete or update a parent row: a foreign key constraint fails (`ry-vue`.`wz_kc`, CONSTRAINT `FK_Reference_1` FOREIGN KEY (`ck_ckid`) REFERENCES `wz_ck` (`id`) ON DELETE RESTRICT ON UPDATE RESTRICT); nested exception is java.sql.SQLIntegrityConstraintViolationException: Cannot delete or update a parent row: a foreign key constraint fails (`ry-vue`.`wz_kc`, CONSTRAINT `FK_Reference_1` FOREIGN KEY (`ck_ckid`) REFERENCES `wz_ck` (`id`) ON DELETE RESTRICT ON UPDATE RESTRICT)', '2021-11-16 19:00:28');
INSERT INTO `sys_oper_log` VALUES (292, '仓库信息', 2, 'com.ruoyi.wzck.controller.WzCkController.edit()', 'PUT', 1, 'admin', NULL, '/wzck/wzck', '127.0.0.1', '内网IP', '{\"ckDh\":\"138888888888\",\"ckName\":\"仓库一\",\"params\":{},\"ckBz\":\"仓库一\",\"ckDz\":\"湖南省长沙市岳麓区\",\"ckLx\":\"小王\",\"id\":1}', '{\"msg\":\"操作成功\",\"code\":200}', 0, NULL, '2021-11-16 19:01:21');
INSERT INTO `sys_oper_log` VALUES (293, '物资来源', 1, 'com.ruoyi.wzly.controller.WzLyController.add()', 'POST', 1, 'admin', NULL, '/wzly/wzly', '192.168.0.101', '内网IP', '{\"lyDh\":\"13777777777\",\"lyQx\":\"长沙县\",\"lyTime\":1635696000000,\"lyS\":\"长沙市\",\"lyLx\":\"学生\",\"params\":{},\"lySf\":\"湖南省\",\"id\":2,\"lyYx\":\"1643068888@qq.com\",\"lyXx\":\"翻斗大街翻斗花园二号楼\"}', '{\"msg\":\"操作成功\",\"code\":200}', 0, NULL, '2021-11-30 20:36:22');
INSERT INTO `sys_oper_log` VALUES (294, '物资入库表', 1, 'com.ruoyi.wzrk.controller.WzRkController.add()', 'POST', 1, 'admin', NULL, '/wzrk/wzrk', '192.168.0.145', '内网IP', '{\"rkBz\":\"44\\n2\\n42\",\"rkZt\":1,\"rkSl\":2,\"rkType\":1,\"rkDh\":\"1936d93fe22843e0acad49e774bf417e\",\"params\":{},\"rkTime\":1635782400000,\"rkFs\":\"14242\",\"rkTg\":242,\"rkCzry\":\"4242\"}', NULL, 1, '\r\n### Error updating database.  Cause: java.sql.SQLIntegrityConstraintViolationException: Cannot add or update a child row: a foreign key constraint fails (`ry-vue`.`wz_rk`, CONSTRAINT `FK_Reference_3` FOREIGN KEY (`rk_tg`) REFERENCES `wz_ly` (`id`) ON DELETE RESTRICT ON UPDATE RESTRICT)\r\n### The error may exist in file [C:\\Users\\1\\Desktop\\javake\\RuoYi-Vue\\ruoyi-admin\\target\\classes\\mapper\\wzrk\\WzRkMapper.xml]\r\n### The error may involve com.ruoyi.wzrk.mapper.WzRkMapper.insertWzRk-Inline\r\n### The error occurred while setting parameters\r\n### SQL: insert into wz_rk          ( rk_dh,             rk_type,             rk_sl,             rk_fs,             rk_zt,             rk_czry,             rk_tg,             rk_time,             rk_bz )           values ( ?,             ?,             ?,             ?,             ?,             ?,             ?,             ?,             ? )\r\n### Cause: java.sql.SQLIntegrityConstraintViolationException: Cannot add or update a child row: a foreign key constraint fails (`ry-vue`.`wz_rk`, CONSTRAINT `FK_Reference_3` FOREIGN KEY (`rk_tg`) REFERENCES `wz_ly` (`id`) ON DELETE RESTRICT ON UPDATE RESTRICT)\n; Cannot add or update a child row: a foreign key constraint fails (`ry-vue`.`wz_rk`, CONSTRAINT `FK_Reference_3` FOREIGN KEY (`rk_tg`) REFERENCES `wz_ly` (`id`) ON DELETE RESTRICT ON UPDATE RESTRICT); nested exception is java.sql.SQLIntegrityConstraintViolationException: Cannot add or update a child row: a foreign key constraint fails (`ry-vue`.`wz_rk`, CONSTRAINT `FK_Reference_3` FOREIGN KEY (`rk_tg`) REFERENCES `wz_ly` (`id`) ON DELETE RESTRICT ON UPDATE RESTRICT)', '2021-11-30 20:50:03');
INSERT INTO `sys_oper_log` VALUES (295, '物资入库表', 1, 'com.ruoyi.wzrk.controller.WzRkController.add()', 'POST', 1, 'admin', NULL, '/wzrk/wzrk', '192.168.0.145', '内网IP', '{\"rkBz\":\"44\\n2\\n42\",\"rkZt\":1,\"rkSl\":2,\"rkType\":1,\"rkDh\":\"adb7523e15a7408b8ed369cbc7b885aa\",\"params\":{},\"rkTime\":1635782400000,\"rkFs\":\"14242\",\"rkTg\":1,\"id\":3,\"rkCzry\":\"4242\"}', '{\"msg\":\"操作成功\",\"code\":200}', 0, NULL, '2021-11-30 20:50:07');
INSERT INTO `sys_oper_log` VALUES (296, '物资入库表', 2, 'com.ruoyi.wzrk.controller.WzRkController.edit()', 'PUT', 1, 'admin', NULL, '/wzrk/wzrk', '192.168.0.145', '内网IP', '{\"rkBz\":\"44\\n2\\n42\",\"rkZt\":1,\"rkSl\":1,\"rkType\":1,\"rkDh\":\"adb7523e15a7408b8ed369cbc7b885aa\",\"params\":{},\"rkTime\":1635782400000,\"rkFs\":\"14242\",\"rkTg\":1,\"id\":3,\"rkCzry\":\"4242\"}', '{\"msg\":\"操作成功\",\"code\":200}', 0, NULL, '2021-11-30 20:50:26');
INSERT INTO `sys_oper_log` VALUES (297, '物资入库表', 2, 'com.ruoyi.wzrk.controller.WzRkController.edit()', 'PUT', 1, 'admin', NULL, '/wzrk/wzrk', '192.168.0.145', '内网IP', '{\"rkBz\":\"1\",\"rkZt\":1,\"rkSl\":1,\"rkType\":2,\"rkDh\":\"\",\"params\":{},\"rkTime\":1635696000000,\"rkFs\":\"1\",\"rkTg\":1,\"id\":1,\"rkCzry\":\"1\"}', '{\"msg\":\"操作成功\",\"code\":200}', 0, NULL, '2021-11-30 20:50:32');
INSERT INTO `sys_oper_log` VALUES (298, '物资入库表', 3, 'com.ruoyi.wzrk.controller.WzRkController.remove()', 'DELETE', 1, 'admin', NULL, '/wzrk/wzrk/3,1', '192.168.0.145', '内网IP', '{ids=3,1}', '{\"msg\":\"操作成功\",\"code\":200}', 0, NULL, '2021-11-30 21:04:20');
INSERT INTO `sys_oper_log` VALUES (299, '物资入库表', 1, 'com.ruoyi.wzrk.controller.WzRkController.add()', 'POST', 1, 'admin', NULL, '/wzrk/wzrk', '192.168.0.145', '内网IP', '{\"rkBz\":\"1\",\"rkZt\":1,\"rkSl\":1,\"rkType\":1,\"rkDh\":\"63f39979f53748f0857a92319dc13eba\",\"params\":{},\"rkTime\":1636300800000,\"rkFs\":\"1\",\"rkTg\":1,\"id\":4,\"rkCzry\":\"1\"}', '{\"msg\":\"操作成功\",\"code\":200}', 0, NULL, '2021-11-30 21:05:53');
INSERT INTO `sys_oper_log` VALUES (300, '物资入库表', 2, 'com.ruoyi.wzrk.controller.WzRkController.edit()', 'PUT', 1, 'admin', NULL, '/wzrk/wzrk', '192.168.0.145', '内网IP', '{\"rkBz\":\"1\",\"rkZt\":1,\"rkSl\":1,\"rkType\":1,\"rkDh\":\"63f39979f53748f0857a92319dc13eba\",\"params\":{},\"rkTime\":1637942400000,\"rkFs\":\"1\",\"rkTg\":1,\"id\":4,\"rkCzry\":\"1\"}', '{\"msg\":\"操作成功\",\"code\":200}', 0, NULL, '2021-11-30 21:07:30');
INSERT INTO `sys_oper_log` VALUES (301, '物资入库表', 2, 'com.ruoyi.wzrk.controller.WzRkController.edit()', 'PUT', 1, 'admin', NULL, '/wzrk/wzrk', '192.168.0.145', '内网IP', '{\"rkBz\":\"1234564654684\",\"rkZt\":1,\"rkSl\":1,\"rkType\":1,\"rkDh\":\"63f39979f53748f0857a92319dc13eba\",\"params\":{},\"rkTime\":1637942400000,\"rkFs\":\"1\",\"rkTg\":1,\"id\":4,\"rkCzry\":\"1\"}', '{\"msg\":\"操作成功\",\"code\":200}', 0, NULL, '2021-11-30 21:08:21');
INSERT INTO `sys_oper_log` VALUES (302, '物资入库表', 3, 'com.ruoyi.wzrk.controller.WzRkController.remove()', 'DELETE', 1, 'admin', NULL, '/wzrk/wzrk/4', '192.168.0.145', '内网IP', '{ids=4}', '{\"msg\":\"操作成功\",\"code\":200}', 0, NULL, '2021-11-30 21:10:00');
INSERT INTO `sys_oper_log` VALUES (303, '物资入库表', 1, 'com.ruoyi.wzrk.controller.WzRkController.add()', 'POST', 1, 'admin', NULL, '/wzrk/wzrk', '192.168.0.145', '内网IP', '{\"rkBz\":\"545445444444\",\"rkZt\":2,\"rkSl\":1,\"rkType\":3,\"rkDh\":\"c014d89dcf884984ab7ff15648273e47\",\"params\":{},\"rkTime\":1636560000000,\"rkFs\":\"1\",\"rkTg\":1,\"id\":5,\"rkCzry\":\"1\"}', '{\"msg\":\"操作成功\",\"code\":200}', 0, NULL, '2021-11-30 21:11:01');
INSERT INTO `sys_oper_log` VALUES (304, '物资入库表', 2, 'com.ruoyi.wzrk.controller.WzRkController.edit()', 'PUT', 1, 'admin', NULL, '/wzrk/wzrk', '192.168.0.145', '内网IP', '{\"rkBz\":\"123456\",\"rkZt\":2,\"rkSl\":1,\"rkType\":3,\"rkDh\":\"c014d89dcf884984ab7ff15648273e47\",\"params\":{},\"rkTime\":1636560000000,\"rkFs\":\"1\",\"rkTg\":1,\"id\":5,\"rkCzry\":\"1\"}', '{\"msg\":\"操作成功\",\"code\":200}', 0, NULL, '2021-11-30 21:11:24');
INSERT INTO `sys_oper_log` VALUES (305, '物资入库表', 3, 'com.ruoyi.wzrk.controller.WzRkController.remove()', 'DELETE', 1, 'admin', NULL, '/wzrk/wzrk/5', '192.168.0.145', '内网IP', '{ids=5}', '{\"msg\":\"操作成功\",\"code\":200}', 0, NULL, '2021-11-30 21:11:40');
INSERT INTO `sys_oper_log` VALUES (306, '物资发放', 1, 'com.ruoyi.wzff.controller.WzFfController.add()', 'POST', 1, 'admin', NULL, '/wzff/wzff', '192.168.0.145', '内网IP', '{\"ffLx\":\"1\",\"ffType\":0,\"ffNum\":1,\"ffDh\":\"95f81f7e3dcb4ff086ba2b329365638a\",\"params\":{},\"ffCd\":\"1\",\"ffCzy\":\"1\",\"ffZt\":1,\"ffBz\":\"1\",\"ffSh\":1,\"id\":2,\"ffTime\":1637078400000}', '{\"msg\":\"操作成功\",\"code\":200}', 0, NULL, '2021-11-30 21:46:01');
INSERT INTO `sys_oper_log` VALUES (307, '物资运输', 1, 'com.ruoyi.wzys.controller.WzYsController.add()', 'POST', 1, 'admin', NULL, '/wzys/wzys', '192.168.0.145', '内网IP', '{\"ysLxfs\":\"1\",\"ysWz\":\"1\",\"ysDh\":\"187f9ad2755a49e1bef3bb22b4034ed6\",\"ysCh\":1,\"ysRh\":1,\"ysBz\":\"1111\",\"params\":{},\"ysZt\":0,\"ysDtime\":1636905600000,\"ysFzr\":\"1\",\"ysCl\":1,\"ysLx\":\"1\",\"ysQtime\":1636300800000}', NULL, 1, '\r\n### Error updating database.  Cause: com.mysql.cj.jdbc.exceptions.MysqlDataTruncation: Data truncation: Data too long for column \'ys_dh\' at row 1\r\n### The error may exist in file [C:\\Users\\1\\Desktop\\javake\\RuoYi-Vue\\ruoyi-admin\\target\\classes\\mapper\\wzys\\WzYsMapper.xml]\r\n### The error may involve com.ruoyi.wzys.mapper.WzYsMapper.insertWzYs-Inline\r\n### The error occurred while setting parameters\r\n### SQL: insert into wz_ys          ( ys_dh,             ys_lx,             ys_wz,             ys_fzr,             ys_lxfs,             ys_cl,             ys_ch,             ys_rh,             ys_qtime,             ys_dtime,             ys_zt,             ys_bz )           values ( ?,             ?,             ?,             ?,             ?,             ?,             ?,             ?,             ?,             ?,             ?,             ? )\r\n### Cause: com.mysql.cj.jdbc.exceptions.MysqlDataTruncation: Data truncation: Data too long for column \'ys_dh\' at row 1\n; Data truncation: Data too long for column \'ys_dh\' at row 1; nested exception is com.mysql.cj.jdbc.exceptions.MysqlDataTruncation: Data truncation: Data too long for column \'ys_dh\' at row 1', '2021-11-30 21:48:47');
INSERT INTO `sys_oper_log` VALUES (308, '物资运输', 1, 'com.ruoyi.wzys.controller.WzYsController.add()', 'POST', 1, 'admin', NULL, '/wzys/wzys', '192.168.0.145', '内网IP', '{\"ysLxfs\":\"1\",\"ysWz\":\"1\",\"ysDh\":\"d977e82bbda549edb4947104c83c3f11\",\"ysCh\":1,\"ysRh\":1,\"ysBz\":\"1\",\"params\":{},\"ysZt\":1,\"ysDtime\":1637510400000,\"ysFzr\":\"1\",\"ysCl\":1,\"ysLx\":\"1\",\"ysQtime\":1637596800000}', NULL, 1, '\r\n### Error updating database.  Cause: com.mysql.cj.jdbc.exceptions.MysqlDataTruncation: Data truncation: Data too long for column \'ys_dh\' at row 1\r\n### The error may exist in file [C:\\Users\\1\\Desktop\\javake\\RuoYi-Vue\\ruoyi-admin\\target\\classes\\mapper\\wzys\\WzYsMapper.xml]\r\n### The error may involve com.ruoyi.wzys.mapper.WzYsMapper.insertWzYs-Inline\r\n### The error occurred while setting parameters\r\n### SQL: insert into wz_ys          ( ys_dh,             ys_lx,             ys_wz,             ys_fzr,             ys_lxfs,             ys_cl,             ys_ch,             ys_rh,             ys_qtime,             ys_dtime,             ys_zt,             ys_bz )           values ( ?,             ?,             ?,             ?,             ?,             ?,             ?,             ?,             ?,             ?,             ?,             ? )\r\n### Cause: com.mysql.cj.jdbc.exceptions.MysqlDataTruncation: Data truncation: Data too long for column \'ys_dh\' at row 1\n; Data truncation: Data too long for column \'ys_dh\' at row 1; nested exception is com.mysql.cj.jdbc.exceptions.MysqlDataTruncation: Data truncation: Data too long for column \'ys_dh\' at row 1', '2021-11-30 21:52:03');
INSERT INTO `sys_oper_log` VALUES (309, '物资运输', 1, 'com.ruoyi.wzys.controller.WzYsController.add()', 'POST', 1, 'admin', NULL, '/wzys/wzys', '192.168.0.145', '内网IP', '{\"ysLxfs\":\"1\",\"ysWz\":\"1\",\"ysDh\":\"678217881a73470096948096e869108e\",\"ysCh\":1,\"ysRh\":1,\"ysBz\":\"1\",\"params\":{},\"ysZt\":1,\"ysDtime\":1637510400000,\"ysFzr\":\"1\",\"id\":4,\"ysCl\":1,\"ysLx\":\"1\",\"ysQtime\":1637596800000}', '{\"msg\":\"操作成功\",\"code\":200}', 0, NULL, '2021-11-30 21:54:36');
INSERT INTO `sys_oper_log` VALUES (310, '物资运输', 2, 'com.ruoyi.wzys.controller.WzYsController.edit()', 'PUT', 1, 'admin', NULL, '/wzys/wzys', '192.168.0.145', '内网IP', '{\"ysLxfs\":\"1\",\"ysWz\":\"1\",\"ysDh\":\"678217881a73470096948096e869108e\",\"ysCh\":1,\"ysRh\":1,\"ysBz\":\"45\\n5\\n4\",\"params\":{},\"ysZt\":1,\"ysDtime\":1637510400000,\"ysFzr\":\"1\",\"id\":4,\"ysCl\":1,\"ysLx\":\"1\",\"ysQtime\":1637596800000}', '{\"msg\":\"操作成功\",\"code\":200}', 0, NULL, '2021-11-30 21:54:50');
INSERT INTO `sys_oper_log` VALUES (311, '物资运输', 3, 'com.ruoyi.wzys.controller.WzYsController.remove()', 'DELETE', 1, 'admin', NULL, '/wzys/wzys/4', '192.168.0.145', '内网IP', '{ids=4}', '{\"msg\":\"操作成功\",\"code\":200}', 0, NULL, '2021-11-30 21:54:59');
INSERT INTO `sys_oper_log` VALUES (312, '物资发放', 2, 'com.ruoyi.wzff.controller.WzFfController.edit()', 'PUT', 1, 'admin', NULL, '/wzff/wzff', '192.168.0.145', '内网IP', '{\"ffLx\":\"1\",\"ffType\":0,\"ffNum\":1,\"ffDh\":\"95f81f7e3dcb4ff086ba2b329365638a\",\"params\":{},\"ffCd\":\"1\",\"ffCzy\":\"1\",\"ffZt\":1,\"ffBz\":\"1123156\",\"ffSh\":1,\"id\":2,\"ffTime\":1637078400000}', '{\"msg\":\"操作成功\",\"code\":200}', 0, NULL, '2021-11-30 22:01:44');
INSERT INTO `sys_oper_log` VALUES (313, '物资发放', 3, 'com.ruoyi.wzff.controller.WzFfController.remove()', 'DELETE', 1, 'admin', NULL, '/wzff/wzff/2', '192.168.0.145', '内网IP', '{ids=2}', '{\"msg\":\"操作成功\",\"code\":200}', 0, NULL, '2021-11-30 22:01:51');
INSERT INTO `sys_oper_log` VALUES (314, '物资发放', 1, 'com.ruoyi.wzff.controller.WzFfController.add()', 'POST', 1, 'admin', NULL, '/wzff/wzff', '127.0.0.1', '内网IP', '{\"ffLx\":\"1\",\"ffType\":1,\"ffNum\":1,\"ffDh\":\"f5d565bdc5ae4cf8bb014f3773fccb85\",\"params\":{},\"ffCd\":\"1\",\"ffCzy\":\"1\",\"ffZt\":1,\"ffBz\":\"111111111\",\"ffSh\":1,\"id\":3,\"ffTime\":1639929600000}', '{\"msg\":\"操作成功\",\"code\":200}', 0, NULL, '2021-12-01 10:09:31');
INSERT INTO `sys_oper_log` VALUES (315, '物资发放', 1, 'com.ruoyi.wzff.controller.WzFfController.add()', 'POST', 1, 'admin', NULL, '/wzff/wzff', '127.0.0.1', '内网IP', '{\"ffLx\":\"1\",\"ffType\":2,\"ffNum\":1,\"ffDh\":\"c69cdd322a4243998faa2f68b39afec5\",\"params\":{},\"ffCd\":\"1\",\"ffCzy\":\"1\",\"ffZt\":1,\"ffBz\":\"1\",\"ffSh\":1,\"id\":4,\"ffTime\":1639411200000}', '{\"msg\":\"操作成功\",\"code\":200}', 0, NULL, '2021-12-01 10:09:46');
INSERT INTO `sys_oper_log` VALUES (316, '物资发放', 3, 'com.ruoyi.wzff.controller.WzFfController.remove()', 'DELETE', 1, 'admin', NULL, '/wzff/wzff/4', '127.0.0.1', '内网IP', '{ids=4}', '{\"msg\":\"操作成功\",\"code\":200}', 0, NULL, '2021-12-01 10:09:53');
INSERT INTO `sys_oper_log` VALUES (317, '物资发放', 1, 'com.ruoyi.wzff.controller.WzFfController.add()', 'POST', 1, 'admin', NULL, '/wzff/wzff', '127.0.0.1', '内网IP', '{\"ffLx\":\"1\",\"ffType\":4,\"ffNum\":1,\"ffDh\":\"d3bd5bb4c3c94dbabd4746288f4c805a\",\"params\":{},\"ffCd\":\"1\",\"ffCzy\":\"1\",\"ffZt\":1,\"ffBz\":\"111111111\",\"ffSh\":1,\"id\":5,\"ffTime\":1638806400000}', '{\"msg\":\"操作成功\",\"code\":200}', 0, NULL, '2021-12-01 10:10:09');
INSERT INTO `sys_oper_log` VALUES (318, '物资发放', 3, 'com.ruoyi.wzff.controller.WzFfController.remove()', 'DELETE', 1, 'admin', NULL, '/wzff/wzff/3,5', '127.0.0.1', '内网IP', '{ids=3,5}', '{\"msg\":\"操作成功\",\"code\":200}', 0, NULL, '2021-12-01 10:10:51');
INSERT INTO `sys_oper_log` VALUES (319, '物资入库表', 1, 'com.ruoyi.wzrk.controller.WzRkController.add()', 'POST', 1, 'admin', NULL, '/wzrk/wzrk', '127.0.0.1', '内网IP', '{\"rkBz\":\"1111\",\"rkZt\":1,\"rkSl\":4214,\"rkType\":2,\"rkDh\":\"3d0890fa664746d8b7c15f3a288b2aaa\",\"params\":{},\"rkTime\":1638892800000,\"rkFs\":\"1\",\"rkTg\":1,\"id\":6,\"rkCzry\":\"1\"}', '{\"msg\":\"操作成功\",\"code\":200}', 0, NULL, '2021-12-01 10:11:14');
INSERT INTO `sys_oper_log` VALUES (320, '物资入库表', 1, 'com.ruoyi.wzrk.controller.WzRkController.add()', 'POST', 1, 'admin', NULL, '/wzrk/wzrk', '127.0.0.1', '内网IP', '{\"rkBz\":\"14114141\",\"rkZt\":1,\"rkSl\":1414,\"rkType\":2,\"rkDh\":\"185b6ce4ce024d59898e19ad68bd895d\",\"params\":{},\"rkTime\":1638374400000,\"rkFs\":\"1\",\"rkTg\":1414,\"rkCzry\":\"1\"}', NULL, 1, '\r\n### Error updating database.  Cause: java.sql.SQLIntegrityConstraintViolationException: Cannot add or update a child row: a foreign key constraint fails (`ry-vue`.`wz_rk`, CONSTRAINT `FK_Reference_3` FOREIGN KEY (`rk_tg`) REFERENCES `wz_ly` (`id`) ON DELETE RESTRICT ON UPDATE RESTRICT)\r\n### The error may exist in file [C:\\Users\\1\\Desktop\\javake\\RuoYi-Vue\\ruoyi-admin\\target\\classes\\mapper\\wzrk\\WzRkMapper.xml]\r\n### The error may involve com.ruoyi.wzrk.mapper.WzRkMapper.insertWzRk-Inline\r\n### The error occurred while setting parameters\r\n### SQL: insert into wz_rk          ( rk_dh,             rk_type,             rk_sl,             rk_fs,             rk_zt,             rk_czry,             rk_tg,             rk_time,             rk_bz )           values ( ?,             ?,             ?,             ?,             ?,             ?,             ?,             ?,             ? )\r\n### Cause: java.sql.SQLIntegrityConstraintViolationException: Cannot add or update a child row: a foreign key constraint fails (`ry-vue`.`wz_rk`, CONSTRAINT `FK_Reference_3` FOREIGN KEY (`rk_tg`) REFERENCES `wz_ly` (`id`) ON DELETE RESTRICT ON UPDATE RESTRICT)\n; Cannot add or update a child row: a foreign key constraint fails (`ry-vue`.`wz_rk`, CONSTRAINT `FK_Reference_3` FOREIGN KEY (`rk_tg`) REFERENCES `wz_ly` (`id`) ON DELETE RESTRICT ON UPDATE RESTRICT); nested exception is java.sql.SQLIntegrityConstraintViolationException: Cannot add or update a child row: a foreign key constraint fails (`ry-vue`.`wz_rk`, CONSTRAINT `FK_Reference_3` FOREIGN KEY (`rk_tg`) REFERENCES `wz_ly` (`id`) ON DELETE RESTRICT ON UPDATE RESTRICT)', '2021-12-01 10:11:30');
INSERT INTO `sys_oper_log` VALUES (321, '物资入库表', 1, 'com.ruoyi.wzrk.controller.WzRkController.add()', 'POST', 1, 'admin', NULL, '/wzrk/wzrk', '127.0.0.1', '内网IP', '{\"rkBz\":\"14114141\",\"rkZt\":1,\"rkSl\":144,\"rkType\":2,\"rkDh\":\"6efc04a8560f4fb092044e0e05e480d0\",\"params\":{},\"rkTime\":1638374400000,\"rkFs\":\"1\",\"rkTg\":1414,\"rkCzry\":\"1\"}', NULL, 1, '\r\n### Error updating database.  Cause: java.sql.SQLIntegrityConstraintViolationException: Cannot add or update a child row: a foreign key constraint fails (`ry-vue`.`wz_rk`, CONSTRAINT `FK_Reference_3` FOREIGN KEY (`rk_tg`) REFERENCES `wz_ly` (`id`) ON DELETE RESTRICT ON UPDATE RESTRICT)\r\n### The error may exist in file [C:\\Users\\1\\Desktop\\javake\\RuoYi-Vue\\ruoyi-admin\\target\\classes\\mapper\\wzrk\\WzRkMapper.xml]\r\n### The error may involve com.ruoyi.wzrk.mapper.WzRkMapper.insertWzRk-Inline\r\n### The error occurred while setting parameters\r\n### SQL: insert into wz_rk          ( rk_dh,             rk_type,             rk_sl,             rk_fs,             rk_zt,             rk_czry,             rk_tg,             rk_time,             rk_bz )           values ( ?,             ?,             ?,             ?,             ?,             ?,             ?,             ?,             ? )\r\n### Cause: java.sql.SQLIntegrityConstraintViolationException: Cannot add or update a child row: a foreign key constraint fails (`ry-vue`.`wz_rk`, CONSTRAINT `FK_Reference_3` FOREIGN KEY (`rk_tg`) REFERENCES `wz_ly` (`id`) ON DELETE RESTRICT ON UPDATE RESTRICT)\n; Cannot add or update a child row: a foreign key constraint fails (`ry-vue`.`wz_rk`, CONSTRAINT `FK_Reference_3` FOREIGN KEY (`rk_tg`) REFERENCES `wz_ly` (`id`) ON DELETE RESTRICT ON UPDATE RESTRICT); nested exception is java.sql.SQLIntegrityConstraintViolationException: Cannot add or update a child row: a foreign key constraint fails (`ry-vue`.`wz_rk`, CONSTRAINT `FK_Reference_3` FOREIGN KEY (`rk_tg`) REFERENCES `wz_ly` (`id`) ON DELETE RESTRICT ON UPDATE RESTRICT)', '2021-12-01 10:11:51');
INSERT INTO `sys_oper_log` VALUES (322, '物资入库表', 1, 'com.ruoyi.wzrk.controller.WzRkController.add()', 'POST', 1, 'admin', NULL, '/wzrk/wzrk', '127.0.0.1', '内网IP', '{\"rkBz\":\"14114141\",\"rkZt\":1,\"rkSl\":14,\"rkType\":2,\"rkDh\":\"06be97c4c47f48868793f29e03673c80\",\"params\":{},\"rkTime\":1638374400000,\"rkFs\":\"1\",\"rkTg\":1414,\"rkCzry\":\"1\"}', NULL, 1, '\r\n### Error updating database.  Cause: java.sql.SQLIntegrityConstraintViolationException: Cannot add or update a child row: a foreign key constraint fails (`ry-vue`.`wz_rk`, CONSTRAINT `FK_Reference_3` FOREIGN KEY (`rk_tg`) REFERENCES `wz_ly` (`id`) ON DELETE RESTRICT ON UPDATE RESTRICT)\r\n### The error may exist in file [C:\\Users\\1\\Desktop\\javake\\RuoYi-Vue\\ruoyi-admin\\target\\classes\\mapper\\wzrk\\WzRkMapper.xml]\r\n### The error may involve com.ruoyi.wzrk.mapper.WzRkMapper.insertWzRk-Inline\r\n### The error occurred while setting parameters\r\n### SQL: insert into wz_rk          ( rk_dh,             rk_type,             rk_sl,             rk_fs,             rk_zt,             rk_czry,             rk_tg,             rk_time,             rk_bz )           values ( ?,             ?,             ?,             ?,             ?,             ?,             ?,             ?,             ? )\r\n### Cause: java.sql.SQLIntegrityConstraintViolationException: Cannot add or update a child row: a foreign key constraint fails (`ry-vue`.`wz_rk`, CONSTRAINT `FK_Reference_3` FOREIGN KEY (`rk_tg`) REFERENCES `wz_ly` (`id`) ON DELETE RESTRICT ON UPDATE RESTRICT)\n; Cannot add or update a child row: a foreign key constraint fails (`ry-vue`.`wz_rk`, CONSTRAINT `FK_Reference_3` FOREIGN KEY (`rk_tg`) REFERENCES `wz_ly` (`id`) ON DELETE RESTRICT ON UPDATE RESTRICT); nested exception is java.sql.SQLIntegrityConstraintViolationException: Cannot add or update a child row: a foreign key constraint fails (`ry-vue`.`wz_rk`, CONSTRAINT `FK_Reference_3` FOREIGN KEY (`rk_tg`) REFERENCES `wz_ly` (`id`) ON DELETE RESTRICT ON UPDATE RESTRICT)', '2021-12-01 10:11:55');
INSERT INTO `sys_oper_log` VALUES (323, '物资入库表', 1, 'com.ruoyi.wzrk.controller.WzRkController.add()', 'POST', 1, 'admin', NULL, '/wzrk/wzrk', '127.0.0.1', '内网IP', '{\"rkBz\":\"14114141\",\"rkZt\":1,\"rkSl\":14,\"rkType\":2,\"rkDh\":\"2d41e84f09c74b9d83c461aaffa0b2a7\",\"params\":{},\"rkTime\":1638374400000,\"rkFs\":\"1\",\"rkTg\":1414,\"rkCzry\":\"1\"}', NULL, 1, '\r\n### Error updating database.  Cause: java.sql.SQLIntegrityConstraintViolationException: Cannot add or update a child row: a foreign key constraint fails (`ry-vue`.`wz_rk`, CONSTRAINT `FK_Reference_3` FOREIGN KEY (`rk_tg`) REFERENCES `wz_ly` (`id`) ON DELETE RESTRICT ON UPDATE RESTRICT)\r\n### The error may exist in file [C:\\Users\\1\\Desktop\\javake\\RuoYi-Vue\\ruoyi-admin\\target\\classes\\mapper\\wzrk\\WzRkMapper.xml]\r\n### The error may involve com.ruoyi.wzrk.mapper.WzRkMapper.insertWzRk-Inline\r\n### The error occurred while setting parameters\r\n### SQL: insert into wz_rk          ( rk_dh,             rk_type,             rk_sl,             rk_fs,             rk_zt,             rk_czry,             rk_tg,             rk_time,             rk_bz )           values ( ?,             ?,             ?,             ?,             ?,             ?,             ?,             ?,             ? )\r\n### Cause: java.sql.SQLIntegrityConstraintViolationException: Cannot add or update a child row: a foreign key constraint fails (`ry-vue`.`wz_rk`, CONSTRAINT `FK_Reference_3` FOREIGN KEY (`rk_tg`) REFERENCES `wz_ly` (`id`) ON DELETE RESTRICT ON UPDATE RESTRICT)\n; Cannot add or update a child row: a foreign key constraint fails (`ry-vue`.`wz_rk`, CONSTRAINT `FK_Reference_3` FOREIGN KEY (`rk_tg`) REFERENCES `wz_ly` (`id`) ON DELETE RESTRICT ON UPDATE RESTRICT); nested exception is java.sql.SQLIntegrityConstraintViolationException: Cannot add or update a child row: a foreign key constraint fails (`ry-vue`.`wz_rk`, CONSTRAINT `FK_Reference_3` FOREIGN KEY (`rk_tg`) REFERENCES `wz_ly` (`id`) ON DELETE RESTRICT ON UPDATE RESTRICT)', '2021-12-01 10:12:02');
INSERT INTO `sys_oper_log` VALUES (324, '物资入库表', 1, 'com.ruoyi.wzrk.controller.WzRkController.add()', 'POST', 1, 'admin', NULL, '/wzrk/wzrk', '127.0.0.1', '内网IP', '{\"rkBz\":\"14114141\",\"rkZt\":1,\"rkSl\":14,\"rkType\":2,\"rkDh\":\"daf99fd9e36b4474985507a706d4cb48\",\"params\":{},\"rkTime\":1638374400000,\"rkFs\":\"1\",\"rkTg\":1,\"id\":11,\"rkCzry\":\"1\"}', '{\"msg\":\"操作成功\",\"code\":200}', 0, NULL, '2021-12-01 10:12:44');
INSERT INTO `sys_oper_log` VALUES (325, '物资入库表', 3, 'com.ruoyi.wzrk.controller.WzRkController.remove()', 'DELETE', 1, 'admin', NULL, '/wzrk/wzrk/6,11', '127.0.0.1', '内网IP', '{ids=6,11}', '{\"msg\":\"操作成功\",\"code\":200}', 0, NULL, '2021-12-01 10:13:28');
INSERT INTO `sys_oper_log` VALUES (326, '物资运输', 1, 'com.ruoyi.wzys.controller.WzYsController.add()', 'POST', 1, 'admin', NULL, '/wzys/wzys', '127.0.0.1', '内网IP', '{\"ysLxfs\":\"1\",\"ysWz\":\"1\",\"ysDh\":\"d863d4b5af2e4cfc962133c76666a3bc\",\"ysCh\":1,\"ysRh\":1,\"ysBz\":\"111111111\",\"params\":{},\"ysZt\":1,\"ysDtime\":1639411200000,\"ysFzr\":\"1\",\"id\":5,\"ysCl\":1,\"ysLx\":\"1\",\"ysQtime\":1639324800000}', '{\"msg\":\"操作成功\",\"code\":200}', 0, NULL, '2021-12-01 10:14:28');
INSERT INTO `sys_oper_log` VALUES (327, '物资运输', 1, 'com.ruoyi.wzys.controller.WzYsController.add()', 'POST', 1, 'admin', NULL, '/wzys/wzys', '127.0.0.1', '内网IP', '{\"ysLxfs\":\"1\",\"ysWz\":\"1\",\"ysDh\":\"38664db46256487fbd8a357f3b355c9f\",\"ysCh\":1,\"ysRh\":1,\"ysBz\":\"11111111\",\"params\":{},\"ysZt\":1,\"ysDtime\":1638892800000,\"ysFzr\":\"1\",\"id\":6,\"ysCl\":1,\"ysLx\":\"1\",\"ysQtime\":1640016000000}', '{\"msg\":\"操作成功\",\"code\":200}', 0, NULL, '2021-12-01 10:14:55');
INSERT INTO `sys_oper_log` VALUES (328, '物资运输', 3, 'com.ruoyi.wzys.controller.WzYsController.remove()', 'DELETE', 1, 'admin', NULL, '/wzys/wzys/5', '127.0.0.1', '内网IP', '{ids=5}', '{\"msg\":\"操作成功\",\"code\":200}', 0, NULL, '2021-12-01 10:15:17');
INSERT INTO `sys_oper_log` VALUES (329, '物资运输', 3, 'com.ruoyi.wzys.controller.WzYsController.remove()', 'DELETE', 1, 'admin', NULL, '/wzys/wzys/6', '127.0.0.1', '内网IP', '{ids=6}', '{\"msg\":\"操作成功\",\"code\":200}', 0, NULL, '2021-12-01 10:15:22');
INSERT INTO `sys_oper_log` VALUES (330, '物资入库表', 1, 'com.ruoyi.wzrk.controller.WzRkController.add()', 'POST', 1, 'admin', NULL, '/wzrk/wzrk', '127.0.0.1', '内网IP', '{\"rkBz\":\"33\",\"rkZt\":1,\"rkSl\":2,\"rkType\":3,\"params\":{},\"rkTime\":1638115200000,\"rkFs\":\"3\",\"rkTg\":3,\"rkCzry\":\"3\"}', NULL, 1, '\r\n### Error updating database.  Cause: java.sql.SQLIntegrityConstraintViolationException: Cannot add or update a child row: a foreign key constraint fails (`ry-vue`.`wz_rk`, CONSTRAINT `FK_Reference_3` FOREIGN KEY (`rk_tg`) REFERENCES `wz_ly` (`id`) ON DELETE RESTRICT ON UPDATE RESTRICT)\r\n### The error may exist in file [C:\\Users\\1\\Desktop\\javake\\RuoYi-Vue\\ruoyi-admin\\target\\classes\\mapper\\wzrk\\WzRkMapper.xml]\r\n### The error may involve com.ruoyi.wzrk.mapper.WzRkMapper.insertWzRk-Inline\r\n### The error occurred while setting parameters\r\n### SQL: insert into wz_rk          ( rk_type,             rk_sl,             rk_fs,             rk_zt,             rk_czry,             rk_tg,             rk_time,             rk_bz )           values ( ?,             ?,             ?,             ?,             ?,             ?,             ?,             ? )\r\n### Cause: java.sql.SQLIntegrityConstraintViolationException: Cannot add or update a child row: a foreign key constraint fails (`ry-vue`.`wz_rk`, CONSTRAINT `FK_Reference_3` FOREIGN KEY (`rk_tg`) REFERENCES `wz_ly` (`id`) ON DELETE RESTRICT ON UPDATE RESTRICT)\n; Cannot add or update a child row: a foreign key constraint fails (`ry-vue`.`wz_rk`, CONSTRAINT `FK_Reference_3` FOREIGN KEY (`rk_tg`) REFERENCES `wz_ly` (`id`) ON DELETE RESTRICT ON UPDATE RESTRICT); nested exception is java.sql.SQLIntegrityConstraintViolationException: Cannot add or update a child row: a foreign key constraint fails (`ry-vue`.`wz_rk`, CONSTRAINT `FK_Reference_3` FOREIGN KEY (`rk_tg`) REFERENCES `wz_ly` (`id`) ON DELETE RESTRICT ON UPDATE RESTRICT)', '2021-12-01 10:48:09');
INSERT INTO `sys_oper_log` VALUES (331, '物资入库表', 1, 'com.ruoyi.wzrk.controller.WzRkController.add()', 'POST', 1, 'admin', NULL, '/wzrk/wzrk', '127.0.0.1', '内网IP', '{\"rkBz\":\"33\",\"rkZt\":1,\"rkSl\":2,\"rkType\":3,\"params\":{},\"rkTime\":1638115200000,\"rkFs\":\"3\",\"rkTg\":3,\"rkCzry\":\"3\"}', NULL, 1, '\r\n### Error updating database.  Cause: java.sql.SQLIntegrityConstraintViolationException: Cannot add or update a child row: a foreign key constraint fails (`ry-vue`.`wz_rk`, CONSTRAINT `FK_Reference_3` FOREIGN KEY (`rk_tg`) REFERENCES `wz_ly` (`id`) ON DELETE RESTRICT ON UPDATE RESTRICT)\r\n### The error may exist in file [C:\\Users\\1\\Desktop\\javake\\RuoYi-Vue\\ruoyi-admin\\target\\classes\\mapper\\wzrk\\WzRkMapper.xml]\r\n### The error may involve com.ruoyi.wzrk.mapper.WzRkMapper.insertWzRk-Inline\r\n### The error occurred while setting parameters\r\n### SQL: insert into wz_rk          ( rk_type,             rk_sl,             rk_fs,             rk_zt,             rk_czry,             rk_tg,             rk_time,             rk_bz )           values ( ?,             ?,             ?,             ?,             ?,             ?,             ?,             ? )\r\n### Cause: java.sql.SQLIntegrityConstraintViolationException: Cannot add or update a child row: a foreign key constraint fails (`ry-vue`.`wz_rk`, CONSTRAINT `FK_Reference_3` FOREIGN KEY (`rk_tg`) REFERENCES `wz_ly` (`id`) ON DELETE RESTRICT ON UPDATE RESTRICT)\n; Cannot add or update a child row: a foreign key constraint fails (`ry-vue`.`wz_rk`, CONSTRAINT `FK_Reference_3` FOREIGN KEY (`rk_tg`) REFERENCES `wz_ly` (`id`) ON DELETE RESTRICT ON UPDATE RESTRICT); nested exception is java.sql.SQLIntegrityConstraintViolationException: Cannot add or update a child row: a foreign key constraint fails (`ry-vue`.`wz_rk`, CONSTRAINT `FK_Reference_3` FOREIGN KEY (`rk_tg`) REFERENCES `wz_ly` (`id`) ON DELETE RESTRICT ON UPDATE RESTRICT)', '2021-12-01 10:59:02');
INSERT INTO `sys_oper_log` VALUES (332, '物资入库表', 1, 'com.ruoyi.wzrk.controller.WzRkController.add()', 'POST', 1, 'admin', NULL, '/wzrk/wzrk', '127.0.0.1', '内网IP', '{\"rkBz\":\"33\",\"rkZt\":1,\"rkSl\":2,\"rkType\":3,\"params\":{},\"rkTime\":1638115200000,\"rkFs\":\"3\",\"rkTg\":3,\"rkCzry\":\"3\"}', NULL, 1, '\r\n### Error updating database.  Cause: java.sql.SQLIntegrityConstraintViolationException: Cannot add or update a child row: a foreign key constraint fails (`ry-vue`.`wz_rk`, CONSTRAINT `FK_Reference_3` FOREIGN KEY (`rk_tg`) REFERENCES `wz_ly` (`id`) ON DELETE RESTRICT ON UPDATE RESTRICT)\r\n### The error may exist in file [C:\\Users\\1\\Desktop\\javake\\RuoYi-Vue\\ruoyi-admin\\target\\classes\\mapper\\wzrk\\WzRkMapper.xml]\r\n### The error may involve com.ruoyi.wzrk.mapper.WzRkMapper.insertWzRk-Inline\r\n### The error occurred while setting parameters\r\n### SQL: insert into wz_rk          ( rk_type,             rk_sl,             rk_fs,             rk_zt,             rk_czry,             rk_tg,             rk_time,             rk_bz )           values ( ?,             ?,             ?,             ?,             ?,             ?,             ?,             ? )\r\n### Cause: java.sql.SQLIntegrityConstraintViolationException: Cannot add or update a child row: a foreign key constraint fails (`ry-vue`.`wz_rk`, CONSTRAINT `FK_Reference_3` FOREIGN KEY (`rk_tg`) REFERENCES `wz_ly` (`id`) ON DELETE RESTRICT ON UPDATE RESTRICT)\n; Cannot add or update a child row: a foreign key constraint fails (`ry-vue`.`wz_rk`, CONSTRAINT `FK_Reference_3` FOREIGN KEY (`rk_tg`) REFERENCES `wz_ly` (`id`) ON DELETE RESTRICT ON UPDATE RESTRICT); nested exception is java.sql.SQLIntegrityConstraintViolationException: Cannot add or update a child row: a foreign key constraint fails (`ry-vue`.`wz_rk`, CONSTRAINT `FK_Reference_3` FOREIGN KEY (`rk_tg`) REFERENCES `wz_ly` (`id`) ON DELETE RESTRICT ON UPDATE RESTRICT)', '2021-12-01 10:59:02');
INSERT INTO `sys_oper_log` VALUES (333, '物资入库表', 1, 'com.ruoyi.wzrk.controller.WzRkController.add()', 'POST', 1, 'admin', NULL, '/wzrk/wzrk', '127.0.0.1', '内网IP', '{\"rkBz\":\"11111\",\"rkZt\":2,\"rkSl\":1,\"rkType\":1,\"params\":{},\"rkTime\":1638288000000,\"rkFs\":\"1\",\"rkTg\":1,\"id\":15,\"rkCzry\":\"1\"}', '{\"msg\":\"操作成功\",\"code\":200}', 0, NULL, '2021-12-01 15:16:08');
INSERT INTO `sys_oper_log` VALUES (334, '物资入库表', 3, 'com.ruoyi.wzrk.controller.WzRkController.remove()', 'DELETE', 1, 'admin', NULL, '/wzrk/wzrk/15', '127.0.0.1', '内网IP', '{ids=15}', '{\"msg\":\"操作成功\",\"code\":200}', 0, NULL, '2021-12-01 15:28:52');
INSERT INTO `sys_oper_log` VALUES (335, '物资入库表', 1, 'com.ruoyi.wzrk.controller.WzRkController.add()', 'POST', 1, 'admin', NULL, '/wzrk/wzrk', '127.0.0.1', '内网IP', '{\"rkBz\":\"11\",\"rkZt\":1,\"rkSl\":1,\"rkType\":3,\"rkDh\":\"bfff2a2471f34246b611d1e159265b35\",\"params\":{},\"rkTime\":1638288000000,\"rkFs\":\"11\",\"rkTg\":1,\"id\":16,\"rkCzry\":\"1\"}', '{\"msg\":\"操作成功\",\"code\":200}', 0, NULL, '2021-12-01 15:30:32');
INSERT INTO `sys_oper_log` VALUES (336, '物资入库表', 3, 'com.ruoyi.wzrk.controller.WzRkController.remove()', 'DELETE', 1, 'admin', NULL, '/wzrk/wzrk/16', '127.0.0.1', '内网IP', '{ids=16}', '{\"msg\":\"操作成功\",\"code\":200}', 0, NULL, '2021-12-01 15:34:19');
INSERT INTO `sys_oper_log` VALUES (337, '物资入库表', 1, 'com.ruoyi.wzrk.controller.WzRkController.add()', 'POST', 1, 'admin', NULL, '/wzrk/wzrk', '127.0.0.1', '内网IP', '{\"rkBz\":\"1\",\"rkZt\":1,\"rkSl\":1,\"rkType\":2,\"rkDh\":\"37ceb72eb8634064887de401a7e0bbf2\",\"params\":{},\"rkTime\":1638979200000,\"rkFs\":\"1\",\"rkTg\":1,\"id\":17,\"rkCzry\":\"1\"}', '{\"msg\":\"操作成功\",\"code\":200}', 0, NULL, '2021-12-01 15:35:19');
INSERT INTO `sys_oper_log` VALUES (338, '物资入库表', 3, 'com.ruoyi.wzrk.controller.WzRkController.remove()', 'DELETE', 1, 'admin', NULL, '/wzrk/wzrk/17', '127.0.0.1', '内网IP', '{ids=17}', '{\"msg\":\"操作成功\",\"code\":200}', 0, NULL, '2021-12-01 15:35:40');
INSERT INTO `sys_oper_log` VALUES (339, '物资入库表', 1, 'com.ruoyi.wzrk.controller.WzRkController.add()', 'POST', 1, 'admin', NULL, '/wzrk/wzrk', '127.0.0.1', '内网IP', '{\"rkBz\":\"111\",\"rkZt\":2,\"rkSl\":1,\"rkType\":3,\"rkDh\":\"267f8151d04d40318c81c7c975bd5f38\",\"params\":{},\"rkTime\":1638806400000,\"rkFs\":\"12\",\"rkTg\":1,\"id\":18,\"rkCzry\":\"1\"}', '{\"msg\":\"操作成功\",\"code\":200}', 0, NULL, '2021-12-01 15:37:13');
INSERT INTO `sys_oper_log` VALUES (340, '物资入库表', 3, 'com.ruoyi.wzrk.controller.WzRkController.remove()', 'DELETE', 1, 'admin', NULL, '/wzrk/wzrk/18', '127.0.0.1', '内网IP', '{ids=18}', '{\"msg\":\"操作成功\",\"code\":200}', 0, NULL, '2021-12-01 15:41:44');
INSERT INTO `sys_oper_log` VALUES (341, '物资入库表', 1, 'com.ruoyi.wzrk.controller.WzRkController.add()', 'POST', 1, 'admin', NULL, '/wzrk/wzrk', '127.0.0.1', '内网IP', '{\"rkBz\":\"111\",\"rkZt\":2,\"rkSl\":1,\"rkType\":3,\"rkDh\":\"d4af1d2a5863449a970cb8de6a4c8dde\",\"params\":{},\"rkTime\":1638201600000,\"rkFs\":\"1\",\"rkTg\":1,\"id\":19,\"rkCzry\":\"1\"}', '{\"msg\":\"操作成功\",\"code\":200}', 0, NULL, '2021-12-01 15:45:30');
INSERT INTO `sys_oper_log` VALUES (342, '物资入库表', 1, 'com.ruoyi.wzrk.controller.WzRkController.add()', 'POST', 1, 'admin', NULL, '/wzrk/wzrk', '127.0.0.1', '内网IP', '{\"rkBz\":\"111\",\"rkZt\":2,\"rkSl\":1,\"rkType\":2,\"rkDh\":\"c5907f844d3347c3a476d65a0d7e8f2a\",\"params\":{},\"rkTime\":1638806400000,\"rkFs\":\"1\",\"rkTg\":11,\"rkCzry\":\"1\"}', NULL, 1, '\r\n### Error updating database.  Cause: java.sql.SQLIntegrityConstraintViolationException: Cannot add or update a child row: a foreign key constraint fails (`ry-vue`.`wz_rk`, CONSTRAINT `FK_Reference_3` FOREIGN KEY (`rk_tg`) REFERENCES `wz_ly` (`id`) ON DELETE RESTRICT ON UPDATE RESTRICT)\r\n### The error may exist in file [C:\\Users\\1\\Desktop\\javake\\RuoYi-Vue\\ruoyi-admin\\target\\classes\\mapper\\wzrk\\WzRkMapper.xml]\r\n### The error may involve com.ruoyi.wzrk.mapper.WzRkMapper.insertWzRk-Inline\r\n### The error occurred while setting parameters\r\n### SQL: insert into wz_rk          ( rk_dh,             rk_type,             rk_sl,             rk_fs,             rk_zt,             rk_czry,             rk_tg,             rk_time,             rk_bz )           values ( ?,             ?,             ?,             ?,             ?,             ?,             ?,             ?,             ? )\r\n### Cause: java.sql.SQLIntegrityConstraintViolationException: Cannot add or update a child row: a foreign key constraint fails (`ry-vue`.`wz_rk`, CONSTRAINT `FK_Reference_3` FOREIGN KEY (`rk_tg`) REFERENCES `wz_ly` (`id`) ON DELETE RESTRICT ON UPDATE RESTRICT)\n; Cannot add or update a child row: a foreign key constraint fails (`ry-vue`.`wz_rk`, CONSTRAINT `FK_Reference_3` FOREIGN KEY (`rk_tg`) REFERENCES `wz_ly` (`id`) ON DELETE RESTRICT ON UPDATE RESTRICT); nested exception is java.sql.SQLIntegrityConstraintViolationException: Cannot add or update a child row: a foreign key constraint fails (`ry-vue`.`wz_rk`, CONSTRAINT `FK_Reference_3` FOREIGN KEY (`rk_tg`) REFERENCES `wz_ly` (`id`) ON DELETE RESTRICT ON UPDATE RESTRICT)', '2021-12-01 15:45:47');
INSERT INTO `sys_oper_log` VALUES (343, '物资入库表', 1, 'com.ruoyi.wzrk.controller.WzRkController.add()', 'POST', 1, 'admin', NULL, '/wzrk/wzrk', '127.0.0.1', '内网IP', '{\"rkBz\":\"111\",\"rkZt\":2,\"rkSl\":1,\"rkType\":2,\"rkDh\":\"8f2f291e14ab499fac2019c894f76d36\",\"params\":{},\"rkTime\":1638806400000,\"rkFs\":\"1\",\"rkTg\":1,\"id\":21,\"rkCzry\":\"1\"}', '{\"msg\":\"操作成功\",\"code\":200}', 0, NULL, '2021-12-01 15:45:53');
INSERT INTO `sys_oper_log` VALUES (344, '字典数据', 2, 'com.ruoyi.web.controller.system.SysDictDataController.edit()', 'PUT', 1, 'admin', NULL, '/system/dict/data', '127.0.0.1', '内网IP', '{\"dictValue\":\"2\",\"listClass\":\"info\",\"dictSort\":2,\"params\":{},\"dictType\":\"wz_rkzt\",\"dictLabel\":\"已删除\",\"createBy\":\"admin\",\"default\":false,\"isDefault\":\"N\",\"createTime\":1636889452000,\"dictCode\":105,\"updateBy\":\"admin\",\"status\":\"0\"}', '{\"msg\":\"操作成功\",\"code\":200}', 0, NULL, '2021-12-01 15:47:47');
INSERT INTO `sys_oper_log` VALUES (345, '物资入库表', 1, 'com.ruoyi.wzrk.controller.WzRkController.add()', 'POST', 1, 'admin', NULL, '/wzrk/wzrk', '127.0.0.1', '内网IP', '{\"rkBz\":\"1\",\"rkZt\":0,\"rkSl\":41231,\"rkType\":3,\"rkDh\":\"03a9a1d23ea94847a827654b15255dbe\",\"params\":{},\"rkTime\":1639497600000,\"rkFs\":\"1\",\"rkTg\":1,\"id\":22,\"rkCzry\":\"1\"}', '{\"msg\":\"操作成功\",\"code\":200}', 0, NULL, '2021-12-01 19:12:19');
INSERT INTO `sys_oper_log` VALUES (346, '物资入库表', 2, 'com.ruoyi.wzrk.controller.WzRkController.edit()', 'PUT', 1, 'admin', NULL, '/wzrk/wzrk', '127.0.0.1', '内网IP', '{\"rkBz\":\"1\",\"rkZt\":0,\"rkSl\":41231,\"rkType\":3,\"rkDh\":\"03a9a1d23ea94847a827654b15255dbe\",\"params\":{},\"rkTime\":1639497600000,\"rkFs\":\"1\",\"rkTg\":1,\"id\":22,\"rkCzry\":\"2\"}', '{\"msg\":\"操作成功\",\"code\":200}', 0, NULL, '2021-12-01 19:12:47');
INSERT INTO `sys_oper_log` VALUES (347, '物资入库表', 1, 'com.ruoyi.wzrk.controller.WzRkController.add()', 'POST', 1, 'admin', NULL, '/wzrk/wzrk', '127.0.0.1', '内网IP', '{\"rkBz\":\"111\",\"rkZt\":3,\"rkSl\":1,\"rkType\":1,\"rkDh\":\"b4ceb6db546b4e6fac6742e442ffac74\",\"params\":{},\"rkTime\":1639756800000,\"rkFs\":\"1\",\"rkTg\":1,\"id\":23,\"rkCzry\":\"1\"}', '{\"msg\":\"操作成功\",\"code\":200}', 0, NULL, '2021-12-01 19:39:28');
INSERT INTO `sys_oper_log` VALUES (348, '物资入库表', 2, 'com.ruoyi.wzrk.controller.WzRkController.rk()', 'PUT', 1, 'admin', NULL, '/wzrk/wzrk/rk/19', '127.0.0.1', '内网IP', '19', '{\"msg\":\"操作成功\",\"code\":200}', 0, NULL, '2021-12-01 19:54:02');
INSERT INTO `sys_oper_log` VALUES (349, '物资入库表', 2, 'com.ruoyi.wzrk.controller.WzRkController.rk()', 'PUT', 1, 'admin', NULL, '/wzrk/wzrk/rk/23', '127.0.0.1', '内网IP', '23', '{\"msg\":\"操作成功\",\"code\":200}', 0, NULL, '2021-12-01 19:54:11');
INSERT INTO `sys_oper_log` VALUES (350, '物资入库表', 3, 'com.ruoyi.wzrk.controller.WzRkController.remove()', 'DELETE', 1, 'admin', NULL, '/wzrk/wzrk/19', '127.0.0.1', '内网IP', '{ids=19}', '{\"msg\":\"操作成功\",\"code\":200}', 0, NULL, '2021-12-01 20:06:39');
INSERT INTO `sys_oper_log` VALUES (351, '物资入库表', 3, 'com.ruoyi.wzrk.controller.WzRkController.remove()', 'DELETE', 1, 'admin', NULL, '/wzrk/wzrk/22', '127.0.0.1', '内网IP', '{ids=22}', '{\"msg\":\"操作成功\",\"code\":200}', 0, NULL, '2021-12-01 20:08:32');
INSERT INTO `sys_oper_log` VALUES (352, '物资入库表', 1, 'com.ruoyi.wzrk.controller.WzRkController.add()', 'POST', 1, 'admin', NULL, '/wzrk/wzrk', '127.0.0.1', '内网IP', '{\"rkBz\":\"111\",\"rkZt\":3,\"rkSl\":1,\"rkType\":3,\"rkDh\":\"9b4c60d79e3e4faca12f97314ee9f287\",\"params\":{},\"rkTime\":1638115200000,\"rkFs\":\"1\",\"rkTg\":1,\"id\":24,\"rkCzry\":\"1\"}', '{\"msg\":\"操作成功\",\"code\":200}', 0, NULL, '2021-12-01 20:09:25');
INSERT INTO `sys_oper_log` VALUES (353, '物资入库表', 3, 'com.ruoyi.wzrk.controller.WzRkController.remove()', 'DELETE', 1, 'admin', NULL, '/wzrk/wzrk/24', '127.0.0.1', '内网IP', '{ids=24}', '{\"msg\":\"操作成功\",\"code\":200}', 0, NULL, '2021-12-01 20:09:45');
INSERT INTO `sys_oper_log` VALUES (354, '物资入库表', 3, 'com.ruoyi.wzrk.controller.WzRkController.remove()', 'DELETE', 1, 'admin', NULL, '/wzrk/wzrk/23', '127.0.0.1', '内网IP', '{ids=23}', '{\"msg\":\"操作成功\",\"code\":200}', 0, NULL, '2021-12-01 20:22:40');
INSERT INTO `sys_oper_log` VALUES (355, '物资入库表', 1, 'com.ruoyi.wzrk.controller.WzRkController.add()', 'POST', 1, 'admin', NULL, '/wzrk/wzrk', '127.0.0.1', '内网IP', '{\"rkBz\":\"1111111\",\"rkZt\":3,\"rkSl\":1,\"rkType\":4,\"rkDh\":\"95cd8b09a3ab481ba7f5cf06ddee9d1a\",\"params\":{},\"rkTime\":1636646400000,\"rkFs\":\"1\",\"rkTg\":1,\"id\":25,\"rkCzry\":\"1\"}', '{\"msg\":\"操作成功\",\"code\":200}', 0, NULL, '2021-12-01 20:23:01');
INSERT INTO `sys_oper_log` VALUES (356, '物资入库表', 2, 'com.ruoyi.wzrk.controller.WzRkController.rk()', 'PUT', 1, 'admin', NULL, '/wzrk/wzrk/rk/25', '127.0.0.1', '内网IP', '25', '{\"msg\":\"操作成功\",\"code\":200}', 0, NULL, '2021-12-01 20:25:37');
INSERT INTO `sys_oper_log` VALUES (357, '物资入库表', 3, 'com.ruoyi.wzrk.controller.WzRkController.remove()', 'DELETE', 1, 'admin', NULL, '/wzrk/wzrk/25', '127.0.0.1', '内网IP', '{ids=25}', '{\"msg\":\"操作成功\",\"code\":200}', 0, NULL, '2021-12-01 20:25:52');
INSERT INTO `sys_oper_log` VALUES (358, '物资入库表', 3, 'com.ruoyi.wzrk.controller.WzRkController.remove()', 'DELETE', 1, 'admin', NULL, '/wzrk/wzrk/19', '127.0.0.1', '内网IP', '{ids=19}', '{\"msg\":\"操作成功\",\"code\":200}', 0, NULL, '2021-12-01 20:26:40');
INSERT INTO `sys_oper_log` VALUES (359, '物资入库表', 1, 'com.ruoyi.wzrk.controller.WzRkController.add()', 'POST', 1, 'admin', NULL, '/wzrk/wzrk', '127.0.0.1', '内网IP', '{\"rkBz\":\"11\",\"rkZt\":3,\"rkSl\":1,\"rkType\":2,\"rkDh\":\"f7753e3ed9024d0c98d9ae7a15482b19\",\"params\":{},\"rkTime\":1638374400000,\"rkFs\":\"1\",\"rkTg\":1,\"id\":26,\"rkCzry\":\"1\"}', '{\"msg\":\"操作成功\",\"code\":200}', 0, NULL, '2021-12-01 20:33:12');
INSERT INTO `sys_oper_log` VALUES (360, '物资入库表', 3, 'com.ruoyi.wzrk.controller.WzRkController.remove()', 'DELETE', 1, 'admin', NULL, '/wzrk/wzrk/26', '127.0.0.1', '内网IP', '{ids=26}', '{\"msg\":\"操作成功\",\"code\":200}', 0, NULL, '2021-12-01 20:33:18');
INSERT INTO `sys_oper_log` VALUES (361, '物资入库表', 1, 'com.ruoyi.wzrk.controller.WzRkController.add()', 'POST', 1, 'admin', NULL, '/wzrk/wzrk', '127.0.0.1', '内网IP', '{\"rkBz\":\"111\",\"rkZt\":3,\"rkSl\":1,\"rkType\":2,\"rkDh\":\"ba7fcbccc70b47469113dccafdb471f5\",\"params\":{},\"rkTime\":1638201600000,\"rkFs\":\"1\",\"rkTg\":1,\"id\":27,\"rkCzry\":\"1\"}', '{\"msg\":\"操作成功\",\"code\":200}', 0, NULL, '2021-12-01 20:56:25');
INSERT INTO `sys_oper_log` VALUES (362, '物资入库表', 3, 'com.ruoyi.wzrk.controller.WzRkController.remove()', 'DELETE', 1, 'admin', NULL, '/wzrk/wzrk/27', '127.0.0.1', '内网IP', '{ids=27}', '{\"msg\":\"操作成功\",\"code\":200}', 0, NULL, '2021-12-01 20:56:33');
INSERT INTO `sys_oper_log` VALUES (363, '物资入库表', 1, 'com.ruoyi.wzrk.controller.WzRkController.add()', 'POST', 1, 'admin', NULL, '/wzrk/wzrk', '127.0.0.1', '内网IP', '{\"rkBz\":\"11\",\"rkZt\":3,\"rkSl\":1,\"rkType\":3,\"rkDh\":\"031ac001d2eb4b8e9729fd5fc8aea7d7\",\"params\":{},\"rkTime\":1638806400000,\"rkFs\":\"1\",\"rkTg\":1,\"id\":28,\"rkCzry\":\"1\"}', '{\"msg\":\"操作成功\",\"code\":200}', 0, NULL, '2021-12-01 21:07:22');
INSERT INTO `sys_oper_log` VALUES (364, '物资入库表', 3, 'com.ruoyi.wzrk.controller.WzRkController.remove()', 'DELETE', 1, 'admin', NULL, '/wzrk/wzrk/28', '127.0.0.1', '内网IP', '{ids=28}', '{\"msg\":\"操作成功\",\"code\":200}', 0, NULL, '2021-12-01 21:07:53');
INSERT INTO `sys_oper_log` VALUES (365, '物资入库表', 1, 'com.ruoyi.wzrk.controller.WzRkController.add()', 'POST', 1, 'admin', NULL, '/wzrk/wzrk', '127.0.0.1', '内网IP', '{\"rkBz\":\"111\",\"rkZt\":3,\"rkSl\":1,\"rkType\":1,\"rkDh\":\"6d04e8c0061244bcbbe708102b837a54\",\"params\":{},\"rkTime\":1638892800000,\"rkFs\":\"1\",\"rkTg\":1,\"id\":29,\"rkCzry\":\"1\"}', '{\"msg\":\"操作成功\",\"code\":200}', 0, NULL, '2021-12-02 14:21:27');
INSERT INTO `sys_oper_log` VALUES (366, '物资入库表', 2, 'com.ruoyi.wzrk.controller.WzRkController.rk()', 'PUT', 1, 'admin', NULL, '/wzrk/wzrk/rk/29', '127.0.0.1', '内网IP', '29', '{\"msg\":\"操作成功\",\"code\":200}', 0, NULL, '2021-12-02 14:21:36');
INSERT INTO `sys_oper_log` VALUES (367, '物资入库表', 3, 'com.ruoyi.wzrk.controller.WzRkController.remove()', 'DELETE', 1, 'admin', NULL, '/wzrk/wzrk/29', '127.0.0.1', '内网IP', '{ids=29}', '{\"msg\":\"操作成功\",\"code\":200}', 0, NULL, '2021-12-02 14:21:53');
INSERT INTO `sys_oper_log` VALUES (368, '物资入库表', 1, 'com.ruoyi.wzrk.controller.WzRkController.add()', 'POST', 1, 'admin', NULL, '/wzrk/wzrk', '127.0.0.1', '内网IP', '{\"rkBz\":\"1111\",\"rkZt\":3,\"rkSl\":1,\"rkType\":1,\"rkDh\":\"129399362a224997a557ffe9e8766832\",\"params\":{},\"rkTime\":1638374400000,\"rkFs\":\"1\",\"rkTg\":1,\"id\":30,\"rkCzry\":\"1\"}', '{\"msg\":\"操作成功\",\"code\":200}', 0, NULL, '2021-12-02 14:26:08');
INSERT INTO `sys_oper_log` VALUES (369, '物资入库表', 2, 'com.ruoyi.wzrk.controller.WzRkController.rk()', 'PUT', 1, 'admin', NULL, '/wzrk/wzrk/rk/30', '127.0.0.1', '内网IP', '30', '{\"msg\":\"操作成功\",\"code\":200}', 0, NULL, '2021-12-02 14:26:29');
INSERT INTO `sys_oper_log` VALUES (370, '物资入库表', 3, 'com.ruoyi.wzrk.controller.WzRkController.remove()', 'DELETE', 1, 'admin', NULL, '/wzrk/wzrk/30', '127.0.0.1', '内网IP', '{ids=30}', '{\"msg\":\"操作成功\",\"code\":200}', 0, NULL, '2021-12-02 14:26:52');
INSERT INTO `sys_oper_log` VALUES (371, '物资入库表', 1, 'com.ruoyi.wzrk.controller.WzRkController.add()', 'POST', 1, 'admin', NULL, '/wzrk/wzrk', '127.0.0.1', '内网IP', '{\"rkBz\":\"11\",\"rkZt\":3,\"rkSl\":11,\"rkType\":3,\"rkDh\":\"05dfde731c374679aaf8deb4a7cb355a\",\"params\":{},\"rkTime\":1638201600000,\"rkFs\":\"1\",\"rkTg\":1,\"id\":31,\"rkCzry\":\"1\"}', '{\"msg\":\"操作成功\",\"code\":200}', 0, NULL, '2021-12-02 14:27:27');
INSERT INTO `sys_oper_log` VALUES (372, '物资入库表', 2, 'com.ruoyi.wzrk.controller.WzRkController.edit()', 'PUT', 1, 'admin', NULL, '/wzrk/wzrk', '127.0.0.1', '内网IP', '{\"rkBz\":\"11\",\"rkZt\":3,\"rkSl\":100,\"rkType\":3,\"rkDh\":\"05dfde731c374679aaf8deb4a7cb355a\",\"params\":{},\"rkTime\":1638201600000,\"rkFs\":\"1\",\"rkTg\":1,\"id\":31,\"rkCzry\":\"1\"}', '{\"msg\":\"操作成功\",\"code\":200}', 0, NULL, '2021-12-02 14:27:35');
INSERT INTO `sys_oper_log` VALUES (373, '物资发放', 1, 'com.ruoyi.wzff.controller.WzFfController.add()', 'POST', 1, 'admin', NULL, '/wzff/wzff', '127.0.0.1', '内网IP', '{\"ffLx\":\"1\",\"ffType\":0,\"ffNum\":1,\"ffDh\":\"c4115f52456f4179af22816cff93d859\",\"params\":{},\"ffCd\":\"1\",\"ffCzy\":\"1\",\"ffZt\":0,\"ffBz\":\"1\",\"ffSh\":1,\"id\":6,\"ffTime\":1640102400000}', '{\"msg\":\"操作成功\",\"code\":200}', 0, NULL, '2021-12-02 16:40:14');
INSERT INTO `sys_oper_log` VALUES (374, '物资入库表', 1, 'com.ruoyi.wzrk.controller.WzRkController.add()', 'POST', 1, 'admin', NULL, '/wzrk/wzrk', '127.0.0.1', '内网IP', '{\"rkBz\":\"1\",\"rkZt\":3,\"rkSl\":1,\"rkType\":1,\"rkDh\":\"6efc9e32ed624f7da0f27ec97baf0d76\",\"params\":{},\"rkTime\":1638892800000,\"rkFs\":\"1\",\"rkTg\":1,\"id\":32,\"rkCzry\":\"1\"}', '{\"msg\":\"操作成功\",\"code\":200}', 0, NULL, '2021-12-02 16:41:12');
INSERT INTO `sys_oper_log` VALUES (375, '物资发放', 1, 'com.ruoyi.wzff.controller.WzFfController.add()', 'POST', 1, 'admin', NULL, '/wzff/wzff', '127.0.0.1', '内网IP', '{\"ffLx\":\"1\",\"ffType\":0,\"ffNum\":1,\"ffDh\":\"9d8df2a172484128a85a8a9b94b2dc46\",\"params\":{},\"ffCd\":\"1\",\"ffCzy\":\"1\",\"ffZt\":0,\"ffBz\":\"1\",\"ffSh\":1,\"id\":7,\"ffTime\":1640102400000}', '{\"msg\":\"操作成功\",\"code\":200}', 0, NULL, '2021-12-02 16:41:21');
INSERT INTO `sys_oper_log` VALUES (376, '字典数据', 2, 'com.ruoyi.web.controller.system.SysDictDataController.edit()', 'PUT', 1, 'admin', NULL, '/system/dict/data', '127.0.0.1', '内网IP', '{\"dictValue\":\"4\",\"listClass\":\"info\",\"dictSort\":3,\"params\":{},\"dictType\":\"wz_zt\",\"dictLabel\":\"已删除\",\"createBy\":\"admin\",\"default\":false,\"isDefault\":\"N\",\"createTime\":1636889948000,\"dictCode\":116,\"updateBy\":\"admin\",\"status\":\"0\"}', '{\"msg\":\"操作成功\",\"code\":200}', 0, NULL, '2021-12-02 16:47:52');
INSERT INTO `sys_oper_log` VALUES (377, '字典数据', 2, 'com.ruoyi.web.controller.system.SysDictDataController.edit()', 'PUT', 1, 'admin', NULL, '/system/dict/data', '127.0.0.1', '内网IP', '{\"dictValue\":\"1\",\"listClass\":\"danger\",\"dictSort\":1,\"params\":{},\"dictType\":\"wz_zt\",\"dictLabel\":\"待审核\",\"createBy\":\"admin\",\"default\":false,\"isDefault\":\"N\",\"createTime\":1636889960000,\"dictCode\":117,\"updateBy\":\"admin\",\"status\":\"0\"}', '{\"msg\":\"操作成功\",\"code\":200}', 0, NULL, '2021-12-02 16:48:06');
INSERT INTO `sys_oper_log` VALUES (378, '字典数据', 2, 'com.ruoyi.web.controller.system.SysDictDataController.edit()', 'PUT', 1, 'admin', NULL, '/system/dict/data', '127.0.0.1', '内网IP', '{\"dictValue\":\"2\",\"listClass\":\"success\",\"dictSort\":2,\"params\":{},\"dictType\":\"wz_zt\",\"dictLabel\":\"正常\",\"createBy\":\"admin\",\"default\":false,\"isDefault\":\"N\",\"createTime\":1636889939000,\"dictCode\":115,\"updateBy\":\"admin\",\"status\":\"0\"}', '{\"msg\":\"操作成功\",\"code\":200}', 0, NULL, '2021-12-02 16:48:16');
INSERT INTO `sys_oper_log` VALUES (379, '字典数据', 2, 'com.ruoyi.web.controller.system.SysDictDataController.edit()', 'PUT', 1, 'admin', NULL, '/system/dict/data', '127.0.0.1', '内网IP', '{\"dictValue\":\"3\",\"listClass\":\"info\",\"dictSort\":3,\"params\":{},\"dictType\":\"wz_zt\",\"dictLabel\":\"已删除\",\"createBy\":\"admin\",\"default\":false,\"isDefault\":\"N\",\"createTime\":1636889948000,\"dictCode\":116,\"updateBy\":\"admin\",\"status\":\"0\"}', '{\"msg\":\"操作成功\",\"code\":200}', 0, NULL, '2021-12-02 16:48:22');
INSERT INTO `sys_oper_log` VALUES (380, '字典数据', 2, 'com.ruoyi.web.controller.system.SysDictDataController.edit()', 'PUT', 1, 'admin', NULL, '/system/dict/data', '127.0.0.1', '内网IP', '{\"dictValue\":\"3\",\"listClass\":\"info\",\"dictSort\":3,\"params\":{},\"dictType\":\"wz_yszt\",\"dictLabel\":\"已送达\",\"createBy\":\"admin\",\"default\":false,\"isDefault\":\"N\",\"createTime\":1636890245000,\"dictCode\":120,\"updateBy\":\"admin\",\"status\":\"0\"}', '{\"msg\":\"操作成功\",\"code\":200}', 0, NULL, '2021-12-02 16:48:53');
INSERT INTO `sys_oper_log` VALUES (381, '字典数据', 2, 'com.ruoyi.web.controller.system.SysDictDataController.edit()', 'PUT', 1, 'admin', NULL, '/system/dict/data', '127.0.0.1', '内网IP', '{\"dictValue\":\"2\",\"listClass\":\"success\",\"dictSort\":2,\"params\":{},\"dictType\":\"wz_yszt\",\"dictLabel\":\"运输中\",\"createBy\":\"admin\",\"default\":false,\"isDefault\":\"N\",\"createTime\":1636890221000,\"dictCode\":119,\"updateBy\":\"admin\",\"status\":\"0\"}', '{\"msg\":\"操作成功\",\"code\":200}', 0, NULL, '2021-12-02 16:49:06');
INSERT INTO `sys_oper_log` VALUES (382, '字典数据', 2, 'com.ruoyi.web.controller.system.SysDictDataController.edit()', 'PUT', 1, 'admin', NULL, '/system/dict/data', '127.0.0.1', '内网IP', '{\"dictValue\":\"1\",\"listClass\":\"primary\",\"dictSort\":1,\"params\":{},\"dictType\":\"wz_yszt\",\"dictLabel\":\"装货中\",\"createBy\":\"admin\",\"default\":false,\"isDefault\":\"N\",\"createTime\":1636890203000,\"dictCode\":118,\"updateBy\":\"admin\",\"status\":\"0\"}', '{\"msg\":\"操作成功\",\"code\":200}', 0, NULL, '2021-12-02 16:49:14');
INSERT INTO `sys_oper_log` VALUES (383, '字典数据', 1, 'com.ruoyi.web.controller.system.SysDictDataController.add()', 'POST', 1, 'admin', NULL, '/system/dict/data', '127.0.0.1', '内网IP', '{\"dictValue\":\"4\",\"listClass\":\"info\",\"dictSort\":4,\"params\":{},\"dictType\":\"wz_yszt\",\"dictLabel\":\"已删除\",\"createBy\":\"admin\",\"default\":false,\"status\":\"0\"}', '{\"msg\":\"操作成功\",\"code\":200}', 0, NULL, '2021-12-02 16:49:32');
INSERT INTO `sys_oper_log` VALUES (384, '字典数据', 2, 'com.ruoyi.web.controller.system.SysDictDataController.edit()', 'PUT', 1, 'admin', NULL, '/system/dict/data', '127.0.0.1', '内网IP', '{\"dictValue\":\"3\",\"listClass\":\"danger\",\"dictSort\":3,\"params\":{},\"dictType\":\"wz_yszt\",\"dictLabel\":\"已送达\",\"createBy\":\"admin\",\"default\":false,\"isDefault\":\"N\",\"createTime\":1636890245000,\"dictCode\":120,\"updateBy\":\"admin\",\"status\":\"0\"}', '{\"msg\":\"操作成功\",\"code\":200}', 0, NULL, '2021-12-02 16:49:44');
INSERT INTO `sys_oper_log` VALUES (385, '字典数据', 2, 'com.ruoyi.web.controller.system.SysDictDataController.edit()', 'PUT', 1, 'admin', NULL, '/system/dict/data', '127.0.0.1', '内网IP', '{\"dictValue\":\"4\",\"listClass\":\"primary\",\"dictSort\":4,\"params\":{},\"dictType\":\"wz_rkzt\",\"dictLabel\":\"已入库\",\"createBy\":\"admin\",\"default\":false,\"isDefault\":\"N\",\"createTime\":1636889433000,\"dictCode\":104,\"updateBy\":\"admin\",\"status\":\"0\"}', '{\"msg\":\"操作成功\",\"code\":200}', 0, NULL, '2021-12-02 16:50:21');
INSERT INTO `sys_oper_log` VALUES (386, '字典数据', 2, 'com.ruoyi.web.controller.system.SysDictDataController.edit()', 'PUT', 1, 'admin', NULL, '/system/dict/data', '127.0.0.1', '内网IP', '{\"dictValue\":\"1\",\"listClass\":\"warning\",\"dictSort\":1,\"params\":{},\"dictType\":\"wz_rkzt\",\"dictLabel\":\"待审核\",\"createBy\":\"admin\",\"default\":false,\"isDefault\":\"N\",\"createTime\":1636889472000,\"dictCode\":106,\"updateBy\":\"admin\",\"status\":\"0\"}', '{\"msg\":\"操作成功\",\"code\":200}', 0, NULL, '2021-12-02 16:50:32');
INSERT INTO `sys_oper_log` VALUES (387, '字典数据', 2, 'com.ruoyi.web.controller.system.SysDictDataController.edit()', 'PUT', 1, 'admin', NULL, '/system/dict/data', '127.0.0.1', '内网IP', '{\"dictValue\":\"3\",\"listClass\":\"info\",\"dictSort\":3,\"params\":{},\"dictType\":\"wz_rkzt\",\"dictLabel\":\"已删除\",\"createBy\":\"admin\",\"default\":false,\"isDefault\":\"N\",\"createTime\":1636889452000,\"dictCode\":105,\"updateBy\":\"admin\",\"status\":\"0\"}', '{\"msg\":\"操作成功\",\"code\":200}', 0, NULL, '2021-12-02 16:50:41');
INSERT INTO `sys_oper_log` VALUES (388, '字典数据', 2, 'com.ruoyi.web.controller.system.SysDictDataController.edit()', 'PUT', 1, 'admin', NULL, '/system/dict/data', '127.0.0.1', '内网IP', '{\"dictValue\":\"2\",\"listClass\":\"primary\",\"dictSort\":2,\"params\":{},\"dictType\":\"wz_rkzt\",\"dictLabel\":\"已入库\",\"createBy\":\"admin\",\"default\":false,\"isDefault\":\"N\",\"createTime\":1636889433000,\"dictCode\":104,\"updateBy\":\"admin\",\"status\":\"0\"}', '{\"msg\":\"操作成功\",\"code\":200}', 0, NULL, '2021-12-02 16:50:54');
INSERT INTO `sys_oper_log` VALUES (389, '字典数据', 2, 'com.ruoyi.web.controller.system.SysDictDataController.edit()', 'PUT', 1, 'admin', NULL, '/system/dict/data', '127.0.0.1', '内网IP', '{\"dictValue\":\"3\",\"listClass\":\"info\",\"dictSort\":3,\"params\":{},\"dictType\":\"wz_ckzt\",\"dictLabel\":\"已删除\",\"createBy\":\"admin\",\"default\":false,\"isDefault\":\"N\",\"createTime\":1636889787000,\"dictCode\":113,\"updateBy\":\"admin\",\"status\":\"0\"}', '{\"msg\":\"操作成功\",\"code\":200}', 0, NULL, '2021-12-02 16:51:31');
INSERT INTO `sys_oper_log` VALUES (390, '字典数据', 2, 'com.ruoyi.web.controller.system.SysDictDataController.edit()', 'PUT', 1, 'admin', NULL, '/system/dict/data', '127.0.0.1', '内网IP', '{\"dictValue\":\"1\",\"listClass\":\"warning\",\"dictSort\":1,\"params\":{},\"dictType\":\"wz_ckzt\",\"dictLabel\":\"待审核\",\"createBy\":\"admin\",\"default\":false,\"isDefault\":\"N\",\"createTime\":1636889819000,\"dictCode\":114,\"updateBy\":\"admin\",\"status\":\"0\"}', '{\"msg\":\"操作成功\",\"code\":200}', 0, NULL, '2021-12-02 16:51:44');
INSERT INTO `sys_oper_log` VALUES (391, '字典数据', 2, 'com.ruoyi.web.controller.system.SysDictDataController.edit()', 'PUT', 1, 'admin', NULL, '/system/dict/data', '127.0.0.1', '内网IP', '{\"dictValue\":\"2\",\"listClass\":\"primary\",\"dictSort\":2,\"params\":{},\"dictType\":\"wz_ckzt\",\"dictLabel\":\"已发放\",\"createBy\":\"admin\",\"default\":false,\"isDefault\":\"N\",\"createTime\":1636889775000,\"dictCode\":112,\"updateBy\":\"admin\",\"status\":\"0\"}', '{\"msg\":\"操作成功\",\"code\":200}', 0, NULL, '2021-12-02 16:51:53');
INSERT INTO `sys_oper_log` VALUES (392, '物资入库表', 1, 'com.ruoyi.wzrk.controller.WzRkController.add()', 'POST', 1, 'admin', NULL, '/wzrk/wzrk', '127.0.0.1', '内网IP', '{\"rkBz\":\"1\",\"rkZt\":1,\"rkSl\":1,\"rkType\":1,\"rkDh\":\"582e73d4bfc34a0586bcbc19dc9b7d70\",\"params\":{},\"rkTime\":1638547200000,\"rkFs\":\"11\",\"rkTg\":1,\"id\":33,\"rkCzry\":\"1\"}', '{\"msg\":\"操作成功\",\"code\":200}', 0, NULL, '2021-12-02 16:56:23');
INSERT INTO `sys_oper_log` VALUES (393, '物资入库表', 2, 'com.ruoyi.wzrk.controller.WzRkController.rk()', 'PUT', 1, 'admin', NULL, '/wzrk/wzrk/rk/33', '127.0.0.1', '内网IP', '33', '{\"msg\":\"操作成功\",\"code\":200}', 0, NULL, '2021-12-02 16:56:31');
INSERT INTO `sys_oper_log` VALUES (394, '物资入库表', 2, 'com.ruoyi.wzrk.controller.WzRkController.edit()', 'PUT', 1, 'admin', NULL, '/wzrk/wzrk', '127.0.0.1', '内网IP', '{\"rkBz\":\"1\",\"rkZt\":2,\"rkSl\":1000,\"rkType\":1,\"rkDh\":\"582e73d4bfc34a0586bcbc19dc9b7d70\",\"params\":{},\"rkTime\":1638547200000,\"rkFs\":\"11\",\"rkTg\":1,\"id\":33,\"rkCzry\":\"1\"}', '{\"msg\":\"操作成功\",\"code\":200}', 0, NULL, '2021-12-02 16:56:39');
INSERT INTO `sys_oper_log` VALUES (395, '物资入库表', 3, 'com.ruoyi.wzrk.controller.WzRkController.remove()', 'DELETE', 1, 'admin', NULL, '/wzrk/wzrk/33', '127.0.0.1', '内网IP', '{ids=33}', '{\"msg\":\"操作成功\",\"code\":200}', 0, NULL, '2021-12-02 16:56:45');
INSERT INTO `sys_oper_log` VALUES (396, '字典数据', 2, 'com.ruoyi.web.controller.system.SysDictDataController.edit()', 'PUT', 1, 'admin', NULL, '/system/dict/data', '127.0.0.1', '内网IP', '{\"dictValue\":\"5\",\"listClass\":\"primary\",\"dictSort\":5,\"params\":{},\"dictType\":\"wz_lqnx\",\"dictLabel\":\"政府\",\"createBy\":\"admin\",\"default\":false,\"isDefault\":\"N\",\"createTime\":1636889624000,\"dictCode\":107,\"updateBy\":\"admin\",\"status\":\"0\"}', '{\"msg\":\"操作成功\",\"code\":200}', 0, NULL, '2021-12-02 16:58:13');
INSERT INTO `sys_oper_log` VALUES (397, '字典数据', 2, 'com.ruoyi.web.controller.system.SysDictDataController.edit()', 'PUT', 1, 'admin', NULL, '/system/dict/data', '127.0.0.1', '内网IP', '{\"dictValue\":\"3\",\"listClass\":\"primary\",\"dictSort\":2,\"params\":{},\"dictType\":\"wz_mxnx\",\"dictLabel\":\"入库\",\"createBy\":\"admin\",\"default\":false,\"isDefault\":\"N\",\"createTime\":1636954425000,\"dictCode\":121,\"updateBy\":\"admin\",\"status\":\"0\"}', '{\"msg\":\"操作成功\",\"code\":200}', 0, NULL, '2021-12-02 16:58:48');
INSERT INTO `sys_oper_log` VALUES (398, '字典数据', 2, 'com.ruoyi.web.controller.system.SysDictDataController.edit()', 'PUT', 1, 'admin', NULL, '/system/dict/data', '127.0.0.1', '内网IP', '{\"dictValue\":\"3\",\"listClass\":\"primary\",\"dictSort\":1,\"params\":{},\"dictType\":\"wz_mxnx\",\"dictLabel\":\"入库\",\"createBy\":\"admin\",\"default\":false,\"isDefault\":\"N\",\"createTime\":1636954425000,\"dictCode\":121,\"updateBy\":\"admin\",\"status\":\"0\"}', '{\"msg\":\"操作成功\",\"code\":200}', 0, NULL, '2021-12-02 16:59:03');
INSERT INTO `sys_oper_log` VALUES (399, '字典数据', 2, 'com.ruoyi.web.controller.system.SysDictDataController.edit()', 'PUT', 1, 'admin', NULL, '/system/dict/data', '127.0.0.1', '内网IP', '{\"dictValue\":\"1\",\"listClass\":\"success\",\"dictSort\":3,\"params\":{},\"dictType\":\"wz_mxnx\",\"dictLabel\":\"出库\",\"createBy\":\"admin\",\"default\":false,\"isDefault\":\"N\",\"createTime\":1636954436000,\"dictCode\":122,\"updateBy\":\"admin\",\"status\":\"0\"}', '{\"msg\":\"操作成功\",\"code\":200}', 0, NULL, '2021-12-02 16:59:16');
INSERT INTO `sys_oper_log` VALUES (400, '字典数据', 2, 'com.ruoyi.web.controller.system.SysDictDataController.edit()', 'PUT', 1, 'admin', NULL, '/system/dict/data', '127.0.0.1', '内网IP', '{\"dictValue\":\"3\",\"listClass\":\"success\",\"dictSort\":3,\"params\":{},\"dictType\":\"wz_mxnx\",\"dictLabel\":\"出库\",\"createBy\":\"admin\",\"default\":false,\"isDefault\":\"N\",\"createTime\":1636954436000,\"dictCode\":122,\"updateBy\":\"admin\",\"status\":\"0\"}', '{\"msg\":\"操作成功\",\"code\":200}', 0, NULL, '2021-12-02 16:59:25');
INSERT INTO `sys_oper_log` VALUES (401, '字典数据', 2, 'com.ruoyi.web.controller.system.SysDictDataController.edit()', 'PUT', 1, 'admin', NULL, '/system/dict/data', '127.0.0.1', '内网IP', '{\"dictValue\":\"3\",\"listClass\":\"primary\",\"dictSort\":1,\"params\":{},\"dictType\":\"wz_mxnx\",\"dictLabel\":\"入库\",\"createBy\":\"admin\",\"default\":false,\"isDefault\":\"N\",\"createTime\":1636954425000,\"dictCode\":121,\"updateBy\":\"admin\",\"status\":\"0\"}', '{\"msg\":\"操作成功\",\"code\":200}', 0, NULL, '2021-12-02 16:59:34');
INSERT INTO `sys_oper_log` VALUES (402, '字典数据', 2, 'com.ruoyi.web.controller.system.SysDictDataController.edit()', 'PUT', 1, 'admin', NULL, '/system/dict/data', '127.0.0.1', '内网IP', '{\"dictValue\":\"3\",\"listClass\":\"primary\",\"dictSort\":1,\"params\":{},\"dictType\":\"wz_mxnx\",\"dictLabel\":\"入库\",\"createBy\":\"admin\",\"default\":false,\"isDefault\":\"N\",\"createTime\":1636954425000,\"dictCode\":121,\"updateBy\":\"admin\",\"status\":\"0\"}', '{\"msg\":\"操作成功\",\"code\":200}', 0, NULL, '2021-12-02 16:59:39');
INSERT INTO `sys_oper_log` VALUES (403, '字典数据', 2, 'com.ruoyi.web.controller.system.SysDictDataController.edit()', 'PUT', 1, 'admin', NULL, '/system/dict/data', '127.0.0.1', '内网IP', '{\"dictValue\":\"1\",\"listClass\":\"primary\",\"dictSort\":1,\"params\":{},\"dictType\":\"wz_mxnx\",\"dictLabel\":\"入库\",\"createBy\":\"admin\",\"default\":false,\"isDefault\":\"N\",\"createTime\":1636954425000,\"dictCode\":121,\"updateBy\":\"admin\",\"status\":\"0\"}', '{\"msg\":\"操作成功\",\"code\":200}', 0, NULL, '2021-12-02 16:59:52');
INSERT INTO `sys_oper_log` VALUES (404, '物资发放', 2, 'com.ruoyi.wzff.controller.WzFfController.edit()', 'PUT', 1, 'admin', NULL, '/wzff/wzff', '127.0.0.1', '内网IP', '{\"ffLx\":\"1\",\"ffType\":1,\"ffNum\":1,\"ffDh\":\"9d8df2a172484128a85a8a9b94b2dc46\",\"params\":{},\"ffCd\":\"1\",\"ffCzy\":\"1\",\"ffZt\":0,\"ffBz\":\"1\",\"ffSh\":1,\"id\":7,\"ffTime\":1640102400000}', '{\"msg\":\"操作成功\",\"code\":200}', 0, NULL, '2021-12-02 17:01:25');
INSERT INTO `sys_oper_log` VALUES (405, '物资发放', 2, 'com.ruoyi.wzff.controller.WzFfController.edit()', 'PUT', 1, 'admin', NULL, '/wzff/wzff', '127.0.0.1', '内网IP', '{\"ffLx\":\"1\",\"ffType\":1,\"ffNum\":1,\"ffDh\":\"9d8df2a172484128a85a8a9b94b2dc46\",\"params\":{},\"ffCd\":\"1\",\"ffCzy\":\"1\",\"ffZt\":1,\"ffBz\":\"1\",\"ffSh\":1,\"id\":7,\"ffTime\":1640102400000}', '{\"msg\":\"操作成功\",\"code\":200}', 0, NULL, '2021-12-02 17:01:39');
INSERT INTO `sys_oper_log` VALUES (406, '物资发放', 1, 'com.ruoyi.wzff.controller.WzFfController.add()', 'POST', 1, 'admin', NULL, '/wzff/wzff', '127.0.0.1', '内网IP', '{\"ffLx\":\"1\",\"ffType\":4,\"ffNum\":1,\"ffDh\":\"9abacbe43f93424c885523764aae7920\",\"params\":{},\"ffCd\":\"1\",\"ffCzy\":\"1\",\"ffZt\":1,\"ffBz\":\"11\",\"ffSh\":1,\"id\":8,\"ffTime\":1640620800000}', '{\"msg\":\"操作成功\",\"code\":200}', 0, NULL, '2021-12-02 17:02:05');
INSERT INTO `sys_oper_log` VALUES (407, '物资发放', 1, 'com.ruoyi.wzff.controller.WzFfController.add()', 'POST', 1, 'admin', NULL, '/wzff/wzff', '127.0.0.1', '内网IP', '{\"ffLx\":\"1\",\"ffType\":1,\"ffNum\":1,\"ffDh\":\"8d69e5b5407d4ba9aacbfcb1b55987f5\",\"params\":{},\"ffCd\":\"1\",\"ffCzy\":\"1\",\"ffZt\":1,\"ffBz\":\"1\",\"ffSh\":1,\"id\":9,\"ffTime\":1640707200000}', '{\"msg\":\"操作成功\",\"code\":200}', 0, NULL, '2021-12-02 17:05:55');
INSERT INTO `sys_oper_log` VALUES (408, '物资发放表', 2, 'com.ruoyi.wzff.controller.WzFfController.ff()', 'PUT', 1, 'admin', NULL, '/wzff/wzff/ff/9', '127.0.0.1', '内网IP', '9', '{\"msg\":\"操作成功\",\"code\":200}', 0, NULL, '2021-12-02 17:06:11');
INSERT INTO `sys_oper_log` VALUES (409, '物资发放表', 2, 'com.ruoyi.wzff.controller.WzFfController.ff()', 'PUT', 1, 'admin', NULL, '/wzff/wzff/ff/8', '127.0.0.1', '内网IP', '8', '{\"msg\":\"操作成功\",\"code\":200}', 0, NULL, '2021-12-02 17:06:17');
INSERT INTO `sys_oper_log` VALUES (410, '物资发放', 3, 'com.ruoyi.wzff.controller.WzFfController.remove()', 'DELETE', 1, 'admin', NULL, '/wzff/wzff/9', '127.0.0.1', '内网IP', '{ids=9}', '{\"msg\":\"操作成功\",\"code\":200}', 0, NULL, '2021-12-02 17:09:06');
INSERT INTO `sys_oper_log` VALUES (411, '物资运输', 1, 'com.ruoyi.wzys.controller.WzYsController.add()', 'POST', 1, 'admin', NULL, '/wzys/wzys', '127.0.0.1', '内网IP', '{\"ysLxfs\":\"1\",\"ysWz\":\"1\",\"ysDh\":\"84310c89f9e3443386af768194f4d7c9\",\"ysCh\":1,\"ysRh\":1,\"ysBz\":\"11\",\"params\":{},\"ysZt\":0,\"ysDtime\":1638892800000,\"ysFzr\":\"1\",\"id\":7,\"ysCl\":1,\"ysLx\":\"1\",\"ysQtime\":1639411200000}', '{\"msg\":\"操作成功\",\"code\":200}', 0, NULL, '2021-12-02 19:08:42');
INSERT INTO `sys_oper_log` VALUES (412, '物资运输', 3, 'com.ruoyi.wzys.controller.WzYsController.remove()', 'DELETE', 1, 'admin', NULL, '/wzys/wzys/7', '127.0.0.1', '内网IP', '{ids=7}', '{\"msg\":\"操作成功\",\"code\":200}', 0, NULL, '2021-12-02 19:18:40');
INSERT INTO `sys_oper_log` VALUES (413, '物资运输', 1, 'com.ruoyi.wzys.controller.WzYsController.add()', 'POST', 1, 'admin', NULL, '/wzys/wzys', '127.0.0.1', '内网IP', '{\"ysLxfs\":\"1\",\"ysWz\":\"1\",\"ysDh\":\"bcb9f87c78894befacbce9443f0273c1\",\"ysCh\":1,\"ysRh\":1,\"ysBz\":\"1\",\"params\":{},\"ysZt\":1,\"ysDtime\":1640016000000,\"ysFzr\":\"1\",\"id\":8,\"ysCl\":1,\"ysLx\":\"1\",\"ysQtime\":1640016000000}', '{\"msg\":\"操作成功\",\"code\":200}', 0, NULL, '2021-12-02 19:23:38');
INSERT INTO `sys_oper_log` VALUES (414, '物资运输表', 2, 'com.ruoyi.wzys.controller.WzYsController.ys()', 'PUT', 1, 'admin', NULL, '/wzys/wzys/ys/8', '127.0.0.1', '内网IP', '8', '{\"msg\":\"操作成功\",\"code\":200}', 0, NULL, '2021-12-02 19:24:23');
INSERT INTO `sys_oper_log` VALUES (415, '物资运输表', 2, 'com.ruoyi.wzys.controller.WzYsController.ys()', 'PUT', 1, 'admin', NULL, '/wzys/wzys/ys/8', '127.0.0.1', '内网IP', '8', '{\"msg\":\"操作成功\",\"code\":200}', 0, NULL, '2021-12-02 19:25:59');
INSERT INTO `sys_oper_log` VALUES (416, '物资运输表', 2, 'com.ruoyi.wzys.controller.WzYsController.sd()', 'PUT', 1, 'admin', NULL, '/wzys/wzys/sd/8', '127.0.0.1', '内网IP', '8', '{\"msg\":\"操作成功\",\"code\":200}', 0, NULL, '2021-12-02 19:26:06');
INSERT INTO `sys_oper_log` VALUES (417, '物资运输', 3, 'com.ruoyi.wzys.controller.WzYsController.remove()', 'DELETE', 1, 'admin', NULL, '/wzys/wzys/8', '127.0.0.1', '内网IP', '{ids=8}', '{\"msg\":\"操作成功\",\"code\":200}', 0, NULL, '2021-12-02 19:26:12');
INSERT INTO `sys_oper_log` VALUES (418, '物资运输', 3, 'com.ruoyi.wzys.controller.WzYsController.remove()', 'DELETE', 1, 'admin', NULL, '/wzys/wzys/8', '127.0.0.1', '内网IP', '{ids=8}', '{\"msg\":\"操作成功\",\"code\":200}', 0, NULL, '2021-12-02 19:27:34');
INSERT INTO `sys_oper_log` VALUES (419, '物资运输', 1, 'com.ruoyi.wzys.controller.WzYsController.add()', 'POST', 1, 'admin', NULL, '/wzys/wzys', '127.0.0.1', '内网IP', '{\"ysLxfs\":\"1\",\"ysWz\":\"1\",\"ysDh\":\"fd804c161b67470890e63f203a4efd81\",\"ysCh\":1,\"ysRh\":1,\"ysBz\":\"11\",\"params\":{},\"ysZt\":1,\"ysDtime\":1639584000000,\"ysFzr\":\"1\",\"id\":9,\"ysCl\":1,\"ysLx\":\"1\",\"ysQtime\":1640016000000}', '{\"msg\":\"操作成功\",\"code\":200}', 0, NULL, '2021-12-02 19:30:04');
INSERT INTO `sys_oper_log` VALUES (420, '物资运输表', 2, 'com.ruoyi.wzys.controller.WzYsController.ys()', 'PUT', 1, 'admin', NULL, '/wzys/wzys/ys/9', '127.0.0.1', '内网IP', '9', '{\"msg\":\"操作成功\",\"code\":200}', 0, NULL, '2021-12-02 19:30:45');
INSERT INTO `sys_oper_log` VALUES (421, '物资运输表', 2, 'com.ruoyi.wzys.controller.WzYsController.sd()', 'PUT', 1, 'admin', NULL, '/wzys/wzys/sd/9', '127.0.0.1', '内网IP', '9', '{\"msg\":\"操作成功\",\"code\":200}', 0, NULL, '2021-12-02 19:30:49');
INSERT INTO `sys_oper_log` VALUES (422, '物资运输', 2, 'com.ruoyi.wzys.controller.WzYsController.edit()', 'PUT', 1, 'admin', NULL, '/wzys/wzys', '127.0.0.1', '内网IP', '{\"ysLxfs\":\"1956165\",\"ysWz\":\"1\",\"ysDh\":\"fd804c161b67470890e63f203a4efd81\",\"ysCh\":1,\"ysRh\":1,\"ysBz\":\"11\",\"params\":{},\"ysZt\":3,\"ysDtime\":1639584000000,\"ysFzr\":\"1\",\"id\":9,\"ysCl\":1,\"ysLx\":\"1\",\"ysQtime\":1640016000000}', '{\"msg\":\"操作成功\",\"code\":200}', 0, NULL, '2021-12-02 19:31:04');
INSERT INTO `sys_oper_log` VALUES (423, '物资运输', 3, 'com.ruoyi.wzys.controller.WzYsController.remove()', 'DELETE', 1, 'admin', NULL, '/wzys/wzys/9', '127.0.0.1', '内网IP', '{ids=9}', '{\"msg\":\"操作成功\",\"code\":200}', 0, NULL, '2021-12-02 19:31:10');
INSERT INTO `sys_oper_log` VALUES (424, '物资运输', 3, 'com.ruoyi.wzys.controller.WzYsController.remove()', 'DELETE', 1, 'admin', NULL, '/wzys/wzys/9', '127.0.0.1', '内网IP', '{ids=9}', '{\"msg\":\"操作成功\",\"code\":200}', 0, NULL, '2021-12-02 19:31:59');
INSERT INTO `sys_oper_log` VALUES (425, '物资资料', 2, 'com.ruoyi.wzwz.controller.WzWzController.pz()', 'PUT', 1, 'admin', NULL, '/wzwz/wzwz/pz/1', '127.0.0.1', '内网IP', '1', '{\"msg\":\"操作成功\",\"code\":200}', 0, NULL, '2021-12-02 19:44:18');
INSERT INTO `sys_oper_log` VALUES (426, '物资资料', 2, 'com.ruoyi.wzwz.controller.WzWzController.pz()', 'PUT', 1, 'admin', NULL, '/wzwz/wzwz/pz/2', '127.0.0.1', '内网IP', '2', '{\"msg\":\"操作成功\",\"code\":200}', 0, NULL, '2021-12-02 19:44:56');
INSERT INTO `sys_oper_log` VALUES (427, '物资资料', 2, 'com.ruoyi.wzwz.controller.WzWzController.pz()', 'PUT', 1, 'admin', NULL, '/wzwz/wzwz/pz/1', '127.0.0.1', '内网IP', '1', '{\"msg\":\"操作成功\",\"code\":200}', 0, NULL, '2021-12-02 19:46:11');
INSERT INTO `sys_oper_log` VALUES (428, '物资入库表', 1, 'com.ruoyi.wzrk.controller.WzRkController.add()', 'POST', 1, 'admin', NULL, '/wzrk/wzrk', '127.0.0.1', '内网IP', '{\"rkBz\":\"111\",\"rkZt\":1,\"rkSl\":1,\"rkType\":3,\"rkDh\":\"37eccaf8a1744e419eaea43826368897\",\"params\":{},\"rkTime\":1638720000000,\"rkFs\":\"1\",\"rkTg\":1,\"id\":34,\"rkCzry\":\"1\"}', '{\"msg\":\"操作成功\",\"code\":200}', 0, NULL, '2021-12-02 21:01:56');
INSERT INTO `sys_oper_log` VALUES (429, '物资运输', 1, 'com.ruoyi.wzys.controller.WzYsController.add()', 'POST', 1, 'admin', NULL, '/wzys/wzys', '127.0.0.1', '内网IP', '{\"ysLxfs\":\"1\",\"ysWz\":\"1\",\"ysDh\":\"3bcaba85d54748d5bfc635e411d1945f\",\"ysCh\":1,\"ysRh\":1,\"ysBz\":\"1\",\"params\":{},\"ysZt\":1,\"ysDtime\":1640275200000,\"ysFzr\":\"1\",\"id\":10,\"ysCl\":1,\"ysLx\":\"1\",\"ysQtime\":1639929600000}', '{\"msg\":\"操作成功\",\"code\":200}', 0, NULL, '2021-12-03 22:22:00');
INSERT INTO `sys_oper_log` VALUES (430, '物资发放', 1, 'com.ruoyi.wzff.controller.WzFfController.add()', 'POST', 1, 'admin', NULL, '/wzff/wzff', '127.0.0.1', '内网IP', '{\"ffLx\":\"1\",\"ffType\":2,\"ffNum\":1,\"ffDh\":\"e555a51b79094911a7db1b58079e58a4\",\"params\":{},\"ffCd\":\"11\",\"ffCzy\":\"1\",\"ffZt\":1,\"ffBz\":\"1\",\"ffSh\":1,\"id\":10,\"ffTime\":1639497600000}', '{\"msg\":\"操作成功\",\"code\":200}', 0, NULL, '2021-12-03 22:43:54');
INSERT INTO `sys_oper_log` VALUES (431, '物资发放', 1, 'com.ruoyi.wzff.controller.WzFfController.add()', 'POST', 1, 'admin', NULL, '/wzff/wzff', '127.0.0.1', '内网IP', '{\"ffLx\":\"1\",\"ffType\":1,\"ffNum\":1,\"ffDh\":\"48ea3b28878042839cbed01e86e70cba\",\"params\":{},\"ffCd\":\"1\",\"ffCzy\":\"1\",\"ffZt\":1,\"ffBz\":\"111\",\"ffSh\":1,\"id\":11,\"ffTime\":1640188800000}', '{\"msg\":\"操作成功\",\"code\":200}', 0, NULL, '2021-12-03 22:44:05');
INSERT INTO `sys_oper_log` VALUES (432, '物资入库表', 1, 'com.ruoyi.wzrk.controller.WzRkController.add()', 'POST', 1, 'admin', NULL, '/wzrk/wzrk', '127.0.0.1', '内网IP', '{\"rkBz\":\"111\",\"rkZt\":1,\"rkSl\":1,\"rkType\":1,\"rkDh\":\"2258bdcee5be4fada12945731c45f225\",\"params\":{},\"rkTime\":1639584000000,\"rkFs\":\"1\",\"rkCk\":1,\"rkTg\":1,\"rkCzry\":\"1\"}', NULL, 1, 'nested exception is org.apache.ibatis.reflection.ReflectionException: There is no getter for property named \'rkCK\' in \'class com.ruoyi.wzrk.domain.WzRk\'', '2021-12-04 12:18:18');
INSERT INTO `sys_oper_log` VALUES (433, '物资入库表', 1, 'com.ruoyi.wzrk.controller.WzRkController.add()', 'POST', 1, 'admin', NULL, '/wzrk/wzrk', '127.0.0.1', '内网IP', '{\"rkBz\":\"111\",\"rkZt\":1,\"rkSl\":1,\"rkType\":1,\"rkDh\":\"904cf07305b54c5183f20439dec2c489\",\"params\":{},\"rkTime\":1639584000000,\"rkFs\":\"1\",\"rkCk\":1,\"rkTg\":1,\"rkCzry\":\"1\"}', NULL, 1, 'nested exception is org.apache.ibatis.reflection.ReflectionException: There is no getter for property named \'rkCK\' in \'class com.ruoyi.wzrk.domain.WzRk\'', '2021-12-04 12:18:51');
INSERT INTO `sys_oper_log` VALUES (434, '物资入库表', 1, 'com.ruoyi.wzrk.controller.WzRkController.add()', 'POST', 1, 'admin', NULL, '/wzrk/wzrk', '127.0.0.1', '内网IP', '{\"rkBz\":\"111\",\"rkZt\":1,\"rkSl\":1,\"rkType\":1,\"rkDh\":\"7bec48ea0a3b48669e94cb315434acc4\",\"params\":{},\"rkTime\":1639584000000,\"rkFs\":\"1\",\"rkCk\":1,\"rkTg\":1,\"rkCzry\":\"1\"}', NULL, 1, 'nested exception is org.apache.ibatis.reflection.ReflectionException: There is no getter for property named \'rkCK\' in \'class com.ruoyi.wzrk.domain.WzRk\'', '2021-12-04 12:18:55');
INSERT INTO `sys_oper_log` VALUES (435, '物资入库表', 1, 'com.ruoyi.wzrk.controller.WzRkController.add()', 'POST', 1, 'admin', NULL, '/wzrk/wzrk', '127.0.0.1', '内网IP', '{\"rkBz\":\"111\",\"rkZt\":1,\"rkSl\":1,\"rkType\":1,\"rkDh\":\"3292bd967c264377970b2c4372521465\",\"params\":{},\"rkTime\":1639584000000,\"rkFs\":\"1\",\"rkCk\":1,\"rkTg\":1,\"id\":35,\"rkCzry\":\"1\"}', '{\"msg\":\"操作成功\",\"code\":200}', 0, NULL, '2021-12-04 12:20:56');
INSERT INTO `sys_oper_log` VALUES (436, '物资入库表', 2, 'com.ruoyi.wzrk.controller.WzRkController.edit()', 'PUT', 1, 'admin', NULL, '/wzrk/wzrk', '127.0.0.1', '内网IP', '{\"rkBz\":\"111\",\"rkZt\":1,\"rkSl\":100,\"rkType\":1,\"rkDh\":\"3292bd967c264377970b2c4372521465\",\"params\":{},\"rkTime\":1639584000000,\"rkFs\":\"1\",\"rkCk\":1,\"rkTg\":1,\"id\":35,\"rkCzry\":\"1\"}', '{\"msg\":\"操作成功\",\"code\":200}', 0, NULL, '2021-12-04 12:21:10');
INSERT INTO `sys_oper_log` VALUES (437, '物资入库表', 2, 'com.ruoyi.wzrk.controller.WzRkController.rk()', 'PUT', 1, 'admin', NULL, '/wzrk/wzrk/rk/35', '127.0.0.1', '内网IP', '35', '{\"msg\":\"操作成功\",\"code\":200}', 0, NULL, '2021-12-04 12:21:22');
INSERT INTO `sys_oper_log` VALUES (438, '物资入库表', 2, 'com.ruoyi.wzrk.controller.WzRkController.rk()', 'PUT', 1, 'admin', NULL, '/wzrk/wzrk/rk/35', '127.0.0.1', '内网IP', '35', '{\"msg\":\"操作成功\",\"code\":200}', 0, NULL, '2021-12-04 12:21:39');
INSERT INTO `sys_oper_log` VALUES (439, '物资入库表', 3, 'com.ruoyi.wzrk.controller.WzRkController.remove()', 'DELETE', 1, 'admin', NULL, '/wzrk/wzrk/35', '127.0.0.1', '内网IP', '{ids=35}', '{\"msg\":\"操作成功\",\"code\":200}', 0, NULL, '2021-12-04 12:22:08');
INSERT INTO `sys_oper_log` VALUES (440, '物资入库表', 2, 'com.ruoyi.wzrk.controller.WzRkController.rk()', 'PUT', 1, 'admin', NULL, '/wzrk/wzrk/rk/35', '127.0.0.1', '内网IP', '35', '{\"msg\":\"操作成功\",\"code\":200}', 0, NULL, '2021-12-04 12:22:54');
INSERT INTO `sys_oper_log` VALUES (441, '物资入库表', 2, 'com.ruoyi.wzrk.controller.WzRkController.rk()', 'PUT', 1, 'admin', NULL, '/wzrk/wzrk/rk/35', '127.0.0.1', '内网IP', '35', '{\"msg\":\"操作成功\",\"code\":200}', 0, NULL, '2021-12-04 12:24:43');
INSERT INTO `sys_oper_log` VALUES (442, '物资入库表', 3, 'com.ruoyi.wzrk.controller.WzRkController.remove()', 'DELETE', 1, 'admin', NULL, '/wzrk/wzrk/35', '127.0.0.1', '内网IP', '{ids=35}', '{\"msg\":\"操作成功\",\"code\":200}', 0, NULL, '2021-12-04 12:24:48');
INSERT INTO `sys_oper_log` VALUES (443, '物资发放', 1, 'com.ruoyi.wzff.controller.WzFfController.add()', 'POST', 1, 'admin', NULL, '/wzff/wzff', '127.0.0.1', '内网IP', '{\"ffLx\":\"1\",\"ffCk\":1,\"ffType\":1,\"ffNum\":1,\"ffDh\":\"7d53d587e9b742118db1856526724fe1\",\"params\":{},\"ffCd\":\"1\",\"ffCzy\":\"1\",\"ffZt\":1,\"ffBz\":\"11\",\"ffSh\":1,\"id\":12,\"ffTime\":1640707200000}', '{\"msg\":\"操作成功\",\"code\":200}', 0, NULL, '2021-12-04 12:34:56');
INSERT INTO `sys_oper_log` VALUES (444, '物资发放', 3, 'com.ruoyi.wzff.controller.WzFfController.remove()', 'DELETE', 1, 'admin', NULL, '/wzff/wzff/12', '127.0.0.1', '内网IP', '{ids=12}', '{\"msg\":\"操作成功\",\"code\":200}', 0, NULL, '2021-12-04 12:35:03');
INSERT INTO `sys_oper_log` VALUES (445, '物资发放', 1, 'com.ruoyi.wzff.controller.WzFfController.add()', 'POST', 1, 'admin', NULL, '/wzff/wzff', '127.0.0.1', '内网IP', '{\"ffLx\":\"1\",\"ffCk\":1,\"ffType\":1,\"ffNum\":1,\"ffDh\":\"0d970a9220ec43b3b31bc244c17da637\",\"params\":{},\"ffCd\":\"1\",\"ffCzy\":\"1\",\"ffZt\":1,\"ffBz\":\"11\",\"ffSh\":1,\"id\":13,\"ffTime\":1639584000000}', '{\"msg\":\"操作成功\",\"code\":200}', 0, NULL, '2021-12-04 12:35:20');
INSERT INTO `sys_oper_log` VALUES (446, '物资发放表', 2, 'com.ruoyi.wzff.controller.WzFfController.ff()', 'PUT', 1, 'admin', NULL, '/wzff/wzff/ff/13', '127.0.0.1', '内网IP', '13', '{\"msg\":\"操作成功\",\"code\":200}', 0, NULL, '2021-12-04 12:35:26');
INSERT INTO `sys_oper_log` VALUES (447, '物资发放', 3, 'com.ruoyi.wzff.controller.WzFfController.remove()', 'DELETE', 1, 'admin', NULL, '/wzff/wzff/13', '127.0.0.1', '内网IP', '{ids=13}', '{\"msg\":\"操作成功\",\"code\":200}', 0, NULL, '2021-12-04 12:35:31');
INSERT INTO `sys_oper_log` VALUES (448, '物资明细', 3, 'com.ruoyi.wzmx.controller.WzMxController.remove()', 'DELETE', 1, 'admin', NULL, '/wzmx/wzmx/11,12', '127.0.0.1', '内网IP', '{ids=11,12}', '{\"msg\":\"操作成功\",\"code\":200}', 0, NULL, '2021-12-04 20:40:49');
INSERT INTO `sys_oper_log` VALUES (449, '物资入库表', 1, 'com.ruoyi.wzrk.controller.WzRkController.add()', 'POST', 1, 'admin', NULL, '/wzrk/wzrk/1/1', '127.0.0.1', '内网IP', '{\"rkBz\":\"11\",\"rkZt\":1,\"rkSl\":1,\"rkType\":1,\"rkDh\":\"0c1b8979cc5a4799af6de49f4e5cf10d\",\"params\":{},\"rkTime\":1639929600000,\"rkFs\":\"1\",\"rkCk\":1,\"rkTg\":1,\"id\":36,\"rkCzry\":\"1\"} [1] [1]', '{\"msg\":\"操作成功\",\"code\":200}', 0, NULL, '2021-12-05 13:46:59');
INSERT INTO `sys_oper_log` VALUES (450, '物资入库表', 1, 'com.ruoyi.wzrk.controller.WzRkController.add()', 'POST', 1, 'admin', NULL, '/wzrk/wzrk/1,2/1,1', '127.0.0.1', '内网IP', '{\"rkBz\":\"11\",\"rkZt\":1,\"rkSl\":1,\"rkType\":1,\"rkDh\":\"c3390e3262ef4f0a95521f58d61d1900\",\"params\":{},\"rkTime\":1639843200000,\"rkFs\":\"1\",\"rkCk\":1,\"rkTg\":1,\"id\":37,\"rkCzry\":\"1\"} [1,2] [1,1]', '{\"msg\":\"操作成功\",\"code\":200}', 0, NULL, '2021-12-05 13:48:14');
INSERT INTO `sys_oper_log` VALUES (451, '物资入库表', 1, 'com.ruoyi.wzrk.controller.WzRkController.add()', 'POST', 1, 'admin', NULL, '/wzrk/wzrk/1,2/1,1', '127.0.0.1', '内网IP', '{\"rkBz\":\"11\",\"rkZt\":1,\"rkSl\":1,\"rkType\":1,\"rkDh\":\"1bddced2907047df8b1b31356bda3fca\",\"params\":{},\"rkTime\":1639843200000,\"rkFs\":\"1\",\"rkCk\":1,\"rkTg\":1,\"id\":38,\"rkCzry\":\"1\"} [1,2] [1,1]', '{\"msg\":\"操作成功\",\"code\":200}', 0, NULL, '2021-12-05 13:48:14');
INSERT INTO `sys_oper_log` VALUES (452, '物资入库表', 1, 'com.ruoyi.wzrk.controller.WzRkController.add()', 'POST', 1, 'admin', NULL, '/wzrk/wzrk/1,2/1,1', '127.0.0.1', '内网IP', '{\"rkBz\":\"11\",\"rkZt\":1,\"rkSl\":1,\"rkType\":1,\"rkDh\":\"39d9dbbbc8334dd9bdad4a20cece31f2\",\"params\":{},\"rkTime\":1639843200000,\"rkFs\":\"1\",\"rkCk\":1,\"rkTg\":1,\"id\":39,\"rkCzry\":\"1\"} [1,2] [1,1]', '{\"msg\":\"操作成功\",\"code\":200}', 0, NULL, '2021-12-05 13:48:42');
INSERT INTO `sys_oper_log` VALUES (453, '物资入库表', 1, 'com.ruoyi.wzrk.controller.WzRkController.add()', 'POST', 1, 'admin', NULL, '/wzrk/wzrk/1,2/1,1', '127.0.0.1', '内网IP', '{\"rkBz\":\"111\",\"rkZt\":1,\"rkSl\":1,\"rkType\":3,\"rkDh\":\"a325b13b218a435f917acfe60a13bf2c\",\"params\":{},\"rkTime\":1640793600000,\"rkFs\":\"1\",\"rkCk\":1,\"rkTg\":1,\"id\":40,\"rkCzry\":\"1\"} [1,2] [1,1]', '{\"msg\":\"操作成功\",\"code\":200}', 0, NULL, '2021-12-05 13:53:23');
INSERT INTO `sys_oper_log` VALUES (454, '物资入库表', 1, 'com.ruoyi.wzrk.controller.WzRkController.add()', 'POST', 1, 'admin', NULL, '/wzrk/wzrk/1,2/6,1', '127.0.0.1', '内网IP', '{\"rkBz\":\"11\",\"rkZt\":1,\"rkSl\":1,\"rkType\":1,\"rkDh\":\"f81e9e73132d415e9070b7aa9853a6a1\",\"params\":{},\"rkTime\":1638979200000,\"rkFs\":\"1\",\"rkCk\":1,\"rkTg\":1,\"id\":41,\"rkCzry\":\"1\"} [1,2] [6,1]', '{\"msg\":\"操作成功\",\"code\":200}', 0, NULL, '2021-12-05 13:59:57');
INSERT INTO `sys_oper_log` VALUES (455, '物资入库表', 1, 'com.ruoyi.wzrk.controller.WzRkController.add()', 'POST', 1, 'admin', NULL, '/wzrk/wzrk/1,2/8,8', '127.0.0.1', '内网IP', '{\"rkBz\":\"11\",\"rkZt\":1,\"rkSl\":1,\"rkType\":1,\"rkDh\":\"d13a80e957944ad8984e6df110b544b6\",\"params\":{},\"rkTime\":1638979200000,\"rkFs\":\"1\",\"rkCk\":1,\"rkTg\":1,\"id\":42,\"rkCzry\":\"1\"} [1,2] [8,8]', '{\"msg\":\"操作成功\",\"code\":200}', 0, NULL, '2021-12-05 14:00:47');
INSERT INTO `sys_oper_log` VALUES (456, '物资入库表', 1, 'com.ruoyi.wzrk.controller.WzRkController.add()', 'POST', 1, 'admin', NULL, '/wzrk/wzrk/2,1/8,12', '127.0.0.1', '内网IP', '{\"rkBz\":\"11\",\"rkZt\":1,\"rkSl\":1,\"rkType\":1,\"rkDh\":\"93afd42207334a2e84f6bd03443a7ac9\",\"params\":{},\"rkTime\":1638979200000,\"rkFs\":\"1\",\"rkCk\":1,\"rkTg\":1,\"id\":43,\"rkCzry\":\"1\"} [2,1] [8,12]', '{\"msg\":\"操作成功\",\"code\":200}', 0, NULL, '2021-12-05 14:02:33');
INSERT INTO `sys_oper_log` VALUES (457, '物资入库表', 1, 'com.ruoyi.wzrk.controller.WzRkController.add()', 'POST', 1, 'admin', NULL, '/wzrk/wzrk/2,1/8,16', '127.0.0.1', '内网IP', '{\"rkBz\":\"11\",\"rkZt\":1,\"rkSl\":1,\"rkType\":1,\"rkDh\":\"f7874707d5be42a397b640f29620caf4\",\"params\":{},\"rkTime\":1638979200000,\"rkFs\":\"1\",\"rkCk\":1,\"rkTg\":1,\"id\":44,\"rkCzry\":\"1\"} [2,1] [8,16]', '{\"msg\":\"操作成功\",\"code\":200}', 0, NULL, '2021-12-05 14:03:00');
INSERT INTO `sys_oper_log` VALUES (458, '物资入库表', 1, 'com.ruoyi.wzrk.controller.WzRkController.add()', 'POST', 1, 'admin', NULL, '/wzrk/wzrk/2,1/8,16', '127.0.0.1', '内网IP', '{\"rkBz\":\"11\",\"rkZt\":1,\"rkSl\":1,\"rkType\":1,\"rkDh\":\"1587b03f8545421c9c99e402453f4851\",\"params\":{},\"rkTime\":1638979200000,\"rkFs\":\"1\",\"rkCk\":1,\"rkTg\":1,\"id\":45,\"rkCzry\":\"1\"} [2,1] [8,16]', '{\"msg\":\"操作成功\",\"code\":200}', 0, NULL, '2021-12-05 14:03:16');
INSERT INTO `sys_oper_log` VALUES (459, '物资入库表', 1, 'com.ruoyi.wzrk.controller.WzRkController.add()', 'POST', 1, 'admin', NULL, '/wzrk/wzrk/1,2/18,10', '127.0.0.1', '内网IP', '{\"rkBz\":\"11\",\"rkZt\":1,\"rkSl\":1,\"rkType\":1,\"rkDh\":\"d46a0ba956ef421fa763487dbcb18369\",\"params\":{},\"rkTime\":1638979200000,\"rkFs\":\"1\",\"rkCk\":1,\"rkTg\":1,\"id\":46,\"rkCzry\":\"1\"} [1,2] [18,10]', '{\"msg\":\"操作成功\",\"code\":200}', 0, NULL, '2021-12-05 14:08:26');
INSERT INTO `sys_oper_log` VALUES (460, '物资入库表', 1, 'com.ruoyi.wzrk.controller.WzRkController.add()', 'POST', 1, 'admin', NULL, '/wzrk/wzrk/1,2/6,9', '127.0.0.1', '内网IP', '{\"rkBz\":\"11\",\"rkZt\":1,\"rkSl\":1,\"rkType\":1,\"rkDh\":\"9ee18d2d472e4d61b489024258fa99f6\",\"params\":{},\"rkTime\":1638288000000,\"rkFs\":\"1\",\"rkCk\":1,\"rkTg\":1,\"id\":47,\"rkCzry\":\"1\"} [1,2] [6,9]', '{\"msg\":\"操作成功\",\"code\":200}', 0, NULL, '2021-12-05 14:09:37');
INSERT INTO `sys_oper_log` VALUES (461, '物资入库表', 1, 'com.ruoyi.wzrk.controller.WzRkController.add()', 'POST', 1, 'admin', NULL, '/wzrk/wzrk/2,1/2,4', '127.0.0.1', '内网IP', '{\"rkBz\":\"1\",\"rkZt\":1,\"rkSl\":1,\"rkType\":1,\"rkDh\":\"0d5672d37b8740a2a49071b550216cc2\",\"params\":{},\"rkTime\":1639670400000,\"rkFs\":\"1\",\"rkCk\":1,\"rkTg\":1,\"id\":48,\"rkCzry\":\"1\"} [2,1] [2,4]', '{\"msg\":\"操作成功\",\"code\":200}', 0, NULL, '2021-12-05 14:26:27');
INSERT INTO `sys_oper_log` VALUES (462, '物资入库表', 1, 'com.ruoyi.wzrk.controller.WzRkController.add()', 'POST', 1, 'admin', NULL, '/wzrk/wzrk/1,2/3,3', '127.0.0.1', '内网IP', '{\"rkBz\":\"11\",\"rkZt\":1,\"rkSl\":2,\"rkType\":1,\"rkDh\":\"a1f81dc7524445d0a4214762985044b4\",\"params\":{},\"rkTime\":1638979200000,\"rkFs\":\"1\",\"rkCk\":1,\"rkTg\":1,\"id\":49,\"rkCzry\":\"1\"} [1,2] [3,3]', '{\"msg\":\"操作成功\",\"code\":200}', 0, NULL, '2021-12-05 14:29:10');
INSERT INTO `sys_oper_log` VALUES (463, '物资入库表', 1, 'com.ruoyi.wzrk.controller.WzRkController.add()', 'POST', 1, 'admin', NULL, '/wzrk/wzrk/1,2/6,5', '127.0.0.1', '内网IP', '{\"rkBz\":\"11\",\"rkZt\":1,\"rkSl\":2,\"rkType\":1,\"rkDh\":\"c59a3cc2dcee4e8ea91c17cfe2656f17\",\"params\":{},\"rkTime\":1638374400000,\"rkFs\":\"1\",\"rkCk\":1,\"rkTg\":1,\"id\":51,\"rkCzry\":\"1\"} [1,2] [6,5]', '{\"msg\":\"操作成功\",\"code\":200}', 0, NULL, '2021-12-05 14:49:33');
INSERT INTO `sys_oper_log` VALUES (464, '物资入库表', 1, 'com.ruoyi.wzrk.controller.WzRkController.add()', 'POST', 1, 'admin', NULL, '/wzrk/wzrk/1,2/5,1', '127.0.0.1', '内网IP', '{\"rkBz\":\"11\",\"rkZt\":1,\"rkSl\":2,\"rkType\":1,\"rkDh\":\"1174e2ba52b04834b840fa91ff08be1e\",\"params\":{},\"rkTime\":1638547200000,\"rkFs\":\"1\",\"rkCk\":1,\"rkTg\":1,\"id\":52,\"rkCzry\":\"1\"} [1,2] [5,1]', '{\"msg\":\"操作成功\",\"code\":200}', 0, NULL, '2021-12-05 18:38:49');
INSERT INTO `sys_oper_log` VALUES (465, '物资明细', 3, 'com.ruoyi.wzmx.controller.WzMxController.remove()', 'DELETE', 1, 'admin', NULL, '/wzmx/wzmx/3,2', '127.0.0.1', '内网IP', '{ids=3,2}', '{\"msg\":\"操作成功\",\"code\":200}', 0, NULL, '2021-12-05 18:39:40');
INSERT INTO `sys_oper_log` VALUES (466, '物资入库表', 1, 'com.ruoyi.wzrk.controller.WzRkController.add()', 'POST', 1, 'admin', NULL, '/wzrk/wzrk/1,2/5,3', '127.0.0.1', '内网IP', '{\"rkBz\":\"11\",\"rkZt\":1,\"rkSl\":2,\"rkType\":1,\"rkDh\":\"73c759f54d1947eab5377e1c68e1081f\",\"params\":{},\"rkTime\":1638374400000,\"rkFs\":\"1\",\"rkCk\":1,\"rkTg\":1,\"id\":53,\"rkCzry\":\"1\"} [1,2] [5,3]', NULL, 1, '', '2021-12-05 19:02:09');
INSERT INTO `sys_oper_log` VALUES (467, '物资入库表', 1, 'com.ruoyi.wzrk.controller.WzRkController.add()', 'POST', 1, 'admin', NULL, '/wzrk/wzrk/1,2/5,3', '127.0.0.1', '内网IP', '{\"rkBz\":\"11\",\"rkZt\":1,\"rkSl\":2,\"rkType\":1,\"rkDh\":\"7268be40c7cc4dd7a965729aa1911164\",\"params\":{},\"rkTime\":1638374400000,\"rkFs\":\"1\",\"rkCk\":1,\"rkTg\":1,\"id\":54,\"rkCzry\":\"1\"} [1,2] [5,3]', NULL, 1, '', '2021-12-05 19:02:38');
INSERT INTO `sys_oper_log` VALUES (468, '物资入库表', 1, 'com.ruoyi.wzrk.controller.WzRkController.add()', 'POST', 1, 'admin', NULL, '/wzrk/wzrk/1,2/5,3', '127.0.0.1', '内网IP', '{\"rkBz\":\"11\",\"rkZt\":1,\"rkSl\":2,\"rkType\":1,\"rkDh\":\"b26792a8729646e2bd57aa7eda7f4311\",\"params\":{},\"rkTime\":1638374400000,\"rkFs\":\"1\",\"rkCk\":1,\"rkTg\":1,\"id\":55,\"rkCzry\":\"1\"} [1,2] [5,3]', '{\"msg\":\"操作成功\",\"code\":200}', 0, NULL, '2021-12-05 19:04:16');
INSERT INTO `sys_oper_log` VALUES (469, '物资入库表', 1, 'com.ruoyi.wzrk.controller.WzRkController.add()', 'POST', 1, 'admin', NULL, '/wzrk/wzrk/1,2/4,2', '127.0.0.1', '内网IP', '{\"rkBz\":\"11\",\"rkZt\":1,\"rkSl\":2,\"rkType\":3,\"rkDh\":\"0c2bff69a7d44a8290af8a6ed0032d6e\",\"params\":{},\"rkTime\":1638547200000,\"rkFs\":\"1\",\"rkCk\":1,\"rkTg\":1,\"id\":56,\"rkCzry\":\"1\"} [1,2] [4,2]', '{\"msg\":\"操作成功\",\"code\":200}', 0, NULL, '2021-12-05 19:07:58');
INSERT INTO `sys_oper_log` VALUES (470, '物资库存', 3, 'com.ruoyi.wzkc.controller.WzKcController.remove()', 'DELETE', 1, 'admin', NULL, '/wzkc/wzkc/2', '127.0.0.1', '内网IP', '{ids=2}', '{\"msg\":\"操作成功\",\"code\":200}', 0, NULL, '2021-12-05 19:08:33');
INSERT INTO `sys_oper_log` VALUES (471, '物资入库表', 1, 'com.ruoyi.wzrk.controller.WzRkController.add()', 'POST', 1, 'admin', NULL, '/wzrk/wzrk/1,2/10,10', '127.0.0.1', '内网IP', '{\"rkBz\":\"11\",\"rkZt\":1,\"rkSl\":2,\"rkType\":1,\"rkDh\":\"36a711b0729448aba6fff50837fcebc2\",\"params\":{},\"rkTime\":1639584000000,\"rkFs\":\"1\",\"rkCk\":1,\"rkTg\":1,\"id\":57,\"rkCzry\":\"1\"} [1,2] [10,10]', '{\"msg\":\"操作成功\",\"code\":200}', 0, NULL, '2021-12-05 19:09:03');
INSERT INTO `sys_oper_log` VALUES (472, '物资运输', 1, 'com.ruoyi.wzys.controller.WzYsController.add()', 'POST', 1, 'admin', NULL, '/wzys/wzys/1,3/6,4', '127.0.0.1', '内网IP', '{\"ysLxfs\":\"1\",\"ysWz\":\"1\",\"ysDh\":\"7def9853c6d34d89a72d0452b4ee4856\",\"ysCh\":1,\"ysRh\":1,\"ysBz\":\"1\",\"params\":{},\"ysZt\":1,\"ysDtime\":1639929600000,\"ysFzr\":\"1\",\"id\":11,\"ysCl\":1,\"ysLx\":\"1\",\"ysQtime\":1639843200000} [1,3] [6,4]', '{\"msg\":\"操作成功\",\"code\":200}', 0, NULL, '2021-12-05 20:58:34');
INSERT INTO `sys_oper_log` VALUES (473, '物资运输', 1, 'com.ruoyi.wzys.controller.WzYsController.add()', 'POST', 1, 'admin', NULL, '/wzys/wzys/1,3/4,2', '127.0.0.1', '内网IP', '{\"ysLxfs\":\"1\",\"ysWz\":\"1\",\"ysDh\":\"be42f143f5fe41e09a7f58c6e4e8af1d\",\"ysCh\":1,\"ysRh\":1,\"ysBz\":\"11\",\"params\":{},\"ysZt\":1,\"ysDtime\":1640275200000,\"ysFzr\":\"1\",\"id\":12,\"ysCl\":1,\"ysLx\":\"1\",\"ysQtime\":1639324800000} [1,3] [4,2]', '{\"msg\":\"操作成功\",\"code\":200}', 0, NULL, '2021-12-05 22:58:46');
INSERT INTO `sys_oper_log` VALUES (474, '物资运输', 1, 'com.ruoyi.wzys.controller.WzYsController.add()', 'POST', 1, 'admin', NULL, '/wzys/wzys/1,3/1,3', '127.0.0.1', '内网IP', '{\"ysLxfs\":\"1\",\"ysWz\":\"1\",\"ysDh\":\"e58c581a6c59401aaf88496bb14ac290\",\"ysCh\":1,\"ysRh\":1,\"ysBz\":\"11\",\"params\":{},\"ysZt\":1,\"ysDtime\":1640016000000,\"ysFzr\":\"1\",\"id\":13,\"ysCl\":1,\"ysLx\":\"1\",\"ysQtime\":1638892800000} [1,3] [1,3]', '{\"msg\":\"操作成功\",\"code\":200}', 0, NULL, '2021-12-05 23:00:02');
INSERT INTO `sys_oper_log` VALUES (475, '物资运输', 1, 'com.ruoyi.wzys.controller.WzYsController.add()', 'POST', 1, 'admin', NULL, '/wzys/wzys/1,3/5,5', '127.0.0.1', '内网IP', '{\"ysLxfs\":\"1\",\"ysWz\":\"1\",\"ysDh\":\"717e1f78f794443180dde72d21dabb06\",\"ysCh\":1,\"ysRh\":1,\"ysBz\":\"11\",\"params\":{},\"ysZt\":1,\"ysDtime\":1640016000000,\"ysFzr\":\"1\",\"id\":14,\"ysCl\":1,\"ysLx\":\"1\",\"ysQtime\":1639411200000} [1,3] [5,5]', '{\"msg\":\"操作成功\",\"code\":200}', 0, NULL, '2021-12-05 23:01:41');
INSERT INTO `sys_oper_log` VALUES (476, '物资运输', 1, 'com.ruoyi.wzys.controller.WzYsController.add()', 'POST', 1, 'admin', NULL, '/wzys/wzys/1,3/2,1', '127.0.0.1', '内网IP', '{\"ysLxfs\":\"1\",\"ysWz\":\"1\",\"ysDh\":\"20ebfac9017f47439ed50ddbba9d10d8\",\"ysCh\":1,\"ysRh\":1,\"ysBz\":\"111\",\"params\":{},\"ysZt\":1,\"ysDtime\":1640188800000,\"ysFzr\":\"1\",\"id\":15,\"ysCl\":1,\"ysLx\":\"1\",\"ysQtime\":1640016000000} [1,3] [2,1]', '{\"msg\":\"操作成功\",\"code\":200}', 0, NULL, '2021-12-05 23:16:29');
INSERT INTO `sys_oper_log` VALUES (477, '物资发放', 1, 'com.ruoyi.wzff.controller.WzFfController.add()', 'POST', 1, 'admin', NULL, '/wzff/wzff/1,3/2,2', '127.0.0.1', '内网IP', '{\"ffLx\":\"1\",\"ffCk\":1,\"ffType\":1,\"ffNum\":1,\"ffDh\":\"f1d977edc85e4b1eb67a9fbb80bf6040\",\"params\":{},\"ffCd\":\"1\",\"ffCzy\":\"1\",\"ffZt\":1,\"ffBz\":\"11\",\"ffSh\":1,\"id\":14,\"ffTime\":1639584000000} [1,3] [2,2]', '{\"msg\":\"操作成功\",\"code\":200}', 0, NULL, '2021-12-06 14:05:35');
INSERT INTO `sys_oper_log` VALUES (478, '物资发放', 1, 'com.ruoyi.wzff.controller.WzFfController.add()', 'POST', 1, 'admin', NULL, '/wzff/wzff/1,3/2,2', '127.0.0.1', '内网IP', '{\"ffLx\":\"1\",\"ffCk\":1,\"ffType\":1,\"ffNum\":1,\"ffDh\":\"c55a34152dc348cab56141372ed67dbf\",\"params\":{},\"ffCd\":\"1\",\"ffCzy\":\"1\",\"ffZt\":1,\"ffBz\":\"11\",\"ffSh\":1,\"id\":15,\"ffTime\":1638892800000} [1,3] [2,2]', '{\"msg\":\"操作成功\",\"code\":200}', 0, NULL, '2021-12-06 14:08:21');
INSERT INTO `sys_oper_log` VALUES (479, '物资发放', 1, 'com.ruoyi.wzff.controller.WzFfController.add()', 'POST', 1, 'admin', NULL, '/wzff/wzff/1,3/2,2', '127.0.0.1', '内网IP', '{\"ffLx\":\"1\",\"ffCk\":1,\"ffType\":1,\"ffNum\":1,\"ffDh\":\"09c54826b7fe416ca35084c9b1d646c0\",\"params\":{},\"ffCd\":\"1\",\"ffCzy\":\"1\",\"ffZt\":1,\"ffBz\":\"11\",\"ffSh\":1,\"id\":16,\"ffTime\":1640793600000} [1,3] [2,2]', '{\"msg\":\"操作成功\",\"code\":200}', 0, NULL, '2021-12-06 14:16:55');
INSERT INTO `sys_oper_log` VALUES (480, '物资库存', 2, 'com.ruoyi.wzkc.controller.WzKcController.edit()', 'PUT', 1, 'admin', NULL, '/wzkc/wzkc', '127.0.0.1', '内网IP', '{\"kcWzid\":1,\"num\":20,\"ckCkid\":1,\"id\":1,\"params\":{}}', '{\"msg\":\"操作成功\",\"code\":200}', 0, NULL, '2021-12-06 14:17:18');
INSERT INTO `sys_oper_log` VALUES (481, '物资库存', 2, 'com.ruoyi.wzkc.controller.WzKcController.edit()', 'PUT', 1, 'admin', NULL, '/wzkc/wzkc', '127.0.0.1', '内网IP', '{\"kcWzid\":2,\"num\":20,\"ckCkid\":1,\"id\":3,\"params\":{}}', '{\"msg\":\"操作成功\",\"code\":200}', 0, NULL, '2021-12-06 14:17:22');
INSERT INTO `sys_oper_log` VALUES (482, '物资运输表', 2, 'com.ruoyi.wzys.controller.WzYsController.ys()', 'PUT', 1, 'admin', NULL, '/wzys/wzys/ys/15', '127.0.0.1', '内网IP', '15', '{\"msg\":\"操作成功\",\"code\":200}', 0, NULL, '2021-12-06 14:26:08');
INSERT INTO `sys_oper_log` VALUES (483, '物资运输表', 2, 'com.ruoyi.wzys.controller.WzYsController.sd()', 'PUT', 1, 'admin', NULL, '/wzys/wzys/sd/15', '127.0.0.1', '内网IP', '15', '{\"msg\":\"操作成功\",\"code\":200}', 0, NULL, '2021-12-06 14:26:17');
INSERT INTO `sys_oper_log` VALUES (484, '物资入库表', 1, 'com.ruoyi.wzrk.controller.WzRkController.add()', 'POST', 1, 'admin', NULL, '/wzrk/wzrk/1,2/4,2', '127.0.0.1', '内网IP', '{\"rkBz\":\"11\",\"rkZt\":1,\"rkSl\":2,\"rkType\":1,\"rkDh\":\"b25a13963b3a4d2bb2290b95afd7f937\",\"params\":{},\"rkTime\":1638460800000,\"rkFs\":\"1\",\"rkCk\":1,\"rkTg\":1,\"id\":1,\"rkCzry\":\"1\"} [1,2] [4,2]', '{\"msg\":\"操作成功\",\"code\":200}', 0, NULL, '2021-12-06 14:58:42');
INSERT INTO `sys_oper_log` VALUES (485, '物资入库表', 2, 'com.ruoyi.wzrk.controller.WzRkController.rk()', 'PUT', 1, 'admin', NULL, '/wzrk/wzrk/rk/1', '127.0.0.1', '内网IP', '1', '{\"msg\":\"操作成功\",\"code\":200}', 0, NULL, '2021-12-06 15:02:43');
INSERT INTO `sys_oper_log` VALUES (486, '物资发放', 1, 'com.ruoyi.wzff.controller.WzFfController.add()', 'POST', 1, 'admin', NULL, '/wzff/wzff/1,3/3,3', '127.0.0.1', '内网IP', '{\"ffLx\":\"1\",\"ffCk\":1,\"ffType\":1,\"ffNum\":1,\"ffDh\":\"a0f2f4f917274f97b932187a057c2001\",\"params\":{},\"ffCd\":\"1\",\"ffCzy\":\"1\",\"ffZt\":1,\"ffBz\":\"11\",\"ffSh\":1,\"id\":1,\"ffTime\":1640880000000} [1,3] [3,3]', '{\"msg\":\"操作成功\",\"code\":200}', 0, NULL, '2021-12-06 15:03:14');
INSERT INTO `sys_oper_log` VALUES (487, '物资发放表', 2, 'com.ruoyi.wzff.controller.WzFfController.ff()', 'PUT', 1, 'admin', NULL, '/wzff/wzff/ff/1', '127.0.0.1', '内网IP', '1', '{\"msg\":\"操作成功\",\"code\":200}', 0, NULL, '2021-12-06 15:04:02');
INSERT INTO `sys_oper_log` VALUES (488, '物资运输', 1, 'com.ruoyi.wzys.controller.WzYsController.add()', 'POST', 1, 'admin', NULL, '/wzys/wzys/1,3/3,3', '127.0.0.1', '内网IP', '{\"ysLxfs\":\"1\",\"ysWz\":\"1\",\"ysDh\":\"9cfb7a20c5fe4b7981068c3dc03ee84c\",\"ysCh\":1,\"ysRh\":1,\"ysBz\":\"11\",\"params\":{},\"ysZt\":1,\"ysDtime\":1640102400000,\"ysFzr\":\"1\",\"id\":1,\"ysCl\":1,\"ysLx\":\"1\",\"ysQtime\":1640275200000} [1,3] [3,3]', '{\"msg\":\"操作成功\",\"code\":200}', 0, NULL, '2021-12-06 15:04:35');
INSERT INTO `sys_oper_log` VALUES (489, '物资运输表', 2, 'com.ruoyi.wzys.controller.WzYsController.ys()', 'PUT', 1, 'admin', NULL, '/wzys/wzys/ys/1', '127.0.0.1', '内网IP', '1', '{\"msg\":\"操作成功\",\"code\":200}', 0, NULL, '2021-12-06 15:05:50');
INSERT INTO `sys_oper_log` VALUES (490, '物资运输表', 2, 'com.ruoyi.wzys.controller.WzYsController.sd()', 'PUT', 1, 'admin', NULL, '/wzys/wzys/sd/1', '127.0.0.1', '内网IP', '1', '{\"msg\":\"操作成功\",\"code\":200}', 0, NULL, '2021-12-06 15:06:49');
INSERT INTO `sys_oper_log` VALUES (491, '物资发放', 3, 'com.ruoyi.wzff.controller.WzFfController.remove()', 'DELETE', 1, 'admin', NULL, '/wzff/wzff/1', '127.0.0.1', '内网IP', '{ids=1}', '{\"msg\":\"操作成功\",\"code\":200}', 0, NULL, '2021-12-06 15:14:40');
INSERT INTO `sys_oper_log` VALUES (492, '物资入库表', 1, 'com.ruoyi.wzrk.controller.WzRkController.add()', 'POST', 1, 'admin', NULL, '/wzrk/wzrk/1,2/3,2', '127.0.0.1', '内网IP', '{\"rkBz\":\"11\",\"rkZt\":1,\"rkSl\":2,\"rkType\":3,\"rkDh\":\"30c70330bf16407da58fa477343320bb\",\"params\":{},\"rkTime\":1638547200000,\"rkFs\":\"1\",\"rkCk\":1,\"rkTg\":1,\"id\":2,\"rkCzry\":\"1\"} [1,2] [3,2]', '{\"msg\":\"操作成功\",\"code\":200}', 0, NULL, '2021-12-06 15:17:30');
INSERT INTO `sys_oper_log` VALUES (493, '物资入库表', 2, 'com.ruoyi.wzrk.controller.WzRkController.rk()', 'PUT', 1, 'admin', NULL, '/wzrk/wzrk/rk/2', '127.0.0.1', '内网IP', '2', '{\"msg\":\"操作成功\",\"code\":200}', 0, NULL, '2021-12-06 15:17:53');
INSERT INTO `sys_oper_log` VALUES (494, '物资入库表', 3, 'com.ruoyi.wzrk.controller.WzRkController.remove()', 'DELETE', 1, 'admin', NULL, '/wzrk/wzrk/2', '127.0.0.1', '内网IP', '{ids=2}', '{\"msg\":\"操作成功\",\"code\":200}', 0, NULL, '2021-12-06 15:18:01');
INSERT INTO `sys_oper_log` VALUES (495, '物资库存', 2, 'com.ruoyi.wzkc.controller.WzKcController.edit()', 'PUT', 1, 'admin', NULL, '/wzkc/wzkc', '127.0.0.1', '内网IP', '{\"kcWzid\":1,\"num\":20,\"ckCkid\":1,\"id\":1,\"params\":{}}', '{\"msg\":\"操作成功\",\"code\":200}', 0, NULL, '2021-12-06 15:18:23');
INSERT INTO `sys_oper_log` VALUES (496, '物资库存', 2, 'com.ruoyi.wzkc.controller.WzKcController.edit()', 'PUT', 1, 'admin', NULL, '/wzkc/wzkc', '127.0.0.1', '内网IP', '{\"kcWzid\":2,\"num\":20,\"ckCkid\":1,\"id\":3,\"params\":{}}', '{\"msg\":\"操作成功\",\"code\":200}', 0, NULL, '2021-12-06 15:18:30');
INSERT INTO `sys_oper_log` VALUES (497, '物资运输', 1, 'com.ruoyi.wzys.controller.WzYsController.add()', 'POST', 1, 'admin', NULL, '/wzys/wzys/1,3/4,2', '127.0.0.1', '内网IP', '{\"ysLxfs\":\"1\",\"ysWz\":\"1\",\"ysDh\":\"94500cc5b51a421c83527f7fbf1054d0\",\"ysCh\":1,\"ysRh\":1,\"ysBz\":\"11\",\"params\":{},\"ysZt\":1,\"ysDtime\":1639152000000,\"ysFzr\":\"1\",\"id\":2,\"ysCl\":1,\"ysLx\":\"1\",\"ysQtime\":1641830400000} [1,3] [4,2]', '{\"msg\":\"操作成功\",\"code\":200}', 0, NULL, '2021-12-06 15:19:02');
INSERT INTO `sys_oper_log` VALUES (498, '物资运输表', 2, 'com.ruoyi.wzys.controller.WzYsController.ys()', 'PUT', 1, 'admin', NULL, '/wzys/wzys/ys/2', '127.0.0.1', '内网IP', '2', '{\"msg\":\"操作成功\",\"code\":200}', 0, NULL, '2021-12-06 15:19:25');
INSERT INTO `sys_oper_log` VALUES (499, '物资运输表', 2, 'com.ruoyi.wzys.controller.WzYsController.sd()', 'PUT', 1, 'admin', NULL, '/wzys/wzys/sd/2', '127.0.0.1', '内网IP', '2', '{\"msg\":\"操作成功\",\"code\":200}', 0, NULL, '2021-12-06 15:19:30');
INSERT INTO `sys_oper_log` VALUES (500, '物资运输', 3, 'com.ruoyi.wzys.controller.WzYsController.remove()', 'DELETE', 1, 'admin', NULL, '/wzys/wzys/2', '127.0.0.1', '内网IP', '{ids=2}', '{\"msg\":\"操作成功\",\"code\":200}', 0, NULL, '2021-12-06 15:19:34');
INSERT INTO `sys_oper_log` VALUES (501, '物资发放', 1, 'com.ruoyi.wzff.controller.WzFfController.add()', 'POST', 1, 'admin', NULL, '/wzff/wzff/1,3/3,2', '127.0.0.1', '内网IP', '{\"ffLx\":\"1\",\"ffCk\":1,\"ffType\":2,\"ffNum\":1,\"ffDh\":\"b111271e7394477e9340c511458b9275\",\"params\":{},\"ffCd\":\"1\",\"ffCzy\":\"1\",\"ffZt\":1,\"ffBz\":\"11\",\"ffSh\":1,\"id\":2,\"ffTime\":1639756800000} [1,3] [3,2]', '{\"msg\":\"操作成功\",\"code\":200}', 0, NULL, '2021-12-06 15:20:08');
INSERT INTO `sys_oper_log` VALUES (502, '物资入库表', 3, 'com.ruoyi.wzrk.controller.WzRkController.remove()', 'DELETE', 1, 'admin', NULL, '/wzrk/wzrk/1', '127.0.0.1', '内网IP', '{ids=1}', '{\"msg\":\"操作成功\",\"code\":200}', 0, NULL, '2021-12-06 15:21:46');
INSERT INTO `sys_oper_log` VALUES (503, '物资库存', 2, 'com.ruoyi.wzkc.controller.WzKcController.edit()', 'PUT', 1, 'admin', NULL, '/wzkc/wzkc', '127.0.0.1', '内网IP', '{\"kcWzid\":1,\"num\":20,\"ckCkid\":1,\"id\":1,\"params\":{}}', '{\"msg\":\"操作成功\",\"code\":200}', 0, NULL, '2021-12-06 15:22:22');
INSERT INTO `sys_oper_log` VALUES (504, '物资库存', 2, 'com.ruoyi.wzkc.controller.WzKcController.edit()', 'PUT', 1, 'admin', NULL, '/wzkc/wzkc', '127.0.0.1', '内网IP', '{\"kcWzid\":2,\"num\":20,\"ckCkid\":1,\"id\":3,\"params\":{}}', '{\"msg\":\"操作成功\",\"code\":200}', 0, NULL, '2021-12-06 15:22:34');
INSERT INTO `sys_oper_log` VALUES (505, '物资入库表', 1, 'com.ruoyi.wzrk.controller.WzRkController.add()', 'POST', 1, 'admin', NULL, '/wzrk/wzrk/2,1/3,5', '127.0.0.1', '内网IP', '{\"rkBz\":\"11\",\"rkZt\":1,\"rkSl\":2,\"rkType\":1,\"rkDh\":\"dfb5adeac5774abd8ea1c25add61e320\",\"params\":{},\"rkTime\":1639065600000,\"rkFs\":\"1\",\"rkCk\":1,\"rkTg\":1,\"id\":3,\"rkCzry\":\"1\"} [2,1] [3,5]', '{\"msg\":\"操作成功\",\"code\":200}', 0, NULL, '2021-12-06 15:23:09');
INSERT INTO `sys_oper_log` VALUES (506, '物资运输', 1, 'com.ruoyi.wzys.controller.WzYsController.add()', 'POST', 1, 'admin', NULL, '/wzys/wzys/1,3/3,3', '127.0.0.1', '内网IP', '{\"ysLxfs\":\"1\",\"ysWz\":\"1\",\"ysDh\":\"6d8c667552364fbbaba8dd1fd8558722\",\"ysCh\":1,\"ysRh\":1,\"ysBz\":\"11\",\"params\":{},\"ysZt\":1,\"ysDtime\":1639065600000,\"ysFzr\":\"1\",\"id\":3,\"ysCl\":1,\"ysLx\":\"1\",\"ysQtime\":1640275200000} [1,3] [3,3]', '{\"msg\":\"操作成功\",\"code\":200}', 0, NULL, '2021-12-06 15:24:02');
INSERT INTO `sys_oper_log` VALUES (507, '物资运输表', 2, 'com.ruoyi.wzys.controller.WzYsController.ys()', 'PUT', 1, 'admin', NULL, '/wzys/wzys/ys/3', '127.0.0.1', '内网IP', '3', '{\"msg\":\"操作成功\",\"code\":200}', 0, NULL, '2021-12-06 15:24:35');
INSERT INTO `sys_oper_log` VALUES (508, '物资运输表', 2, 'com.ruoyi.wzys.controller.WzYsController.sd()', 'PUT', 1, 'admin', NULL, '/wzys/wzys/sd/3', '127.0.0.1', '内网IP', '3', '{\"msg\":\"操作成功\",\"code\":200}', 0, NULL, '2021-12-06 15:24:39');
INSERT INTO `sys_oper_log` VALUES (509, '物资运输', 3, 'com.ruoyi.wzys.controller.WzYsController.remove()', 'DELETE', 1, 'admin', NULL, '/wzys/wzys/3', '127.0.0.1', '内网IP', '{ids=3}', '{\"msg\":\"操作成功\",\"code\":200}', 0, NULL, '2021-12-06 15:24:42');
INSERT INTO `sys_oper_log` VALUES (510, '物资发放', 1, 'com.ruoyi.wzff.controller.WzFfController.add()', 'POST', 1, 'admin', NULL, '/wzff/wzff/1,3/3,3', '127.0.0.1', '内网IP', '{\"ffLx\":\"1\",\"ffCk\":1,\"ffType\":1,\"ffNum\":1,\"ffDh\":\"7a40141e54954c01ab80e521fde0bc22\",\"params\":{},\"ffCd\":\"1\",\"ffCzy\":\"1\",\"ffZt\":1,\"ffBz\":\"1\",\"ffSh\":1,\"id\":3,\"ffTime\":1640275200000} [1,3] [3,3]', '{\"msg\":\"操作成功\",\"code\":200}', 0, NULL, '2021-12-06 15:26:48');
INSERT INTO `sys_oper_log` VALUES (511, '字典数据', 2, 'com.ruoyi.web.controller.system.SysDictDataController.edit()', 'PUT', 1, 'admin', NULL, '/system/dict/data', '127.0.0.1', '内网IP', '{\"dictValue\":\"3\",\"listClass\":\"success\",\"dictSort\":3,\"params\":{},\"dictType\":\"wz_mxnx\",\"dictLabel\":\"发放\",\"createBy\":\"admin\",\"default\":false,\"isDefault\":\"N\",\"createTime\":1636954436000,\"dictCode\":122,\"updateBy\":\"admin\",\"status\":\"0\"}', '{\"msg\":\"操作成功\",\"code\":200}', 0, NULL, '2021-12-06 15:44:05');
INSERT INTO `sys_oper_log` VALUES (512, '物资入库表', 1, 'com.ruoyi.wzrk.controller.WzRkController.add()', 'POST', 1, 'admin', NULL, '/wzrk/wzrk/1,2/4,4', '127.0.0.1', '内网IP', '{\"rkBz\":\"11\",\"rkZt\":1,\"rkSl\":2,\"rkType\":1,\"rkDh\":\"d21629811c764912b2de72e885f4be6b\",\"params\":{},\"rkTime\":1638547200000,\"rkFs\":\"1\",\"rkCk\":1,\"rkTg\":1,\"id\":4,\"rkCzry\":\"1\"} [1,2] [4,4]', '{\"msg\":\"操作成功\",\"code\":200}', 0, NULL, '2021-12-06 16:47:04');
INSERT INTO `sys_oper_log` VALUES (513, '物资入库表', 2, 'com.ruoyi.wzrk.controller.WzRkController.rk()', 'PUT', 1, 'admin', NULL, '/wzrk/wzrk/rk/4', '127.0.0.1', '内网IP', '4', '{\"msg\":\"操作成功\",\"code\":200}', 0, NULL, '2021-12-06 16:47:31');
INSERT INTO `sys_oper_log` VALUES (514, '物资库存', 3, 'com.ruoyi.wzkc.controller.WzKcController.remove()', 'DELETE', 1, 'admin', NULL, '/wzkc/wzkc/4', '127.0.0.1', '内网IP', '{ids=4}', '{\"msg\":\"操作成功\",\"code\":200}', 0, NULL, '2021-12-06 16:47:56');
INSERT INTO `sys_oper_log` VALUES (515, '物资库存', 3, 'com.ruoyi.wzkc.controller.WzKcController.remove()', 'DELETE', 1, 'admin', NULL, '/wzkc/wzkc/5', '127.0.0.1', '内网IP', '{ids=5}', '{\"msg\":\"操作成功\",\"code\":200}', 0, NULL, '2021-12-06 16:47:58');
INSERT INTO `sys_oper_log` VALUES (516, '物资入库表', 1, 'com.ruoyi.wzrk.controller.WzRkController.add()', 'POST', 1, 'admin', NULL, '/wzrk/wzrk/1/2', '127.0.0.1', '内网IP', '{\"rkBz\":\"1\",\"rkZt\":1,\"rkSl\":1,\"rkType\":1,\"rkDh\":\"19154f5377614d518e1b1f672c3a9bd1\",\"params\":{},\"rkTime\":1639670400000,\"rkFs\":\"1\",\"rkCk\":1,\"rkTg\":1,\"id\":5,\"rkCzry\":\"1\"} [1] [2]', '{\"msg\":\"操作成功\",\"code\":200}', 0, NULL, '2021-12-06 16:51:20');
INSERT INTO `sys_oper_log` VALUES (517, '物资入库表', 2, 'com.ruoyi.wzrk.controller.WzRkController.rk()', 'PUT', 1, 'admin', NULL, '/wzrk/wzrk/rk/5', '127.0.0.1', '内网IP', '5', '{\"msg\":\"操作成功\",\"code\":200}', 0, NULL, '2021-12-06 16:58:59');
INSERT INTO `sys_oper_log` VALUES (518, '物资入库表', 1, 'com.ruoyi.wzrk.controller.WzRkController.add()', 'POST', 1, 'admin', NULL, '/wzrk/wzrk/1,2/3,4', '127.0.0.1', '内网IP', '{\"rkBz\":\"222\",\"rkZt\":1,\"rkSl\":2,\"rkType\":1,\"rkDh\":\"84a7379a1ddd499bb555c58ffded4ef9\",\"params\":{},\"rkTime\":1638979200000,\"rkFs\":\"1\",\"rkCk\":1,\"rkTg\":1,\"id\":6,\"rkCzry\":\"1\"} [1,2] [3,4]', '{\"msg\":\"操作成功\",\"code\":200}', 0, NULL, '2021-12-06 17:00:40');
INSERT INTO `sys_oper_log` VALUES (519, '物资库存', 3, 'com.ruoyi.wzkc.controller.WzKcController.remove()', 'DELETE', 1, 'admin', NULL, '/wzkc/wzkc/6', '127.0.0.1', '内网IP', '{ids=6}', '{\"msg\":\"操作成功\",\"code\":200}', 0, NULL, '2021-12-06 17:01:03');
INSERT INTO `sys_oper_log` VALUES (520, '物资入库表', 2, 'com.ruoyi.wzrk.controller.WzRkController.rk()', 'PUT', 1, 'admin', NULL, '/wzrk/wzrk/rk/6', '127.0.0.1', '内网IP', '6', NULL, 1, '', '2021-12-06 17:01:13');
INSERT INTO `sys_oper_log` VALUES (521, '物资入库表', 2, 'com.ruoyi.wzrk.controller.WzRkController.rk()', 'PUT', 1, 'admin', NULL, '/wzrk/wzrk/rk/6', '127.0.0.1', '内网IP', '6', NULL, 1, '', '2021-12-06 17:01:24');
INSERT INTO `sys_oper_log` VALUES (522, '物资入库表', 1, 'com.ruoyi.wzrk.controller.WzRkController.add()', 'POST', 1, 'admin', NULL, '/wzrk/wzrk/1,2/3,3', '127.0.0.1', '内网IP', '{\"rkBz\":\"234\",\"rkZt\":1,\"rkSl\":2,\"rkType\":1,\"rkDh\":\"58a6b99973a941528118a191be98a4cb\",\"params\":{},\"rkTime\":1638547200000,\"rkFs\":\"1\",\"rkCk\":1,\"rkTg\":1,\"id\":7,\"rkCzry\":\"1\"} [1,2] [3,3]', '{\"msg\":\"操作成功\",\"code\":200}', 0, NULL, '2021-12-06 17:04:19');
INSERT INTO `sys_oper_log` VALUES (523, '物资入库表', 2, 'com.ruoyi.wzrk.controller.WzRkController.rk()', 'PUT', 1, 'admin', NULL, '/wzrk/wzrk/rk/7', '127.0.0.1', '内网IP', '7', '{\"msg\":\"操作成功\",\"code\":200}', 0, NULL, '2021-12-06 17:04:26');
INSERT INTO `sys_oper_log` VALUES (524, '物资库存', 2, 'com.ruoyi.wzkc.controller.WzKcController.edit()', 'PUT', 1, 'admin', NULL, '/wzkc/wzkc', '127.0.0.1', '内网IP', '{\"kcWzid\":1,\"num\":20,\"ckCkid\":1,\"id\":1,\"params\":{}}', '{\"msg\":\"操作成功\",\"code\":200}', 0, NULL, '2021-12-06 17:08:59');
INSERT INTO `sys_oper_log` VALUES (525, '物资库存', 2, 'com.ruoyi.wzkc.controller.WzKcController.edit()', 'PUT', 1, 'admin', NULL, '/wzkc/wzkc', '127.0.0.1', '内网IP', '{\"kcWzid\":2,\"num\":20,\"ckCkid\":1,\"id\":3,\"params\":{}}', '{\"msg\":\"操作成功\",\"code\":200}', 0, NULL, '2021-12-06 17:09:04');
INSERT INTO `sys_oper_log` VALUES (526, '物资入库表', 2, 'com.ruoyi.wzrk.controller.WzRkController.rk()', 'PUT', 1, 'admin', NULL, '/wzrk/wzrk/rk/7', '127.0.0.1', '内网IP', '7', '{\"msg\":\"操作成功\",\"code\":200}', 0, NULL, '2021-12-06 17:09:40');
INSERT INTO `sys_oper_log` VALUES (527, '物资库存', 2, 'com.ruoyi.wzkc.controller.WzKcController.edit()', 'PUT', 1, 'admin', NULL, '/wzkc/wzkc', '127.0.0.1', '内网IP', '{\"kcWzid\":1,\"num\":20,\"ckCkid\":1,\"id\":1,\"params\":{}}', '{\"msg\":\"操作成功\",\"code\":200}', 0, NULL, '2021-12-06 17:14:22');
INSERT INTO `sys_oper_log` VALUES (528, '物资入库表', 2, 'com.ruoyi.wzrk.controller.WzRkController.rk()', 'PUT', 1, 'admin', NULL, '/wzrk/wzrk/rk/7', '127.0.0.1', '内网IP', '7', '{\"msg\":\"操作成功\",\"code\":200}', 0, NULL, '2021-12-06 17:14:32');
INSERT INTO `sys_oper_log` VALUES (529, '物资运输', 1, 'com.ruoyi.wzys.controller.WzYsController.add()', 'POST', 1, 'admin', NULL, '/wzys/wzys/1,3/3,3', '127.0.0.1', '内网IP', '{\"ysLxfs\":\"1\",\"ysWz\":\"1\",\"ysDh\":\"7300d21ad3fd4547bf9fbe6d0e299eab\",\"ysCh\":1,\"ysRh\":1,\"ysBz\":\"11\",\"params\":{},\"ysZt\":1,\"ysDtime\":1640361600000,\"ysFzr\":\"1\",\"id\":4,\"ysCl\":1,\"ysLx\":\"1\",\"ysQtime\":1639497600000} [1,3] [3,3]', '{\"msg\":\"操作成功\",\"code\":200}', 0, NULL, '2021-12-06 17:35:53');
INSERT INTO `sys_oper_log` VALUES (530, '物资运输表', 2, 'com.ruoyi.wzys.controller.WzYsController.ys()', 'PUT', 1, 'admin', NULL, '/wzys/wzys/ys/4', '127.0.0.1', '内网IP', '4', '{\"msg\":\"操作成功\",\"code\":200}', 0, NULL, '2021-12-06 17:36:08');
INSERT INTO `sys_oper_log` VALUES (531, '物资运输表', 2, 'com.ruoyi.wzys.controller.WzYsController.sd()', 'PUT', 1, 'admin', NULL, '/wzys/wzys/sd/4', '127.0.0.1', '内网IP', '4', '{\"msg\":\"操作成功\",\"code\":200}', 0, NULL, '2021-12-06 17:36:19');
INSERT INTO `sys_oper_log` VALUES (532, '物资发放表', 2, 'com.ruoyi.wzff.controller.WzFfController.ff()', 'PUT', 1, 'admin', NULL, '/wzff/wzff/ff/3', '127.0.0.1', '内网IP', '3', '{\"msg\":\"操作成功\",\"code\":200}', 0, NULL, '2021-12-06 18:40:06');
INSERT INTO `sys_oper_log` VALUES (533, '物资发放表', 2, 'com.ruoyi.wzff.controller.WzFfController.ff()', 'PUT', 1, 'admin', NULL, '/wzff/wzff/ff/2', '127.0.0.1', '内网IP', '2', '{\"msg\":\"操作成功\",\"code\":200}', 0, NULL, '2021-12-06 18:55:48');
INSERT INTO `sys_oper_log` VALUES (534, '物资运输', 2, 'com.ruoyi.wzys.controller.WzYsController.wz()', 'POST', 1, 'admin', NULL, '/wzys/wzys/wz/1/777', '127.0.0.1', '内网IP', '1 777', '{\"msg\":\"操作成功\",\"code\":200}', 0, NULL, '2021-12-07 10:34:36');
INSERT INTO `sys_oper_log` VALUES (535, '物资运输', 1, 'com.ruoyi.wzys.controller.WzYsController.add()', 'POST', 1, 'admin', NULL, '/wzys/wzys/1,3/3,3', '127.0.0.1', '内网IP', '{\"ysLxfs\":\"1\",\"ysWz\":\"1\",\"ysDh\":\"6bbec507aef84d31b9f8fc4c4e65cdec\",\"ysCh\":1,\"ysRh\":1,\"ysBz\":\"11\",\"params\":{},\"ysZt\":1,\"ysDtime\":1639497600000,\"ysFzr\":\"1\",\"id\":5,\"ysCl\":1,\"ysLx\":\"1\",\"ysQtime\":1640275200000} [1,3] [3,3]', '{\"msg\":\"操作成功\",\"code\":200}', 0, NULL, '2021-12-07 10:36:28');
INSERT INTO `sys_oper_log` VALUES (536, '物资运输表', 2, 'com.ruoyi.wzys.controller.WzYsController.ys()', 'PUT', 1, 'admin', NULL, '/wzys/wzys/ys/5', '127.0.0.1', '内网IP', '5', '{\"msg\":\"操作成功\",\"code\":200}', 0, NULL, '2021-12-07 10:36:34');
INSERT INTO `sys_oper_log` VALUES (537, '物资运输', 2, 'com.ruoyi.wzys.controller.WzYsController.wz()', 'POST', 1, 'admin', NULL, '/wzys/wzys/wz/5/12313', '127.0.0.1', '内网IP', '5 12313', '{\"msg\":\"操作成功\",\"code\":200}', 0, NULL, '2021-12-07 10:36:43');
INSERT INTO `sys_oper_log` VALUES (538, '物资运输', 2, 'com.ruoyi.wzys.controller.WzYsController.wz()', 'POST', 1, 'admin', NULL, '/wzys/wzys/wz/5/%E4%BD%8D%E7%BD%AE', '127.0.0.1', '内网IP', '5 位置', '{\"msg\":\"操作成功\",\"code\":200}', 0, NULL, '2021-12-07 10:36:52');
INSERT INTO `sys_oper_log` VALUES (539, '物资运输表', 2, 'com.ruoyi.wzys.controller.WzYsController.sd()', 'PUT', 1, 'admin', NULL, '/wzys/wzys/sd/5', '127.0.0.1', '内网IP', '5', '{\"msg\":\"操作成功\",\"code\":200}', 0, NULL, '2021-12-07 10:37:09');
INSERT INTO `sys_oper_log` VALUES (540, '物资运输', 3, 'com.ruoyi.wzys.controller.WzYsController.remove()', 'DELETE', 1, 'admin', NULL, '/wzys/wzys/5', '127.0.0.1', '内网IP', '{ids=5}', '{\"msg\":\"操作成功\",\"code\":200}', 0, NULL, '2021-12-07 10:37:22');
INSERT INTO `sys_oper_log` VALUES (541, '仓库信息', 1, 'com.ruoyi.wzck.controller.WzCkController.add()', 'POST', 1, 'admin', NULL, '/wzck/wzck', '127.0.0.1', '内网IP', '{\"ckDh\":\"18888888888\",\"ckName\":\"仓库二\",\"params\":{},\"ckBz\":\"仓库二\",\"ckDz\":\"深圳\",\"ckLx\":\"小明\",\"id\":2}', '{\"msg\":\"操作成功\",\"code\":200}', 0, NULL, '2021-12-08 08:43:29');
INSERT INTO `sys_oper_log` VALUES (542, '物资资料', 2, 'com.ruoyi.wzwz.controller.WzWzController.edit()', 'PUT', 1, 'admin', NULL, '/wzwz/wzwz', '127.0.0.1', '内网IP', '{\"wzDw\":\"1\",\"wzName\":\"口罩\",\"wzTp\":\"/profile/upload/2021/11/14/5d5350fd-c36e-4f38-a8e7-59421c181bda.png\",\"wzZt\":2,\"params\":{},\"wzBz\":\"aa\",\"wzGg\":\"aa\",\"id\":1,\"wzTime\":1637510400000}', '{\"msg\":\"操作成功\",\"code\":200}', 0, NULL, '2021-12-08 08:43:59');
INSERT INTO `sys_oper_log` VALUES (543, '物资资料', 2, 'com.ruoyi.wzwz.controller.WzWzController.edit()', 'PUT', 1, 'admin', NULL, '/wzwz/wzwz', '127.0.0.1', '内网IP', '{\"wzDw\":\"1\",\"wzName\":\"食物\",\"wzTp\":\"/profile/upload/2021/11/14/f6de5a34-6edb-4c74-ba37-43e52827882b.jpg\",\"wzZt\":2,\"params\":{},\"wzBz\":\"aa\",\"wzGg\":\"aa\",\"id\":2,\"wzTime\":1638720000000}', '{\"msg\":\"操作成功\",\"code\":200}', 0, NULL, '2021-12-08 08:44:15');
INSERT INTO `sys_oper_log` VALUES (544, '物资库存', 1, 'com.ruoyi.wzkc.controller.WzKcController.add()', 'POST', 1, 'admin', NULL, '/wzkc/wzkc', '127.0.0.1', '内网IP', '{\"kcWzid\":1,\"num\":20,\"ckCkid\":1,\"id\":7,\"params\":{}}', '{\"msg\":\"操作成功\",\"code\":200}', 0, NULL, '2021-12-08 08:44:55');
INSERT INTO `sys_oper_log` VALUES (545, '物资库存', 2, 'com.ruoyi.wzkc.controller.WzKcController.edit()', 'PUT', 1, 'admin', NULL, '/wzkc/wzkc', '127.0.0.1', '内网IP', '{\"kcWzid\":1,\"num\":20,\"ckCkid\":2,\"id\":7,\"params\":{}}', '{\"msg\":\"操作成功\",\"code\":200}', 0, NULL, '2021-12-08 08:45:03');
INSERT INTO `sys_oper_log` VALUES (546, '物资库存', 1, 'com.ruoyi.wzkc.controller.WzKcController.add()', 'POST', 1, 'admin', NULL, '/wzkc/wzkc', '127.0.0.1', '内网IP', '{\"kcWzid\":2,\"num\":30,\"ckCkid\":2,\"id\":8,\"params\":{}}', '{\"msg\":\"操作成功\",\"code\":200}', 0, NULL, '2021-12-08 08:45:14');

-- ----------------------------
-- Table structure for sys_post
-- ----------------------------
DROP TABLE IF EXISTS `sys_post`;
CREATE TABLE `sys_post`  (
  `post_id` bigint NOT NULL AUTO_INCREMENT COMMENT '岗位ID',
  `post_code` varchar(64) CHARACTER SET utf8 COLLATE utf8_general_ci NOT NULL COMMENT '岗位编码',
  `post_name` varchar(50) CHARACTER SET utf8 COLLATE utf8_general_ci NOT NULL COMMENT '岗位名称',
  `post_sort` int NOT NULL COMMENT '显示顺序',
  `status` char(1) CHARACTER SET utf8 COLLATE utf8_general_ci NOT NULL COMMENT '状态（0正常 1停用）',
  `create_by` varchar(64) CHARACTER SET utf8 COLLATE utf8_general_ci NULL DEFAULT '' COMMENT '创建者',
  `create_time` datetime NULL DEFAULT NULL COMMENT '创建时间',
  `update_by` varchar(64) CHARACTER SET utf8 COLLATE utf8_general_ci NULL DEFAULT '' COMMENT '更新者',
  `update_time` datetime NULL DEFAULT NULL COMMENT '更新时间',
  `remark` varchar(500) CHARACTER SET utf8 COLLATE utf8_general_ci NULL DEFAULT NULL COMMENT '备注',
  PRIMARY KEY (`post_id`) USING BTREE
) ENGINE = InnoDB AUTO_INCREMENT = 5 CHARACTER SET = utf8 COLLATE = utf8_general_ci COMMENT = '岗位信息表' ROW_FORMAT = Dynamic;

-- ----------------------------
-- Records of sys_post
-- ----------------------------
INSERT INTO `sys_post` VALUES (1, 'ceo', '董事长', 1, '0', 'admin', '2021-11-11 20:14:35', '', NULL, '');
INSERT INTO `sys_post` VALUES (2, 'se', '项目经理', 2, '0', 'admin', '2021-11-11 20:14:35', '', NULL, '');
INSERT INTO `sys_post` VALUES (3, 'hr', '人力资源', 3, '0', 'admin', '2021-11-11 20:14:35', '', NULL, '');
INSERT INTO `sys_post` VALUES (4, 'user', '普通员工', 4, '0', 'admin', '2021-11-11 20:14:35', '', NULL, '');

-- ----------------------------
-- Table structure for sys_role
-- ----------------------------
DROP TABLE IF EXISTS `sys_role`;
CREATE TABLE `sys_role`  (
  `role_id` bigint NOT NULL AUTO_INCREMENT COMMENT '角色ID',
  `role_name` varchar(30) CHARACTER SET utf8 COLLATE utf8_general_ci NOT NULL COMMENT '角色名称',
  `role_key` varchar(100) CHARACTER SET utf8 COLLATE utf8_general_ci NOT NULL COMMENT '角色权限字符串',
  `role_sort` int NOT NULL COMMENT '显示顺序',
  `data_scope` char(1) CHARACTER SET utf8 COLLATE utf8_general_ci NULL DEFAULT '1' COMMENT '数据范围（1：全部数据权限 2：自定数据权限 3：本部门数据权限 4：本部门及以下数据权限）',
  `menu_check_strictly` tinyint(1) NULL DEFAULT 1 COMMENT '菜单树选择项是否关联显示',
  `dept_check_strictly` tinyint(1) NULL DEFAULT 1 COMMENT '部门树选择项是否关联显示',
  `status` char(1) CHARACTER SET utf8 COLLATE utf8_general_ci NOT NULL COMMENT '角色状态（0正常 1停用）',
  `del_flag` char(1) CHARACTER SET utf8 COLLATE utf8_general_ci NULL DEFAULT '0' COMMENT '删除标志（0代表存在 2代表删除）',
  `create_by` varchar(64) CHARACTER SET utf8 COLLATE utf8_general_ci NULL DEFAULT '' COMMENT '创建者',
  `create_time` datetime NULL DEFAULT NULL COMMENT '创建时间',
  `update_by` varchar(64) CHARACTER SET utf8 COLLATE utf8_general_ci NULL DEFAULT '' COMMENT '更新者',
  `update_time` datetime NULL DEFAULT NULL COMMENT '更新时间',
  `remark` varchar(500) CHARACTER SET utf8 COLLATE utf8_general_ci NULL DEFAULT NULL COMMENT '备注',
  PRIMARY KEY (`role_id`) USING BTREE
) ENGINE = InnoDB AUTO_INCREMENT = 100 CHARACTER SET = utf8 COLLATE = utf8_general_ci COMMENT = '角色信息表' ROW_FORMAT = Dynamic;

-- ----------------------------
-- Records of sys_role
-- ----------------------------
INSERT INTO `sys_role` VALUES (1, '超级管理员', 'admin', 1, '1', 1, 1, '0', '0', 'admin', '2021-11-11 20:14:36', '', NULL, '超级管理员');
INSERT INTO `sys_role` VALUES (2, '普通角色', 'common', 2, '2', 1, 1, '0', '0', 'admin', '2021-11-11 20:14:36', '', NULL, '普通角色');

-- ----------------------------
-- Table structure for sys_role_dept
-- ----------------------------
DROP TABLE IF EXISTS `sys_role_dept`;
CREATE TABLE `sys_role_dept`  (
  `role_id` bigint NOT NULL COMMENT '角色ID',
  `dept_id` bigint NOT NULL COMMENT '部门ID',
  PRIMARY KEY (`role_id`, `dept_id`) USING BTREE
) ENGINE = InnoDB CHARACTER SET = utf8 COLLATE = utf8_general_ci COMMENT = '角色和部门关联表' ROW_FORMAT = Dynamic;

-- ----------------------------
-- Records of sys_role_dept
-- ----------------------------
INSERT INTO `sys_role_dept` VALUES (2, 100);
INSERT INTO `sys_role_dept` VALUES (2, 101);
INSERT INTO `sys_role_dept` VALUES (2, 105);

-- ----------------------------
-- Table structure for sys_role_menu
-- ----------------------------
DROP TABLE IF EXISTS `sys_role_menu`;
CREATE TABLE `sys_role_menu`  (
  `role_id` bigint NOT NULL COMMENT '角色ID',
  `menu_id` bigint NOT NULL COMMENT '菜单ID',
  PRIMARY KEY (`role_id`, `menu_id`) USING BTREE
) ENGINE = InnoDB CHARACTER SET = utf8 COLLATE = utf8_general_ci COMMENT = '角色和菜单关联表' ROW_FORMAT = Dynamic;

-- ----------------------------
-- Records of sys_role_menu
-- ----------------------------
INSERT INTO `sys_role_menu` VALUES (2, 1);
INSERT INTO `sys_role_menu` VALUES (2, 2);
INSERT INTO `sys_role_menu` VALUES (2, 3);
INSERT INTO `sys_role_menu` VALUES (2, 4);
INSERT INTO `sys_role_menu` VALUES (2, 100);
INSERT INTO `sys_role_menu` VALUES (2, 101);
INSERT INTO `sys_role_menu` VALUES (2, 102);
INSERT INTO `sys_role_menu` VALUES (2, 103);
INSERT INTO `sys_role_menu` VALUES (2, 104);
INSERT INTO `sys_role_menu` VALUES (2, 105);
INSERT INTO `sys_role_menu` VALUES (2, 106);
INSERT INTO `sys_role_menu` VALUES (2, 107);
INSERT INTO `sys_role_menu` VALUES (2, 108);
INSERT INTO `sys_role_menu` VALUES (2, 109);
INSERT INTO `sys_role_menu` VALUES (2, 110);
INSERT INTO `sys_role_menu` VALUES (2, 111);
INSERT INTO `sys_role_menu` VALUES (2, 112);
INSERT INTO `sys_role_menu` VALUES (2, 113);
INSERT INTO `sys_role_menu` VALUES (2, 114);
INSERT INTO `sys_role_menu` VALUES (2, 115);
INSERT INTO `sys_role_menu` VALUES (2, 116);
INSERT INTO `sys_role_menu` VALUES (2, 500);
INSERT INTO `sys_role_menu` VALUES (2, 501);
INSERT INTO `sys_role_menu` VALUES (2, 1000);
INSERT INTO `sys_role_menu` VALUES (2, 1001);
INSERT INTO `sys_role_menu` VALUES (2, 1002);
INSERT INTO `sys_role_menu` VALUES (2, 1003);
INSERT INTO `sys_role_menu` VALUES (2, 1004);
INSERT INTO `sys_role_menu` VALUES (2, 1005);
INSERT INTO `sys_role_menu` VALUES (2, 1006);
INSERT INTO `sys_role_menu` VALUES (2, 1007);
INSERT INTO `sys_role_menu` VALUES (2, 1008);
INSERT INTO `sys_role_menu` VALUES (2, 1009);
INSERT INTO `sys_role_menu` VALUES (2, 1010);
INSERT INTO `sys_role_menu` VALUES (2, 1011);
INSERT INTO `sys_role_menu` VALUES (2, 1012);
INSERT INTO `sys_role_menu` VALUES (2, 1013);
INSERT INTO `sys_role_menu` VALUES (2, 1014);
INSERT INTO `sys_role_menu` VALUES (2, 1015);
INSERT INTO `sys_role_menu` VALUES (2, 1016);
INSERT INTO `sys_role_menu` VALUES (2, 1017);
INSERT INTO `sys_role_menu` VALUES (2, 1018);
INSERT INTO `sys_role_menu` VALUES (2, 1019);
INSERT INTO `sys_role_menu` VALUES (2, 1020);
INSERT INTO `sys_role_menu` VALUES (2, 1021);
INSERT INTO `sys_role_menu` VALUES (2, 1022);
INSERT INTO `sys_role_menu` VALUES (2, 1023);
INSERT INTO `sys_role_menu` VALUES (2, 1024);
INSERT INTO `sys_role_menu` VALUES (2, 1025);
INSERT INTO `sys_role_menu` VALUES (2, 1026);
INSERT INTO `sys_role_menu` VALUES (2, 1027);
INSERT INTO `sys_role_menu` VALUES (2, 1028);
INSERT INTO `sys_role_menu` VALUES (2, 1029);
INSERT INTO `sys_role_menu` VALUES (2, 1030);
INSERT INTO `sys_role_menu` VALUES (2, 1031);
INSERT INTO `sys_role_menu` VALUES (2, 1032);
INSERT INTO `sys_role_menu` VALUES (2, 1033);
INSERT INTO `sys_role_menu` VALUES (2, 1034);
INSERT INTO `sys_role_menu` VALUES (2, 1035);
INSERT INTO `sys_role_menu` VALUES (2, 1036);
INSERT INTO `sys_role_menu` VALUES (2, 1037);
INSERT INTO `sys_role_menu` VALUES (2, 1038);
INSERT INTO `sys_role_menu` VALUES (2, 1039);
INSERT INTO `sys_role_menu` VALUES (2, 1040);
INSERT INTO `sys_role_menu` VALUES (2, 1041);
INSERT INTO `sys_role_menu` VALUES (2, 1042);
INSERT INTO `sys_role_menu` VALUES (2, 1043);
INSERT INTO `sys_role_menu` VALUES (2, 1044);
INSERT INTO `sys_role_menu` VALUES (2, 1045);
INSERT INTO `sys_role_menu` VALUES (2, 1046);
INSERT INTO `sys_role_menu` VALUES (2, 1047);
INSERT INTO `sys_role_menu` VALUES (2, 1048);
INSERT INTO `sys_role_menu` VALUES (2, 1049);
INSERT INTO `sys_role_menu` VALUES (2, 1050);
INSERT INTO `sys_role_menu` VALUES (2, 1051);
INSERT INTO `sys_role_menu` VALUES (2, 1052);
INSERT INTO `sys_role_menu` VALUES (2, 1053);
INSERT INTO `sys_role_menu` VALUES (2, 1054);
INSERT INTO `sys_role_menu` VALUES (2, 1055);
INSERT INTO `sys_role_menu` VALUES (2, 1056);
INSERT INTO `sys_role_menu` VALUES (2, 1057);
INSERT INTO `sys_role_menu` VALUES (2, 1058);
INSERT INTO `sys_role_menu` VALUES (2, 1059);
INSERT INTO `sys_role_menu` VALUES (2, 1060);

-- ----------------------------
-- Table structure for sys_user
-- ----------------------------
DROP TABLE IF EXISTS `sys_user`;
CREATE TABLE `sys_user`  (
  `user_id` bigint NOT NULL AUTO_INCREMENT COMMENT '用户ID',
  `dept_id` bigint NULL DEFAULT NULL COMMENT '部门ID',
  `user_name` varchar(30) CHARACTER SET utf8 COLLATE utf8_general_ci NOT NULL COMMENT '用户账号',
  `nick_name` varchar(30) CHARACTER SET utf8 COLLATE utf8_general_ci NOT NULL COMMENT '用户昵称',
  `user_type` varchar(2) CHARACTER SET utf8 COLLATE utf8_general_ci NULL DEFAULT '00' COMMENT '用户类型（00系统用户）',
  `email` varchar(50) CHARACTER SET utf8 COLLATE utf8_general_ci NULL DEFAULT '' COMMENT '用户邮箱',
  `phonenumber` varchar(11) CHARACTER SET utf8 COLLATE utf8_general_ci NULL DEFAULT '' COMMENT '手机号码',
  `sex` char(1) CHARACTER SET utf8 COLLATE utf8_general_ci NULL DEFAULT '0' COMMENT '用户性别（0男 1女 2未知）',
  `avatar` varchar(100) CHARACTER SET utf8 COLLATE utf8_general_ci NULL DEFAULT '' COMMENT '头像地址',
  `password` varchar(100) CHARACTER SET utf8 COLLATE utf8_general_ci NULL DEFAULT '' COMMENT '密码',
  `status` char(1) CHARACTER SET utf8 COLLATE utf8_general_ci NULL DEFAULT '0' COMMENT '帐号状态（0正常 1停用）',
  `del_flag` char(1) CHARACTER SET utf8 COLLATE utf8_general_ci NULL DEFAULT '0' COMMENT '删除标志（0代表存在 2代表删除）',
  `login_ip` varchar(128) CHARACTER SET utf8 COLLATE utf8_general_ci NULL DEFAULT '' COMMENT '最后登录IP',
  `login_date` datetime NULL DEFAULT NULL COMMENT '最后登录时间',
  `create_by` varchar(64) CHARACTER SET utf8 COLLATE utf8_general_ci NULL DEFAULT '' COMMENT '创建者',
  `create_time` datetime NULL DEFAULT NULL COMMENT '创建时间',
  `update_by` varchar(64) CHARACTER SET utf8 COLLATE utf8_general_ci NULL DEFAULT '' COMMENT '更新者',
  `update_time` datetime NULL DEFAULT NULL COMMENT '更新时间',
  `remark` varchar(500) CHARACTER SET utf8 COLLATE utf8_general_ci NULL DEFAULT NULL COMMENT '备注',
  PRIMARY KEY (`user_id`) USING BTREE
) ENGINE = InnoDB AUTO_INCREMENT = 100 CHARACTER SET = utf8 COLLATE = utf8_general_ci COMMENT = '用户信息表' ROW_FORMAT = Dynamic;

-- ----------------------------
-- Records of sys_user
-- ----------------------------
INSERT INTO `sys_user` VALUES (1, 103, 'admin', '若依', '00', 'ry@163.com', '15888888888', '1', '', '$2a$10$7JB720yubVSZvUI0rEqK/.VqGOZTH.ulu33dHOiBE8ByOhJIrdAu2', '0', '0', '127.0.0.1', '2021-12-08 08:41:48', 'admin', '2021-11-11 20:14:34', '', '2021-12-08 08:41:47', '管理员');
INSERT INTO `sys_user` VALUES (2, 105, 'ry', '若依', '00', 'ry@qq.com', '15666666666', '1', '', '$2a$10$7JB720yubVSZvUI0rEqK/.VqGOZTH.ulu33dHOiBE8ByOhJIrdAu2', '0', '0', '127.0.0.1', '2021-11-11 20:14:34', 'admin', '2021-11-11 20:14:34', '', NULL, '测试员');

-- ----------------------------
-- Table structure for sys_user_post
-- ----------------------------
DROP TABLE IF EXISTS `sys_user_post`;
CREATE TABLE `sys_user_post`  (
  `user_id` bigint NOT NULL COMMENT '用户ID',
  `post_id` bigint NOT NULL COMMENT '岗位ID',
  PRIMARY KEY (`user_id`, `post_id`) USING BTREE
) ENGINE = InnoDB CHARACTER SET = utf8 COLLATE = utf8_general_ci COMMENT = '用户与岗位关联表' ROW_FORMAT = Dynamic;

-- ----------------------------
-- Records of sys_user_post
-- ----------------------------
INSERT INTO `sys_user_post` VALUES (1, 1);
INSERT INTO `sys_user_post` VALUES (2, 2);

-- ----------------------------
-- Table structure for sys_user_role
-- ----------------------------
DROP TABLE IF EXISTS `sys_user_role`;
CREATE TABLE `sys_user_role`  (
  `user_id` bigint NOT NULL COMMENT '用户ID',
  `role_id` bigint NOT NULL COMMENT '角色ID',
  PRIMARY KEY (`user_id`, `role_id`) USING BTREE
) ENGINE = InnoDB CHARACTER SET = utf8 COLLATE = utf8_general_ci COMMENT = '用户和角色关联表' ROW_FORMAT = Dynamic;

-- ----------------------------
-- Records of sys_user_role
-- ----------------------------
INSERT INTO `sys_user_role` VALUES (1, 1);
INSERT INTO `sys_user_role` VALUES (2, 2);

-- ----------------------------
-- Table structure for wz_ck
-- ----------------------------
DROP TABLE IF EXISTS `wz_ck`;
CREATE TABLE `wz_ck`  (
  `id` int NOT NULL AUTO_INCREMENT,
  `ck_name` varchar(50) CHARACTER SET utf8 COLLATE utf8_general_ci NULL DEFAULT NULL,
  `ck_dz` varchar(255) CHARACTER SET utf8 COLLATE utf8_general_ci NULL DEFAULT NULL,
  `ck_lx` varchar(20) CHARACTER SET utf8 COLLATE utf8_general_ci NULL DEFAULT NULL,
  `ck_dh` varchar(40) CHARACTER SET utf8 COLLATE utf8_general_ci NULL DEFAULT NULL,
  `ck_bz` varchar(255) CHARACTER SET utf8 COLLATE utf8_general_ci NULL DEFAULT NULL,
  PRIMARY KEY (`id`) USING BTREE
) ENGINE = InnoDB AUTO_INCREMENT = 3 CHARACTER SET = utf8 COLLATE = utf8_general_ci ROW_FORMAT = Dynamic;

-- ----------------------------
-- Records of wz_ck
-- ----------------------------
INSERT INTO `wz_ck` VALUES (1, '仓库一', '湖南省长沙市岳麓区', '小王', '138888888888', '仓库一');
INSERT INTO `wz_ck` VALUES (2, '仓库二', '深圳', '小明', '18888888888', '仓库二');

-- ----------------------------
-- Table structure for wz_cl
-- ----------------------------
DROP TABLE IF EXISTS `wz_cl`;
CREATE TABLE `wz_cl`  (
  `id` int NOT NULL AUTO_INCREMENT,
  `cl_cph` varchar(50) CHARACTER SET utf8 COLLATE utf8_general_ci NULL DEFAULT NULL,
  `cl_type` varchar(20) CHARACTER SET utf8 COLLATE utf8_general_ci NULL DEFAULT NULL,
  `cl_pp` varchar(20) CHARACTER SET utf8 COLLATE utf8_general_ci NULL DEFAULT NULL,
  `cl_lx` varchar(20) CHARACTER SET utf8 COLLATE utf8_general_ci NULL DEFAULT NULL,
  `cl_lxfs` varchar(50) CHARACTER SET utf8 COLLATE utf8_general_ci NULL DEFAULT NULL,
  `cl_bz` varchar(255) CHARACTER SET utf8 COLLATE utf8_general_ci NULL DEFAULT NULL,
  PRIMARY KEY (`id`) USING BTREE
) ENGINE = InnoDB AUTO_INCREMENT = 1 CHARACTER SET = utf8 COLLATE = utf8_general_ci ROW_FORMAT = Dynamic;

-- ----------------------------
-- Records of wz_cl
-- ----------------------------
INSERT INTO `wz_cl` VALUES (1, 'afsd', 'asf', 'af', 'af', 'af', 'afas');

-- ----------------------------
-- Table structure for wz_ff
-- ----------------------------
DROP TABLE IF EXISTS `wz_ff`;
CREATE TABLE `wz_ff`  (
  `id` int NOT NULL AUTO_INCREMENT,
  `ff_dh` varchar(50) CHARACTER SET utf8 COLLATE utf8_general_ci NULL DEFAULT NULL,
  `ff_type` varchar(20) CHARACTER SET utf8 COLLATE utf8_general_ci NULL DEFAULT NULL,
  `ff_cd` varchar(50) CHARACTER SET utf8 COLLATE utf8_general_ci NULL DEFAULT NULL,
  `ff_sh` int NULL DEFAULT NULL,
  `ff_num` int NULL DEFAULT NULL,
  `ff_ck` int NULL DEFAULT NULL,
  `ff_lx` varchar(50) CHARACTER SET utf8 COLLATE utf8_general_ci NULL DEFAULT NULL,
  `ff_zt` varchar(20) CHARACTER SET utf8 COLLATE utf8_general_ci NULL DEFAULT NULL,
  `ff_czy` varbinary(50) NULL DEFAULT NULL,
  `ff_time` date NULL DEFAULT NULL,
  `ff_bz` varchar(255) CHARACTER SET utf8 COLLATE utf8_general_ci NULL DEFAULT NULL,
  PRIMARY KEY (`id`) USING BTREE,
  INDEX `FK_Reference_4`(`ff_sh`) USING BTREE,
  INDEX `ff_ck`(`ff_ck`) USING BTREE,
  CONSTRAINT `ff_ck` FOREIGN KEY (`ff_ck`) REFERENCES `wz_ck` (`id`) ON DELETE RESTRICT ON UPDATE RESTRICT,
  CONSTRAINT `FK_Reference_4` FOREIGN KEY (`ff_sh`) REFERENCES `wz_qc` (`id`) ON DELETE RESTRICT ON UPDATE RESTRICT
) ENGINE = InnoDB AUTO_INCREMENT = 3 CHARACTER SET = utf8 COLLATE = utf8_general_ci ROW_FORMAT = Dynamic;

-- ----------------------------
-- Records of wz_ff
-- ----------------------------
INSERT INTO `wz_ff` VALUES (1, 'a0f2f4f917274f97b932187a057c2001', '1', '1', 1, 1, 1, '1', '3', 0x31, '2021-12-31', '11');
INSERT INTO `wz_ff` VALUES (2, 'b111271e7394477e9340c511458b9275', '2', '1', 1, 1, 1, '1', '2', 0x31, '2021-12-18', '11');
INSERT INTO `wz_ff` VALUES (3, '7a40141e54954c01ab80e521fde0bc22', '1', '1', 1, 1, 1, '1', '2', 0x31, '2021-12-24', '1');

-- ----------------------------
-- Table structure for wz_kc
-- ----------------------------
DROP TABLE IF EXISTS `wz_kc`;
CREATE TABLE `wz_kc`  (
  `id` int NOT NULL AUTO_INCREMENT,
  `ck_ckid` int NULL DEFAULT NULL,
  `kc_wzid` int NULL DEFAULT NULL,
  `num` int NULL DEFAULT NULL,
  PRIMARY KEY (`id`) USING BTREE,
  INDEX `FK_Reference_1`(`ck_ckid`) USING BTREE,
  INDEX `FK_Reference_2`(`kc_wzid`) USING BTREE,
  CONSTRAINT `FK_Reference_1` FOREIGN KEY (`ck_ckid`) REFERENCES `wz_ck` (`id`) ON DELETE RESTRICT ON UPDATE RESTRICT,
  CONSTRAINT `FK_Reference_2` FOREIGN KEY (`kc_wzid`) REFERENCES `wz_wz` (`id`) ON DELETE RESTRICT ON UPDATE RESTRICT
) ENGINE = InnoDB AUTO_INCREMENT = 9 CHARACTER SET = utf8 COLLATE = utf8_general_ci ROW_FORMAT = Dynamic;

-- ----------------------------
-- Records of wz_kc
-- ----------------------------
INSERT INTO `wz_kc` VALUES (1, 1, 1, 23);
INSERT INTO `wz_kc` VALUES (3, 1, 2, 24);
INSERT INTO `wz_kc` VALUES (7, 2, 1, 20);
INSERT INTO `wz_kc` VALUES (8, 2, 2, 30);

-- ----------------------------
-- Table structure for wz_ly
-- ----------------------------
DROP TABLE IF EXISTS `wz_ly`;
CREATE TABLE `wz_ly`  (
  `id` int NOT NULL AUTO_INCREMENT,
  `ly_sf` varchar(20) CHARACTER SET utf8 COLLATE utf8_general_ci NULL DEFAULT NULL,
  `ly_s` varchar(20) CHARACTER SET utf8 COLLATE utf8_general_ci NULL DEFAULT NULL,
  `ly_qx` varchar(20) CHARACTER SET utf8 COLLATE utf8_general_ci NULL DEFAULT NULL,
  `ly_xx` varchar(50) CHARACTER SET utf8 COLLATE utf8_general_ci NULL DEFAULT NULL,
  `ly_time` date NULL DEFAULT NULL,
  `ly_yx` varchar(50) CHARACTER SET utf8 COLLATE utf8_general_ci NULL DEFAULT NULL,
  `ly_lx` varchar(30) CHARACTER SET utf8 COLLATE utf8_general_ci NULL DEFAULT NULL,
  `ly_dh` varchar(50) CHARACTER SET utf8 COLLATE utf8_general_ci NULL DEFAULT NULL,
  PRIMARY KEY (`id`) USING BTREE
) ENGINE = InnoDB AUTO_INCREMENT = 2 CHARACTER SET = utf8 COLLATE = utf8_general_ci ROW_FORMAT = Dynamic;

-- ----------------------------
-- Records of wz_ly
-- ----------------------------
INSERT INTO `wz_ly` VALUES (1, 'afds', 'asdf', 'af', 'af', '2021-11-01', 'af', 'asfs', 'asfa');
INSERT INTO `wz_ly` VALUES (2, '湖南省', '长沙市', '长沙县', '翻斗大街翻斗花园二号楼', '2021-11-01', '1643068888@qq.com', '学生', '13777777777');

-- ----------------------------
-- Table structure for wz_mx
-- ----------------------------
DROP TABLE IF EXISTS `wz_mx`;
CREATE TABLE `wz_mx`  (
  `id` int NOT NULL AUTO_INCREMENT,
  `mx_dh` varchar(50) CHARACTER SET utf8 COLLATE utf8_general_ci NULL DEFAULT NULL,
  `mx_mc` varchar(50) CHARACTER SET utf8 COLLATE utf8_general_ci NULL DEFAULT NULL,
  `mx_spid` int NULL DEFAULT NULL,
  `mx_gg` varchar(20) CHARACTER SET utf8 COLLATE utf8_general_ci NULL DEFAULT NULL,
  `mx_tp` varchar(255) CHARACTER SET utf8 COLLATE utf8_general_ci NULL DEFAULT NULL,
  `mx_num` int NULL DEFAULT NULL,
  `mx_dw` varchar(20) CHARACTER SET utf8 COLLATE utf8_general_ci NULL DEFAULT NULL,
  `mx_type` int NULL DEFAULT NULL,
  PRIMARY KEY (`id`) USING BTREE,
  INDEX `FK_Reference_8`(`mx_spid`) USING BTREE,
  CONSTRAINT `FK_Reference_8` FOREIGN KEY (`mx_spid`) REFERENCES `wz_wz` (`id`) ON DELETE RESTRICT ON UPDATE RESTRICT
) ENGINE = InnoDB AUTO_INCREMENT = 29 CHARACTER SET = utf8 COLLATE = utf8_general_ci ROW_FORMAT = Dynamic;

-- ----------------------------
-- Records of wz_mx
-- ----------------------------
INSERT INTO `wz_mx` VALUES (1, 'b25a13963b3a4d2bb2290b95afd7f937', 'aa', 1, 'aa', '/profile/upload/2021/11/14/5d5350fd-c36e-4f38-a8e7-59421c181bda.png', 4, '1', 1);
INSERT INTO `wz_mx` VALUES (2, 'b25a13963b3a4d2bb2290b95afd7f937', 'aa', 2, 'aa', '/profile/upload/2021/11/14/f6de5a34-6edb-4c74-ba37-43e52827882b.jpg', 2, '1', 1);
INSERT INTO `wz_mx` VALUES (3, 'a0f2f4f917274f97b932187a057c2001', 'aa', 1, 'aa', '/profile/upload/2021/11/14/5d5350fd-c36e-4f38-a8e7-59421c181bda.png', 3, '1', 3);
INSERT INTO `wz_mx` VALUES (4, 'a0f2f4f917274f97b932187a057c2001', 'aa', 2, 'aa', '/profile/upload/2021/11/14/f6de5a34-6edb-4c74-ba37-43e52827882b.jpg', 3, '1', 3);
INSERT INTO `wz_mx` VALUES (5, '9cfb7a20c5fe4b7981068c3dc03ee84c', 'aa', 1, 'aa', '/profile/upload/2021/11/14/5d5350fd-c36e-4f38-a8e7-59421c181bda.png', 3, '1', 2);
INSERT INTO `wz_mx` VALUES (6, '9cfb7a20c5fe4b7981068c3dc03ee84c', 'aa', 2, 'aa', '/profile/upload/2021/11/14/f6de5a34-6edb-4c74-ba37-43e52827882b.jpg', 3, '1', 2);
INSERT INTO `wz_mx` VALUES (7, '30c70330bf16407da58fa477343320bb', 'aa', 1, 'aa', '/profile/upload/2021/11/14/5d5350fd-c36e-4f38-a8e7-59421c181bda.png', 3, '1', 1);
INSERT INTO `wz_mx` VALUES (8, '30c70330bf16407da58fa477343320bb', 'aa', 2, 'aa', '/profile/upload/2021/11/14/f6de5a34-6edb-4c74-ba37-43e52827882b.jpg', 2, '1', 1);
INSERT INTO `wz_mx` VALUES (9, '94500cc5b51a421c83527f7fbf1054d0', 'aa', 1, 'aa', '/profile/upload/2021/11/14/5d5350fd-c36e-4f38-a8e7-59421c181bda.png', 4, '1', 2);
INSERT INTO `wz_mx` VALUES (10, '94500cc5b51a421c83527f7fbf1054d0', 'aa', 2, 'aa', '/profile/upload/2021/11/14/f6de5a34-6edb-4c74-ba37-43e52827882b.jpg', 2, '1', 2);
INSERT INTO `wz_mx` VALUES (11, 'b111271e7394477e9340c511458b9275', 'aa', 1, 'aa', '/profile/upload/2021/11/14/5d5350fd-c36e-4f38-a8e7-59421c181bda.png', 3, '1', 3);
INSERT INTO `wz_mx` VALUES (12, 'b111271e7394477e9340c511458b9275', 'aa', 2, 'aa', '/profile/upload/2021/11/14/f6de5a34-6edb-4c74-ba37-43e52827882b.jpg', 2, '1', 3);
INSERT INTO `wz_mx` VALUES (13, 'dfb5adeac5774abd8ea1c25add61e320', 'aa', 2, 'aa', '/profile/upload/2021/11/14/f6de5a34-6edb-4c74-ba37-43e52827882b.jpg', 3, '1', 1);
INSERT INTO `wz_mx` VALUES (14, 'dfb5adeac5774abd8ea1c25add61e320', 'aa', 1, 'aa', '/profile/upload/2021/11/14/5d5350fd-c36e-4f38-a8e7-59421c181bda.png', 5, '1', 1);
INSERT INTO `wz_mx` VALUES (15, '6d8c667552364fbbaba8dd1fd8558722', 'aa', 1, 'aa', '/profile/upload/2021/11/14/5d5350fd-c36e-4f38-a8e7-59421c181bda.png', 3, '1', 2);
INSERT INTO `wz_mx` VALUES (16, '6d8c667552364fbbaba8dd1fd8558722', 'aa', 2, 'aa', '/profile/upload/2021/11/14/f6de5a34-6edb-4c74-ba37-43e52827882b.jpg', 3, '1', 2);
INSERT INTO `wz_mx` VALUES (17, '7a40141e54954c01ab80e521fde0bc22', 'aa', 1, 'aa', '/profile/upload/2021/11/14/5d5350fd-c36e-4f38-a8e7-59421c181bda.png', 3, '1', 3);
INSERT INTO `wz_mx` VALUES (18, '7a40141e54954c01ab80e521fde0bc22', 'aa', 2, 'aa', '/profile/upload/2021/11/14/f6de5a34-6edb-4c74-ba37-43e52827882b.jpg', 3, '1', 3);
INSERT INTO `wz_mx` VALUES (19, 'd21629811c764912b2de72e885f4be6b', 'aa', 1, 'aa', '/profile/upload/2021/11/14/5d5350fd-c36e-4f38-a8e7-59421c181bda.png', 4, '1', 1);
INSERT INTO `wz_mx` VALUES (20, 'd21629811c764912b2de72e885f4be6b', 'aa', 2, 'aa', '/profile/upload/2021/11/14/f6de5a34-6edb-4c74-ba37-43e52827882b.jpg', 4, '1', 1);
INSERT INTO `wz_mx` VALUES (21, '19154f5377614d518e1b1f672c3a9bd1', 'aa', 1, 'aa', '/profile/upload/2021/11/14/5d5350fd-c36e-4f38-a8e7-59421c181bda.png', 2, '1', 1);
INSERT INTO `wz_mx` VALUES (22, '84a7379a1ddd499bb555c58ffded4ef9', 'aa', 1, 'aa', '/profile/upload/2021/11/14/5d5350fd-c36e-4f38-a8e7-59421c181bda.png', 3, '1', 1);
INSERT INTO `wz_mx` VALUES (23, '84a7379a1ddd499bb555c58ffded4ef9', 'aa', 2, 'aa', '/profile/upload/2021/11/14/f6de5a34-6edb-4c74-ba37-43e52827882b.jpg', 4, '1', 1);
INSERT INTO `wz_mx` VALUES (24, '58a6b99973a941528118a191be98a4cb', 'aa', 1, 'aa', '/profile/upload/2021/11/14/5d5350fd-c36e-4f38-a8e7-59421c181bda.png', 3, '1', 1);
INSERT INTO `wz_mx` VALUES (25, '58a6b99973a941528118a191be98a4cb', 'aa', 2, 'aa', '/profile/upload/2021/11/14/f6de5a34-6edb-4c74-ba37-43e52827882b.jpg', 3, '1', 1);
INSERT INTO `wz_mx` VALUES (26, '7300d21ad3fd4547bf9fbe6d0e299eab', 'aa', 1, 'aa', '/profile/upload/2021/11/14/5d5350fd-c36e-4f38-a8e7-59421c181bda.png', 3, '1', 2);
INSERT INTO `wz_mx` VALUES (27, '7300d21ad3fd4547bf9fbe6d0e299eab', 'aa', 2, 'aa', '/profile/upload/2021/11/14/f6de5a34-6edb-4c74-ba37-43e52827882b.jpg', 3, '1', 2);
INSERT INTO `wz_mx` VALUES (28, '6bbec507aef84d31b9f8fc4c4e65cdec', 'aa', 1, 'aa', '/profile/upload/2021/11/14/5d5350fd-c36e-4f38-a8e7-59421c181bda.png', 3, '1', 2);
INSERT INTO `wz_mx` VALUES (29, '6bbec507aef84d31b9f8fc4c4e65cdec', 'aa', 2, 'aa', '/profile/upload/2021/11/14/f6de5a34-6edb-4c74-ba37-43e52827882b.jpg', 3, '1', 2);

-- ----------------------------
-- Table structure for wz_qc
-- ----------------------------
DROP TABLE IF EXISTS `wz_qc`;
CREATE TABLE `wz_qc`  (
  `id` int NOT NULL AUTO_INCREMENT,
  `qc_sf` varchar(20) CHARACTER SET utf8 COLLATE utf8_general_ci NULL DEFAULT NULL,
  `qc_s` varchar(20) CHARACTER SET utf8 COLLATE utf8_general_ci NULL DEFAULT NULL,
  `qc_qx` varchar(20) CHARACTER SET utf8 COLLATE utf8_general_ci NULL DEFAULT NULL,
  `qc_dz` varchar(50) CHARACTER SET utf8 COLLATE utf8_general_ci NULL DEFAULT NULL,
  `qc_time` date NULL DEFAULT NULL,
  `qc_lx` varchar(30) CHARACTER SET utf8 COLLATE utf8_general_ci NULL DEFAULT NULL,
  `qc_dh` varchar(20) CHARACTER SET utf8 COLLATE utf8_general_ci NULL DEFAULT NULL,
  PRIMARY KEY (`id`) USING BTREE
) ENGINE = InnoDB AUTO_INCREMENT = 1 CHARACTER SET = utf8 COLLATE = utf8_general_ci ROW_FORMAT = Dynamic;

-- ----------------------------
-- Records of wz_qc
-- ----------------------------
INSERT INTO `wz_qc` VALUES (1, 'a', 'a', 'a', 'a', '2021-11-01', 'a', 'a');

-- ----------------------------
-- Table structure for wz_rk
-- ----------------------------
DROP TABLE IF EXISTS `wz_rk`;
CREATE TABLE `wz_rk`  (
  `id` int NOT NULL AUTO_INCREMENT,
  `rk_dh` varchar(50) CHARACTER SET utf8 COLLATE utf8_general_ci NULL DEFAULT NULL,
  `rk_type` int NULL DEFAULT NULL,
  `rk_sl` int NULL DEFAULT NULL,
  `rk_fs` varchar(50) CHARACTER SET utf8 COLLATE utf8_general_ci NULL DEFAULT NULL,
  `rk_ck` int NULL DEFAULT NULL,
  `rk_zt` int NULL DEFAULT NULL,
  `rk_czry` varchar(50) CHARACTER SET utf8 COLLATE utf8_general_ci NULL DEFAULT NULL,
  `rk_tg` int NULL DEFAULT NULL,
  `rk_time` date NULL DEFAULT NULL,
  `rk_bz` varchar(255) CHARACTER SET utf8 COLLATE utf8_general_ci NULL DEFAULT NULL,
  PRIMARY KEY (`id`) USING BTREE,
  INDEX `FK_Reference_3`(`rk_tg`) USING BTREE,
  INDEX `rk-ck`(`rk_ck`) USING BTREE,
  CONSTRAINT `FK_Reference_3` FOREIGN KEY (`rk_tg`) REFERENCES `wz_ly` (`id`) ON DELETE RESTRICT ON UPDATE RESTRICT,
  CONSTRAINT `rk-ck` FOREIGN KEY (`rk_ck`) REFERENCES `wz_ck` (`id`) ON DELETE RESTRICT ON UPDATE RESTRICT
) ENGINE = InnoDB AUTO_INCREMENT = 7 CHARACTER SET = utf8 COLLATE = utf8_general_ci ROW_FORMAT = Dynamic;

-- ----------------------------
-- Records of wz_rk
-- ----------------------------
INSERT INTO `wz_rk` VALUES (1, 'b25a13963b3a4d2bb2290b95afd7f937', 1, 2, '1', 1, 3, '1', 1, '2021-12-03', '11');
INSERT INTO `wz_rk` VALUES (2, '30c70330bf16407da58fa477343320bb', 3, 2, '1', 1, 3, '1', 1, '2021-12-04', '11');
INSERT INTO `wz_rk` VALUES (3, 'dfb5adeac5774abd8ea1c25add61e320', 1, 2, '1', 1, 1, '1', 1, '2021-12-10', '11');
INSERT INTO `wz_rk` VALUES (4, 'd21629811c764912b2de72e885f4be6b', 1, 2, '1', 1, 2, '1', 1, '2021-12-04', '11');
INSERT INTO `wz_rk` VALUES (5, '19154f5377614d518e1b1f672c3a9bd1', 1, 1, '1', 1, 2, '1', 1, '2021-12-17', '1');
INSERT INTO `wz_rk` VALUES (6, '84a7379a1ddd499bb555c58ffded4ef9', 1, 2, '1', 1, 2, '1', 1, '2021-12-09', '222');
INSERT INTO `wz_rk` VALUES (7, '58a6b99973a941528118a191be98a4cb', 1, 2, '1', 1, 2, '1', 1, '2021-12-04', '234');

-- ----------------------------
-- Table structure for wz_rz
-- ----------------------------
DROP TABLE IF EXISTS `wz_rz`;
CREATE TABLE `wz_rz`  (
  `id` int NOT NULL AUTO_INCREMENT,
  `rz_type` varchar(20) CHARACTER SET utf8 COLLATE utf8_general_ci NULL DEFAULT NULL,
  `rz_ry` varchar(30) CHARACTER SET utf8 COLLATE utf8_general_ci NULL DEFAULT NULL,
  `rz_dz` varchar(50) CHARACTER SET utf8 COLLATE utf8_general_ci NULL DEFAULT NULL,
  `rz_dd` varchar(50) CHARACTER SET utf8 COLLATE utf8_general_ci NULL DEFAULT NULL,
  `rz_zt` varchar(20) CHARACTER SET utf8 COLLATE utf8_general_ci NULL DEFAULT NULL,
  `rz_rq` date NULL DEFAULT NULL,
  `rz_ms` varchar(255) CHARACTER SET utf8 COLLATE utf8_general_ci NULL DEFAULT NULL,
  PRIMARY KEY (`id`) USING BTREE
) ENGINE = InnoDB AUTO_INCREMENT = 1 CHARACTER SET = utf8 COLLATE = utf8_general_ci ROW_FORMAT = Dynamic;

-- ----------------------------
-- Records of wz_rz
-- ----------------------------

-- ----------------------------
-- Table structure for wz_wz
-- ----------------------------
DROP TABLE IF EXISTS `wz_wz`;
CREATE TABLE `wz_wz`  (
  `id` int NOT NULL AUTO_INCREMENT,
  `wz_tp` varchar(255) CHARACTER SET utf8 COLLATE utf8_general_ci NULL DEFAULT NULL,
  `wz_name` varchar(50) CHARACTER SET utf8 COLLATE utf8_general_ci NULL DEFAULT NULL,
  `wz_gg` varchar(20) CHARACTER SET utf8 COLLATE utf8_general_ci NULL DEFAULT NULL,
  `wz_dw` varchar(20) CHARACTER SET utf8 COLLATE utf8_general_ci NULL DEFAULT NULL,
  `wz_zt` int NULL DEFAULT NULL,
  `wz_time` date NULL DEFAULT NULL,
  `wz_bz` varchar(255) CHARACTER SET utf8 COLLATE utf8_general_ci NULL DEFAULT NULL,
  PRIMARY KEY (`id`) USING BTREE
) ENGINE = InnoDB AUTO_INCREMENT = 9 CHARACTER SET = utf8 COLLATE = utf8_general_ci ROW_FORMAT = Dynamic;

-- ----------------------------
-- Records of wz_wz
-- ----------------------------
INSERT INTO `wz_wz` VALUES (1, '/profile/upload/2021/11/14/5d5350fd-c36e-4f38-a8e7-59421c181bda.png', '口罩', 'aa', '1', 2, '2021-11-22', 'aa');
INSERT INTO `wz_wz` VALUES (2, '/profile/upload/2021/11/14/f6de5a34-6edb-4c74-ba37-43e52827882b.jpg', '食物', 'aa', '1', 2, '2021-12-06', 'aa');

-- ----------------------------
-- Table structure for wz_ys
-- ----------------------------
DROP TABLE IF EXISTS `wz_ys`;
CREATE TABLE `wz_ys`  (
  `id` int NOT NULL AUTO_INCREMENT,
  `ys_dh` varchar(60) CHARACTER SET utf8 COLLATE utf8_general_ci NULL DEFAULT NULL,
  `ys_lx` varchar(255) CHARACTER SET utf8 COLLATE utf8_general_ci NULL DEFAULT NULL,
  `ys_wz` varchar(255) CHARACTER SET utf8 COLLATE utf8_general_ci NULL DEFAULT NULL,
  `ys_fzr` varchar(20) CHARACTER SET utf8 COLLATE utf8_general_ci NULL DEFAULT NULL,
  `ys_lxfs` varchar(50) CHARACTER SET utf8 COLLATE utf8_general_ci NULL DEFAULT NULL,
  `ys_cl` int NULL DEFAULT NULL,
  `ys_ch` int NULL DEFAULT NULL,
  `ys_rh` int NULL DEFAULT NULL,
  `ys_qtime` date NULL DEFAULT NULL,
  `ys_dtime` date NULL DEFAULT NULL,
  `ys_zt` varchar(20) CHARACTER SET utf8 COLLATE utf8_general_ci NULL DEFAULT NULL,
  `ys_bz` varchar(255) CHARACTER SET utf8 COLLATE utf8_general_ci NULL DEFAULT NULL,
  PRIMARY KEY (`id`) USING BTREE,
  INDEX `FK_Reference_5`(`ys_cl`) USING BTREE,
  INDEX `FK_Reference_6`(`ys_rh`) USING BTREE,
  INDEX `FK_Reference_7`(`ys_ch`) USING BTREE,
  CONSTRAINT `FK_Reference_5` FOREIGN KEY (`ys_cl`) REFERENCES `wz_cl` (`id`) ON DELETE RESTRICT ON UPDATE RESTRICT,
  CONSTRAINT `FK_Reference_6` FOREIGN KEY (`ys_rh`) REFERENCES `wz_ck` (`id`) ON DELETE RESTRICT ON UPDATE RESTRICT,
  CONSTRAINT `FK_Reference_7` FOREIGN KEY (`ys_ch`) REFERENCES `wz_ck` (`id`) ON DELETE RESTRICT ON UPDATE RESTRICT
) ENGINE = InnoDB AUTO_INCREMENT = 5 CHARACTER SET = utf8 COLLATE = utf8_general_ci ROW_FORMAT = Dynamic;

-- ----------------------------
-- Records of wz_ys
-- ----------------------------
INSERT INTO `wz_ys` VALUES (1, '9cfb7a20c5fe4b7981068c3dc03ee84c', '1', '777', '1', '1', 1, 1, 1, '2021-12-24', '2021-12-22', '3', '11');
INSERT INTO `wz_ys` VALUES (2, '94500cc5b51a421c83527f7fbf1054d0', '1', '1', '1', '1', 1, 1, 1, '2022-01-11', '2021-12-11', '4', '11');
INSERT INTO `wz_ys` VALUES (3, '6d8c667552364fbbaba8dd1fd8558722', '1', '1', '1', '1', 1, 1, 1, '2021-12-24', '2021-12-10', '4', '11');
INSERT INTO `wz_ys` VALUES (4, '7300d21ad3fd4547bf9fbe6d0e299eab', '1', '1', '1', '1', 1, 1, 1, '2021-12-15', '2021-12-25', '3', '11');
INSERT INTO `wz_ys` VALUES (5, '6bbec507aef84d31b9f8fc4c4e65cdec', '1', '位置', '1', '1', 1, 1, 1, '2021-12-24', '2021-12-15', '4', '11');

SET FOREIGN_KEY_CHECKS = 1;
